patient,session,decision_time_s,correct,trials,accuracy,source_sha256
P1,pre,2.0,8,20,0.4,3772a68d367e9eb4ed5d281609523bef80f5c65b5793391a88e77cac2eea7dcc
P1,pre,3.5,17,20,0.85,3772a68d367e9eb4ed5d281609523bef80f5c65b5793391a88e77cac2eea7dcc
P1,pre,4.25,17,20,0.85,3772a68d367e9eb4ed5d281609523bef80f5c65b5793391a88e77cac2eea7dcc
P1,pre,6.5,12,20,0.6,3772a68d367e9eb4ed5d281609523bef80f5c65b5793391a88e77cac2eea7dcc
P1,post,2.0,9,20,0.45,3772a68d367e9eb4ed5d281609523bef80f5c65b5793391a88e77cac2eea7dcc
P1,post,3.5,20,20,1.0,3772a68d367e9eb4ed5d281609523bef80f5c65b5793391a88e77cac2eea7dcc
P1,post,4.25,20,20,1.0,3772a68d367e9eb4ed5d281609523bef80f5c65b5793391a88e77cac2eea7dcc
P1,post,6.5,20,20,1.0,3772a68d367e9eb4ed5d281609523bef80f5c65b5793391a88e77cac2eea7dcc
P2,pre,2.0,9,20,0.45,3772a68d367e9eb4ed5d281609523bef80f5c65b5793391a88e77cac2eea7dcc
P2,pre,3.5,13,20,0.65,3772a68d367e9eb4ed5d281609523bef80f5c65b5793391a88e77cac2eea7dcc
P2,pre,4.25,13,20,0.65,3772a68d367e9eb4ed5d281609523bef80f5c65b5793391a88e77cac2eea7dcc
P2,pre,6.5,15,20,0.75,3772a68d367e9eb4ed5d281609523bef80f5c65b5793391a88e77cac2eea7dcc
P2,post,2.0,10,20,0.5,3772a68d367e9eb4ed5d281609523bef80f5c65b5793391a88e77cac2eea7dcc
P2,post,3.5,12,20,0.6,3772a68d367e9eb4ed5d281609523bef80f5c65b5793391a88e77cac2eea7dcc
P2,post,4.25,17,20,0.85,3772a68d367e9eb4ed5d281609523bef80f5c65b5793391a88e77cac2eea7dcc
P2,post,6.5,20,20,1.0,3772a68d367e9eb4ed5d281609523bef80f5c65b5793391a88e77cac2eea7dcc
P3,pre,2.0,8,20,0.4,3772a68d367e9eb4ed5d281609523bef80f5c65b5793391a88e77cac2eea7dcc
P3,pre,3.5,9,20,0.45,3772a68d367e9eb4ed5d281609523bef80f5c65b5793391a88e77cac2eea7dcc
P3,pre,4.25,16,20,0.8,3772a68d367e9eb4ed5d281609523bef80f5c65b5793391a88e77cac2eea7dcc
P3,pre,6.5,17,20,0.85,3772a68d367e9eb4ed5d281609523bef80f5c65b5793391a88e77cac2eea7dcc
P3,post,2.0,11,20,0.55,3772a68d367e9eb4ed5d281609523bef80f5c65b5793391a88e77cac2eea7dcc
P3,post,3.5,11,20,0.55,3772a68d367e9eb4ed5d281609523bef80f5c65b5793391a88e77cac2eea7dcc
P3,post,4.25,16,20,0.8,3772a68d367e9eb4ed5d281609523bef80f5c65b5793391a88e77cac2eea7dcc
P3,post,6.5,15,20,0.75,3772a68d367e9eb4ed5d281609523bef80f5c65b5793391a88e77cac2eea7dcc
pooled,six runs / three people,2.0,55,120,0.4583333333333333,3772a68d367e9eb4ed5d281609523bef80f5c65b5793391a88e77cac2eea7dcc
pooled,six runs / three people,3.5,82,120,0.6833333333333333,3772a68d367e9eb4ed5d281609523bef80f5c65b5793391a88e77cac2eea7dcc
pooled,six runs / three people,4.25,99,120,0.825,3772a68d367e9eb4ed5d281609523bef80f5c65b5793391a88e77cac2eea7dcc
pooled,six runs / three people,6.5,99,120,0.825,3772a68d367e9eb4ed5d281609523bef80f5c65b5793391a88e77cac2eea7dcc
