patient,stage,run,trial,onset_sample_0based,label,hand,channel,column_1based,baseline_mu_power_original_units_squared,early_mu_power_original_units_squared,full_task_mu_power_original_units_squared,early_change_db,full_task_change_db
P1,pre,training,1,65838,-1,right,C3,5,0.4789850640202738,3.393226530456606,2.5259471986458157,8.502908827275563,7.221022967895349
P1,pre,training,1,65838,-1,right,C4,9,2.626649550770376,10.55451625477733,5.24503182378624,6.040362002684104,3.00345994773389
P1,pre,training,2,68312,-1,right,C3,5,3.056986421195469,1.4521203228472395,3.2893062012290133,-3.2329090609818802,0.3181079415912227
P1,pre,training,2,68312,-1,right,C4,9,7.642052611978483,6.8758502460299535,8.406437622874144,-0.45883613964653486,0.4140197150994715
P1,pre,training,3,70768,-1,right,C3,5,3.885450101727571,5.858009564935584,3.317965329840759,1.7830874048605065,-0.6856949230226088
P1,pre,training,3,70768,-1,right,C4,9,10.041507116308468,5.747198347780406,8.427817417369633,-2.4234271457713024,-0.7608378201726334
P1,pre,training,4,73224,-1,right,C3,5,10.439651795187782,3.6351767904412693,3.4945489778289236,-4.581604765636013,-4.752948817179059
P1,pre,training,4,73224,-1,right,C4,9,10.957723893523237,8.472847232404304,8.667119988161787,-1.116909770946639,-1.0184554412593063
P1,pre,training,5,75688,-1,right,C3,5,5.910207447273505,1.804071840144772,5.199552660329388,-5.153488971720562,-0.5563674377383411
P1,pre,training,5,75688,-1,right,C4,9,7.505106915073006,5.290780009065574,7.205903355717456,-1.5183717950930384,-0.17668450281496076
P1,pre,training,6,78019,1,left,C3,5,8.709839129000954,17.504954478209278,7.688477703730291,3.0315085206665433,-0.5416977438296882
P1,pre,training,6,78019,1,left,C4,9,13.375191770061026,15.708331577444616,8.883086817725328,0.6983004240790063,-1.7773611088865091
P1,pre,training,7,80608,-1,right,C3,5,6.235278825488265,6.910547930286631,9.35144163400958,0.44656604734270056,1.7602268883230687
P1,pre,training,7,80608,-1,right,C4,9,10.485487966088721,8.764318524653874,9.568728738859987,-0.7787049326575533,-0.3973440308835707
P1,pre,training,8,83032,1,left,C3,5,5.467602210603849,87.53948630058264,28.912249874459107,12.044070833297999,7.232849782013538
P1,pre,training,8,83032,1,left,C4,9,5.943183536748777,107.51185937521952,30.069529871969102,12.574372305758228,7.0410749579000385
P1,pre,training,9,85534,-1,right,C3,5,8.821052112046964,3.126686916773706,4.223488179352978,-4.504359913695798,-3.1984910474057786
P1,pre,training,9,85534,-1,right,C4,9,3.657042185618235,8.267862589238424,9.927381846851814,3.5426327995134517,4.3370475675718865
P1,pre,training,10,88008,1,left,C3,5,7.3040664896282985,9.060114980799064,4.438091708086205,0.9356899132017832,-2.1636844578200938
P1,pre,training,10,88008,1,left,C4,9,5.154698889062356,23.178122767890606,9.152554939107809,6.52874957752733,2.4933904334102723
P1,pre,training,11,90464,-1,right,C3,5,1.7618733778036357,10.886639152262537,6.314415251313378,7.909191347147702,5.543584454061593
P1,pre,training,11,90464,-1,right,C4,9,13.752392841183928,15.388075997136191,10.055853004995367,0.4880605288452663,-1.3595935333659677
P1,pre,training,12,92912,-1,right,C3,5,17.56935641651433,2.7653729531644613,5.796023891871176,-8.030021422406293,-4.816256861216502
P1,pre,training,12,92912,-1,right,C4,9,79.91667992123911,9.167944040610434,12.360195448667302,-9.403654793725563,-8.10612094956214
P1,pre,training,13,95366,-1,right,C3,5,7.493964592408695,5.06595969236985,3.561692795370962,-1.7004990682519598,-3.2305517901004563
P1,pre,training,13,95366,-1,right,C4,9,12.654592337485465,18.484306029704456,7.000475737466048,1.6455499106808449,-2.5712060435263533
P1,pre,training,14,97832,1,left,C3,5,15.539370660772708,16.887525026689755,6.534760066903835,0.361325795967526,-3.762037795782478
P1,pre,training,14,97832,1,left,C4,9,4.875076436424137,45.54507826283114,16.439296354959623,9.704600232858525,5.279017952578247
P1,pre,training,15,100288,-1,right,C3,5,2.06437283789219,7.691978370554773,4.197219952464548,5.712499181743906,3.0817359253542254
P1,pre,training,15,100288,-1,right,C4,9,9.280609038852665,13.796925623899856,8.52292046579496,1.7220584543960586,-0.36988041965793583
P1,pre,training,16,102768,-1,right,C3,5,5.334701178334765,2.1326243383952788,5.447118324060141,-3.981957363197839,0.09056711691952296
P1,pre,training,16,102768,-1,right,C4,9,9.17154812462146,6.659476714791197,13.304841807872739,-1.3900254449297733,1.6156706601866384
P1,pre,training,17,105198,-1,right,C3,5,2.6302182738555535,1.9140039324531675,3.365132946185081,-1.3804896504045843,1.0701043578506646
P1,pre,training,17,105198,-1,right,C4,9,10.382240540790326,8.850816448662949,7.571807005884391,-0.6930775231442426,-1.370915506933754
P1,pre,training,18,107669,-1,right,C3,5,1.6338500546420514,6.4531738762830075,4.351172534725256,5.9656117005131515,4.2539410750545645
P1,pre,training,18,107669,-1,right,C4,9,3.348452957268254,15.199914848444045,10.430416947851324,6.569969531163652,4.934574674887118
P1,pre,training,19,110120,1,left,C3,5,1.6560765711710936,5.179879787690279,2.7125492779441993,4.952392677856497,2.1429722343941617
P1,pre,training,19,110120,1,left,C4,9,3.838185291821783,22.3396035438575,10.211796174037985,7.649495246577488,4.249762009048087
P1,pre,training,20,112592,-1,right,C3,5,3.0775820042976765,2.0449591095569506,2.013861433568844,-1.7752500543739205,-1.8418004880135825
P1,pre,training,20,112592,-1,right,C4,9,13.691009053797796,7.2092384455094285,5.977178190779689,-2.785460676073452,-3.5993925450377513
P1,pre,training,21,115040,1,left,C3,5,0.42820932305957893,3.34387576989118,3.177920619970033,8.925940157529572,8.704869263274581
P1,pre,training,21,115040,1,left,C4,9,5.193294587686086,4.592586829956065,7.647033093715415,-0.5338558242101153,1.6805001118410643
P1,pre,training,22,117488,1,left,C3,5,1.0753086556133007,5.127892469955489,3.000024345945361,6.784057679714262,4.455916375048265
P1,pre,training,22,117488,1,left,C4,9,5.240124286564308,6.6563819319366235,7.2057171979815315,1.0389664527054834,1.3833562560169852
P1,pre,training,23,119936,1,left,C3,5,2.2102400210806317,16.5448442024725,6.780980337318523,8.74223243434107,4.86853046595045
P1,pre,training,23,119936,1,left,C4,9,10.38070129768126,9.16181252817782,8.59938450071213,-0.5424529363360074,-0.8175932668536473
P1,pre,training,24,122408,-1,right,C3,5,1.925746899519547,4.726569909751657,3.2543418658099874,3.8994687852675565,2.2786396594517133
P1,pre,training,24,122408,-1,right,C4,9,2.346805081670142,20.221165232602765,14.496188354238555,9.353291579891312,7.907768033675006
P1,pre,training,25,124848,1,left,C3,5,1.7665775158271315,34.762110807599456,10.541431802102247,12.939734409518884,7.757669047917371
P1,pre,training,25,124848,1,left,C4,9,7.575724934275445,46.06088822720188,19.27201994405292,7.839081109842862,4.055030388731841
P1,pre,training,26,127296,1,left,C3,5,10.621266684430235,1.1059332921986094,3.574320554246234,-9.824473815355393,-4.729828149130438
P1,pre,training,26,127296,1,left,C4,9,7.623567448433949,5.2641111674944945,9.10436584778278,-1.6083319487700316,0.770914539829114
P1,pre,training,27,129748,-1,right,C3,5,1.9174351553679183,2.3119133993509475,3.616338135073591,0.8125087634808197,2.7554834541647555
P1,pre,training,27,129748,-1,right,C4,9,5.581983579940015,11.581647416523088,12.605695089169645,3.1698178481848176,3.53778243428053
P1,pre,training,28,132212,-1,right,C3,5,4.054956766631573,1.5824590291858993,3.2974164261257055,-4.086537534961412,-0.898124311346367
P1,pre,training,28,132212,-1,right,C4,9,12.547298830150655,4.522559334254325,6.281330634975705,-4.431659680535836,-3.004985871201302
P1,pre,training,29,134696,1,left,C3,5,5.470956356995952,6.3659028444266195,2.997045075812252,0.6579675586007896,-2.6136997550949865
P1,pre,training,29,134696,1,left,C4,9,13.691033915445487,21.146588815590086,10.291311023535826,1.8880407444502239,-1.239655426672393
P1,pre,training,30,137160,-1,right,C3,5,2.685567162538991,5.345548217045584,3.777431481005814,2.989562332656845,1.4816057740897
P1,pre,training,30,137160,-1,right,C4,9,6.918076811273117,8.558835574292711,8.810238860873838,0.9242930345996212,1.0500230338083822
P1,pre,training,31,139624,-1,right,C3,5,2.0963050754312147,11.59192001709711,5.904824202193474,7.4270089007306295,4.497524865533916
P1,pre,training,31,139624,-1,right,C4,9,2.6504068664934635,17.121658694647934,10.1953729985279,8.102332875027061,5.85090571086892
P1,pre,training,32,142416,-1,right,C3,5,6.091450280963209,1.826092662891136,6.0754271786371685,-5.231978922922367,-0.0114388411804605
P1,pre,training,32,142416,-1,right,C4,9,9.644038094648614,14.945287143798613,16.469403527396732,1.9024534635179682,2.3241895340218726
P1,pre,training,33,144851,1,left,C3,5,0.9155300287443051,5.509089381193717,2.9211486179310437,7.794072251339092,5.038810595092659
P1,pre,training,33,144851,1,left,C4,9,4.6130695925995076,9.63826454465252,6.392004565347291,3.2000883594547718,1.4164707008284334
P1,pre,training,34,147336,-1,right,C3,5,0.9019797827104907,3.173930630215685,5.1390471937425755,5.464006273105726,7.5568580276491755
P1,pre,training,34,147336,-1,right,C4,9,5.041376389391297,10.016946782431136,9.256152589128119,2.9818624338618855,2.638813823209452
P1,pre,training,35,149784,1,left,C3,5,1.5346453761811458,5.699500059621281,4.618858528768239,5.698287273239673,4.785266252110315
P1,pre,training,35,149784,1,left,C4,9,3.7450126659008403,12.352863562225787,10.57458398930648,5.183143537967059,4.508100001158507
P1,pre,training,36,152264,1,left,C3,5,7.25750028044171,4.558823041333282,2.521196013366843,-2.0193432665412816,-4.591804495582069
P1,pre,training,36,152264,1,left,C4,9,10.535224859409373,6.370749856219462,6.246244847624759,-2.1845325634478248,-2.2702480522999333
P1,pre,training,37,154728,-1,right,C3,5,2.6408163312252255,10.179249130559404,5.354794119260621,5.859775464960668,3.0700458068962195
P1,pre,training,37,154728,-1,right,C4,9,12.873689054583942,9.997453078082556,8.765321390253094,-1.098136406637536,-1.6693517055023708
P1,pre,training,38,157184,1,left,C3,5,4.412713194515397,5.354998775867739,7.8120391379484575,0.8405367461238169,2.4805870913873935
P1,pre,training,38,157184,1,left,C4,9,10.106521307635568,11.24100951695374,20.3350357248325,0.46203619540055607,3.036432437555432
P1,pre,training,39,159664,1,left,C3,5,3.167747788904245,3.0281263665234817,2.582262551669584,-0.19576601732469545,-0.8875019936264877
P1,pre,training,39,159664,1,left,C4,9,11.667178202017627,13.053292027323767,6.874727515942131,0.4875422288637775,-2.2971034192580415
P1,pre,training,40,162089,1,left,C3,5,1.7363525588717161,2.1039642057448678,2.1632292396981754,0.8340043558429157,0.9546463311597447
P1,pre,training,40,162089,1,left,C4,9,6.380023616881861,4.673555029336188,4.4550497361455275,-1.3517492564001992,-1.559697294878556
P1,pre,training,41,172680,-1,right,C3,5,1.6782086465703587,2.75624165317136,3.0262531770684538,2.154713372640282,2.5605930402803683
P1,pre,training,41,172680,-1,right,C4,9,15.619847676094068,4.868341845473252,9.037930098672485,-5.062957284051661,-2.376078162660481
P1,pre,training,42,175128,-1,right,C3,5,3.4032091116827727,3.332108820712376,4.978163568467648,-0.09169459084304518,1.6518052687203086
P1,pre,training,42,175128,-1,right,C4,9,9.934089392999377,4.808186852937968,11.031988950591646,-3.1514672710348113,0.45525754464185597
P1,pre,training,43,177576,1,left,C3,5,0.9133120828745909,4.794859777919271,5.007945903010069,7.201567077899858,7.390404255925112
P1,pre,training,43,177576,1,left,C4,9,5.117138181099239,8.859237585418414,11.317104815468783,2.383692040307468,3.4470819356485665
P1,pre,training,44,180035,1,left,C3,5,9.843330962681131,4.76674579637434,3.0250124081338567,-3.149200953996088,-5.124149272495812
P1,pre,training,44,180035,1,left,C4,9,6.97027966214707,6.75414329090611,6.656081747382466,-0.1367993317983512,-0.20031556097602127
P1,pre,training,45,182509,1,left,C3,5,2.7238987732677065,4.318116184591718,3.373438227563227,2.0010335932249643,0.9288179791962345
P1,pre,training,45,182509,1,left,C4,9,17.447066168504353,9.58592103833064,6.654193800945283,-2.6008856086972125,-4.186269627621942
P1,pre,training,46,185120,-1,right,C3,5,3.1350567693265043,9.615998947366215,3.9388433213032084,4.867489977143637,0.9912329645096634
P1,pre,training,46,185120,-1,right,C4,9,10.055034682422647,16.852379645192375,8.501254755161053,2.242776612870181,-0.729005421535418
P1,pre,training,47,187576,1,left,C3,5,1.9313676665667154,3.226436556760821,5.216016535859469,2.2285817323547232,4.314740030154287
P1,pre,training,47,187576,1,left,C4,9,4.745374980737032,8.57049780922188,12.815166973596783,2.5673551205852805,4.314537329625033
P1,pre,training,48,190032,-1,right,C3,5,4.739238022282337,1.9829283754707527,7.457530787594417,-3.7840149362384263,1.968865338322239
P1,pre,training,48,190032,-1,right,C4,9,7.990577211370621,2.6099212020220013,12.568992138775927,-4.859507569184842,1.9672230224320826
P1,pre,training,49,192488,-1,right,C3,5,4.240446884144925,6.843286565390228,4.613264545718172,2.0785309902921547,0.36596732152248646
P1,pre,training,49,192488,-1,right,C4,9,24.58913810709761,5.215522715265004,7.699461688867197,-6.734454649795877,-5.042829438628394
P1,pre,training,50,194928,1,left,C3,5,1.6970391643719434,16.26687529474306,9.222680445500648,9.816122721821731,7.35165296022943
P1,pre,training,50,194928,1,left,C4,9,6.479379452787951,36.83618910835868,25.5085474610594,7.547412795321274,5.951523148483309
P1,pre,training,51,197392,-1,right,C3,5,3.5835299712183337,3.875945052848539,3.66693854568431,0.3406657058028123,0.09992590582467568
P1,pre,training,51,197392,-1,right,C4,9,4.500760088835978,20.094921205093208,12.293972001846946,6.498004439370751,4.36406356061762
P1,pre,training,52,199840,1,left,C3,5,11.851007602375326,3.2511787401868504,3.130510202572566,-5.617144303434998,-5.7814015319907615
P1,pre,training,52,199840,1,left,C4,9,25.544551692173115,3.131983027276936,6.581584798107895,-9.114788853207681,-5.88967804018384
P1,pre,training,53,202312,1,left,C3,5,3.839406994570818,3.1447971044584206,4.502318623399479,-0.8667152080449558,0.6917207447948642
P1,pre,training,53,202312,1,left,C4,9,6.672267773609658,9.45865090095652,8.891736642062272,1.5155572963523984,1.2471312393612501
P1,pre,training,54,204751,-1,right,C3,5,1.3646751992491617,1.5983834456874848,2.9484240149899454,0.6865167393069442,3.3456064085600405
P1,pre,training,54,204751,-1,right,C4,9,3.0359657010440926,8.787772738956118,7.938717844181745,4.615819562915433,4.174535058484514
P1,pre,training,55,207544,-1,right,C3,5,7.237903512185041,4.638320858548036,2.7079359925636934,-1.932520013566773,-4.2697439454838415
P1,pre,training,55,207544,-1,right,C4,9,7.130503795676863,9.29106252042603,6.1216526420549595,1.1494516709508364,-0.6625153239842625
P1,pre,training,56,210000,1,left,C3,5,1.4214562013445478,1.7068152793305507,2.4897829758908494,0.7945303946574536,2.4342801056459478
P1,pre,training,56,210000,1,left,C4,9,6.401748231339481,5.6928773589340285,6.134112919370123,-0.5096676221129851,-0.1854682376434616
P1,pre,training,57,212443,-1,right,C3,5,2.2715598093531706,1.4753549409917575,1.9698388973579002,-1.8742766063844591,-0.6189346713965126
P1,pre,training,57,212443,-1,right,C4,9,5.816095668583255,9.547712929250297,7.077980043527166,2.1526781102235573,0.8527779221158647
P1,pre,training,58,214920,1,left,C3,5,3.950354891313874,5.2386081118910095,4.041631901587594,1.2257979764804967,0.09920643427911303
P1,pre,training,58,214920,1,left,C4,9,12.235849384842002,8.754534784294458,9.476252891268011,-1.4540104983226483,-1.1099748031587091
P1,pre,training,59,217392,1,left,C3,5,0.697363254842991,5.397660169526311,4.123320382984421,8.887464784107589,7.717880209084459
P1,pre,training,59,217392,1,left,C4,9,1.450111696829322,13.401255460401831,10.626570981107484,9.657440303279653,8.649916918269277
P1,pre,training,60,219840,1,left,C3,5,5.162657321294737,6.087036347331517,4.0749661443169005,0.7153259595851836,-1.0274929421110766
P1,pre,training,60,219840,1,left,C4,9,19.178368657126004,14.129647621036286,10.85582255636654,-1.3268033149549563,-2.4714892666099773
P1,pre,training,61,222312,-1,right,C3,5,2.84320529040985,6.722194093309579,4.921854602137332,3.737028293561547,2.383205613808084
P1,pre,training,61,222312,-1,right,C4,9,6.809516025548341,14.236271683777513,10.10665696348132,3.2028002116094854,1.714912789954284
P1,pre,training,62,224736,1,left,C3,5,0.9674919762506689,3.6456662434390363,3.2803799505414277,5.761295350275052,5.302767769041989
P1,pre,training,62,224736,1,left,C4,9,3.666595322323311,11.985092265739453,10.396482419609587,5.143784016939563,4.526234434634491
P1,pre,training,63,227208,1,left,C3,5,1.801878253180261,3.7133797705445546,3.4702729867419695,3.140439233429672,2.8463819579949274
P1,pre,training,63,227208,1,left,C4,9,18.46583020529882,9.617274567753922,8.373511365622281,-2.83316822787331,-3.4346122373491044
P1,pre,training,64,229936,-1,right,C3,5,17.206159713523135,3.378559111340135,4.153790411900237,-7.06952428102222,-6.172393703307516
P1,pre,training,64,229936,-1,right,C4,9,3.5849344130367875,8.518594675349291,12.372966560678197,3.7588673991122623,5.3799262461059625
P1,pre,training,65,232392,1,left,C3,5,3.560138581414682,2.088341934133493,4.185669417756766,-2.316652943345641,0.7029802139583896
P1,pre,training,65,232392,1,left,C4,9,3.1226913425583556,3.7913023787943203,10.167676351704298,0.8425936415532878,5.126926544893331
P1,pre,training,66,234848,1,left,C3,5,2.9765069661641386,6.590898560900711,2.6945809185553746,3.4523772425476866,-0.4321567326610031
P1,pre,training,66,234848,1,left,C4,9,6.56007823756664,9.748837932474904,5.994488341796409,1.7204383167240354,-0.391568990308063
P1,pre,training,67,237274,1,left,C3,5,1.9368496235630204,6.672297538173587,2.883844153097254,5.371795010502547,1.7287588327893992
P1,pre,training,67,237274,1,left,C4,9,9.785099164547296,13.21055073740579,9.390483351790323,1.3035569212419287,-0.17877284190552525
P1,pre,training,68,239752,1,left,C3,5,1.0246806705603762,5.0092318846401565,3.123845798731943,6.891825924684327,4.8410104400268175
P1,pre,training,68,239752,1,left,C4,9,6.823646233890562,10.002334889060036,10.21809335442997,1.6608488799036512,1.7535336304403846
P1,pre,training,69,242216,1,left,C3,5,1.7485694263316371,6.823721949252047,5.828910999317095,5.913384415365369,5.229045437024412
P1,pre,training,69,242216,1,left,C4,9,3.4838893811217515,17.399390979292896,13.07801124952449,6.984696901600815,5.744773495682319
P1,pre,training,70,244656,1,left,C3,5,1.1577753602150078,3.9048217217299994,4.48465107252005,5.279769078768597,5.881043558192523
P1,pre,training,70,244656,1,left,C4,9,1.5029745327800192,13.337978815348992,11.358219613814255,9.481384015684807,8.78358639886544
P1,pre,training,71,247106,1,left,C3,5,4.44098516637347,4.212927003889552,3.4895793923909357,-0.22895388257484717,-1.0470623903171248
P1,pre,training,71,247106,1,left,C4,9,13.91022952737735,12.734760527191758,8.340917892903393,-0.38343513560821085,-2.221204501103879
P1,pre,training,72,249592,-1,right,C3,5,4.267794712278259,4.117220742487703,4.623981830836718,-0.1559936892120508,0.34812597929601885
P1,pre,training,72,249592,-1,right,C4,9,9.785270716722152,9.626857357011575,12.586600637474394,-0.07088308398605891,1.0933560737048282
P1,pre,training,73,252064,1,left,C3,5,2.4694628290936533,2.1687220197131247,1.886683111600735,-0.5639860443241727,-1.169035315143125
P1,pre,training,73,252064,1,left,C4,9,3.9860711246912315,10.334557317588226,7.907112399974263,4.137468346048746,2.974728686744235
P1,pre,training,74,254512,1,left,C3,5,2.0507518178054296,2.1331740525029224,1.9934616260188205,0.17113187187024892,-0.12305225241939424
P1,pre,training,74,254512,1,left,C4,9,4.226390311161939,5.077188963739057,7.894269012538854,0.7965372527960052,2.7134231966252633
P1,pre,training,75,256976,1,left,C3,5,7.259060113137998,1.815449388747514,3.0693905126473484,-6.0189624674315425,-3.7382824646418094
P1,pre,training,75,256976,1,left,C4,9,13.043739299813627,3.577410604524582,7.292866941116749,-5.618333201085656,-2.525038202432186
P1,pre,training,76,259896,-1,right,C3,5,3.72532249299404,3.071789774052135,2.7940854543009297,-0.8377238433157919,-1.2492419018968466
P1,pre,training,76,259896,-1,right,C4,9,10.455783001387978,4.715009329031947,11.623233910817323,-3.4587400498638114,0.45970416467590913
P1,pre,training,77,262356,-1,right,C3,5,3.3681081323726687,5.311349901519006,5.32329924983941,1.9781888686650297,1.9879485478947183
P1,pre,training,77,262356,-1,right,C4,9,8.169215099651584,13.426737953102371,14.601959525439382,2.157901815549458,2.522308088956104
P1,pre,training,78,264840,-1,right,C3,5,5.218969340785143,2.123737207508048,3.8851579353037624,-3.90483969689174,-1.2817606759579072
P1,pre,training,78,264840,-1,right,C4,9,9.99250768730036,8.11491529003031,9.418784000270144,-0.9039050036470069,-0.2567965364420267
P1,pre,training,79,267288,-1,right,C3,5,2.6981442339729504,2.418685435870592,2.8452992545417795,-0.4748577241268667,0.2306278816472289
P1,pre,training,79,267288,-1,right,C4,9,5.521421077875267,7.166626291528127,9.7070661850195,1.1326388966133658,2.450371219289065
P1,pre,training,80,269752,-1,right,C3,5,6.333073502252891,3.129840261728872,2.86501578471059,-3.060923555801712,-3.4448750947837854
P1,pre,training,80,269752,-1,right,C4,9,12.822173550700974,8.599718485455732,8.197535286421957,-1.734774161437325,-1.9427835607777968
