patient,stage,window,channel,hand,n_trials,median_db,q25_db,q75_db,mean_db,minimum_db,maximum_db
P1,pre,early,C3,left,40,2.114807662789844,0.07940739957151283,6.131052731452593,2.8148266018110575,-9.824473815355393,12.939734409518884
P1,pre,early,C3,right,40,-0.123844140027548,-3.3706855297960168,3.1764288228830204,0.14424658276356175,-8.030021422406293,8.502908827275563
P1,pre,early,C4,left,40,1.171261686973706,-0.5360051022415884,5.153623897196437,2.069959198524976,-9.114788853207681,12.574372305758228
P1,pre,early,C4,right,40,0.7061767817224438,-1.5724723866791102,3.0288512874426186,0.5319667449854627,-9.403654793725563,9.353291579891312
P1,pre,full_task,C3,left,40,1.341702581974572,-1.0323853041625886,4.911100498236002,1.703748026851001,-5.7814015319907615,8.704869263274581
P1,pre,full_task,C3,right,40,0.35704665040925265,-0.9859037089839869,2.4275524704261553,0.5971182018797989,-6.172393703307516,7.5568580276491755
P1,pre,full_task,C4,left,40,1.3999134784227092,-1.3196658937239336,4.265955839192324,1.4597848967507283,-5.88967804018384,8.78358639886544
P1,pre,full_task,C4,right,40,0.45748085465888255,-1.1037399642859715,2.551434522519441,0.6908478503093708,-8.10612094956214,7.907768033675006
P1,post,early,C3,left,40,1.736528455288147,-1.0330673801187795,4.980755665306947,1.8493618916816381,-6.441892752728609,10.817399826338098
P1,post,early,C3,right,40,1.3145041452043875,-2.5702998581737897,4.968986489035904,1.0263722694590836,-7.240549593971535,8.103803544614156
P1,post,early,C4,left,40,-0.10109857700189491,-3.8782589886494763,2.655428206939048,0.10897742580132683,-9.73217414765723,14.81113382550722
P1,post,early,C4,right,40,2.3876235336492337,-2.468987834611098,5.910037406609489,1.4813267365445015,-10.347664544508575,9.344442681044933
P1,post,full_task,C3,left,40,1.554393785706813,-1.3096738046568803,2.9232500674124635,1.0589881964846493,-4.889840040489,7.058168179238102
P1,post,full_task,C3,right,40,0.953517330635515,-3.4005419968022106,3.572783165679321,0.009216976940343157,-8.440008828693824,9.692269975105901
P1,post,full_task,C4,left,40,0.44781482063366057,-2.6691511243523234,2.187737240896533,0.12322668108374787,-6.24935242412371,10.588411342927852
P1,post,full_task,C4,right,40,1.9065781156984598,-3.1198341990659975,3.797389327797603,0.41079036442235817,-12.07430449370825,5.963506945709305
P2,pre,early,C3,left,40,1.8878709770205528,-1.5061087036867011,4.41656225941228,1.462955034778586,-8.906507387325187,10.225245107089918
P2,pre,early,C3,right,40,1.1583433500506148,-0.7001600842377502,2.9161585073642016,1.2935673074662735,-7.057794591772971,10.035228076356326
P2,pre,early,C4,left,40,1.6411780305242096,-1.7810930045771796,3.533462248244189,1.1934907540417818,-7.784535522343537,10.688512156189667
P2,pre,early,C4,right,40,1.7210999207264162,-3.127232859576284,3.104136449491696,0.5241361171133512,-7.017811196687217,9.44157223539807
P2,pre,full_task,C3,left,40,1.613524012011299,-1.1526676957079234,3.8033549421694124,1.157085630594277,-10.885004071916672,9.342059513345077
P2,pre,full_task,C3,right,40,1.6227882796475945,-0.8470303178536154,3.143962161846905,1.4902646012091387,-4.209099915623718,9.382385855288277
P2,pre,full_task,C4,left,40,1.6105387372603106,-0.07056012204487522,2.6886559441259217,1.5378806304173283,-4.907500333075757,10.718372621084438
P2,pre,full_task,C4,right,40,1.5469555656674054,-0.4618597581850403,3.0123788278521797,1.5032340020347896,-4.697521173282339,9.244784230389863
P2,post,early,C3,left,40,1.7405098023679648,-0.7708326752827679,4.193300443607436,1.9720674725136191,-3.9980985025455222,10.435917276938104
P2,post,early,C3,right,40,2.034999415155707,0.26052499364850346,4.950338990559306,2.1808921827494245,-8.240608808574695,9.149208330718228
P2,post,early,C4,left,40,2.243851302048692,-0.9405738928534634,3.1770965795322303,1.1435891936514118,-7.465495048625296,11.781336749463208
P2,post,early,C4,right,40,0.36223857397596426,-2.1015352636386457,3.299106200871826,0.8407278145984675,-4.854078494623676,7.78768859105206
P2,post,full_task,C3,left,40,1.1069671468447153,-0.9834488696752949,2.8713233410425514,1.3252275312376267,-4.661800721770692,11.684998994808144
P2,post,full_task,C3,right,40,1.595671041187368,0.31282104108834924,3.4106502455948444,1.971102556593825,-4.4639978203001425,8.172726454771452
P2,post,full_task,C4,left,40,1.8496276597488182,-0.6253653804902638,3.3754352565604187,1.2497807140789352,-6.403153416608697,12.016092088772597
P2,post,full_task,C4,right,40,0.7302873578839904,-0.7244804154746881,2.9431100441235407,1.0505763226485467,-5.573796510062995,6.199485738643342
P3,pre,early,C3,left,40,1.4069305513235362,-1.0245894896731766,4.396291043778081,1.826525232818313,-7.631301504363313,9.84839750735219
P3,pre,early,C3,right,40,-0.6102155615061642,-2.4216938281400022,2.972672518970411,0.15279179808734827,-5.692895157633737,7.216087470771512
P3,pre,early,C4,left,40,-0.21215837253350275,-2.8803550019772106,2.652530408725842,-0.08125562458774238,-7.23402192731061,9.417735145946654
P3,pre,early,C4,right,40,0.7899401267165875,-1.4417918226545665,3.68068016922047,1.052708518793919,-6.490281763373304,7.120962563085422
P3,pre,full_task,C3,left,40,1.396494036455672,-0.6797670856466667,3.1223945971602958,1.3941992175084803,-8.627105273447796,9.411003396037806
P3,pre,full_task,C3,right,40,-0.5144511947431605,-2.2235579945663386,2.3710186408464917,0.19758462770438348,-4.630250680906098,7.875838433064271
P3,pre,full_task,C4,left,40,-0.7042734474144627,-2.5230449157277857,2.072031679619455,-0.05397062943177522,-5.257080614287636,5.82712372411183
P3,pre,full_task,C4,right,40,0.983691348264088,-0.9448132987715594,3.006476006155869,1.0237431920303313,-4.752842758921553,6.232034865127286
P3,post,early,C3,left,40,2.3637595406109804,-0.8860680731056292,4.3669166581512195,2.1858288103015386,-5.337889002296848,12.129346903577256
P3,post,early,C3,right,40,1.308121443525767,-0.8109150954646412,4.777996656682943,1.6521824444995896,-4.888289682948294,11.232077488029784
P3,post,early,C4,left,40,2.102209228029202,-1.0814035635527999,4.173263269371286,1.9212167752252376,-4.888919558541272,10.547050213839665
P3,post,early,C4,right,40,1.8368440712923173,-1.431018277950637,4.121813170417875,1.6450820820930736,-6.113105910516005,9.318948312500702
P3,post,full_task,C3,left,40,1.9337631542197231,-0.6664041443766489,3.7438112232599714,1.6508157595854656,-6.275906330982346,11.435519867800226
P3,post,full_task,C3,right,40,1.3588481326058233,-1.1790019402189613,3.4224318624310843,1.1551903701511144,-6.634339914855167,6.908386292841996
P3,post,full_task,C4,left,40,1.5563995890825635,-1.0390145959317834,4.3586413656981,1.6606032145008869,-5.633206152734664,10.518443750266941
P3,post,full_task,C4,right,40,0.9250979225571525,-1.7996378296652973,4.355541504799501,1.1482573172138155,-5.829954774282953,7.822726000992956
