patient,session,decision_time_s,train_oof_correct,train_trials,train_oof_accuracy,train_oof_balanced_accuracy
P1,pre,3.25,52,80,0.65,0.65
P1,pre,3.5,66,80,0.825,0.825
P1,pre,3.75,69,80,0.8625,0.8625
P1,pre,4.0,74,80,0.925,0.925
P1,pre,4.25,67,80,0.8375,0.8374999999999999
P1,pre,4.5,71,80,0.8875,0.8875
P1,pre,4.75,65,80,0.8125,0.8125
P1,pre,5.0,72,80,0.9,0.9
P1,pre,5.25,71,80,0.8875,0.8875
P1,pre,5.5,72,80,0.9,0.8999999999999999
P1,pre,5.75,76,80,0.95,0.95
P1,pre,6.0,62,80,0.775,0.775
P1,pre,6.25,65,80,0.8125,0.8125
P1,pre,6.5,60,80,0.75,0.75
P1,pre,6.75,54,80,0.675,0.675
P1,pre,7.0,59,80,0.7375,0.7375
P1,pre,7.25,60,80,0.75,0.75
P1,pre,7.5,67,80,0.8375,0.8374999999999999
P1,pre,7.75,64,80,0.8,0.8
P1,pre,8.0,57,80,0.7125,0.7124999999999999
P1,post,3.25,73,80,0.9125,0.9125
P1,post,3.5,78,80,0.975,0.975
P1,post,3.75,79,80,0.9875,0.9875
P1,post,4.0,77,80,0.9625,0.9624999999999999
P1,post,4.25,78,80,0.975,0.975
P1,post,4.5,76,80,0.95,0.95
P1,post,4.75,75,80,0.9375,0.9375
P1,post,5.0,76,80,0.95,0.95
P1,post,5.25,73,80,0.9125,0.9125000000000001
P1,post,5.5,74,80,0.925,0.925
P1,post,5.75,75,80,0.9375,0.9375
P1,post,6.0,75,80,0.9375,0.9375
P1,post,6.25,72,80,0.9,0.9
P1,post,6.5,73,80,0.9125,0.9125000000000001
P1,post,6.75,69,80,0.8625,0.8625
P1,post,7.0,67,80,0.8375,0.8374999999999999
P1,post,7.25,63,80,0.7875,0.7875
P1,post,7.5,57,80,0.7125,0.7125
P1,post,7.75,55,80,0.6875,0.6875
P1,post,8.0,53,80,0.6625,0.6625000000000001
P2,pre,3.25,41,80,0.5125,0.5125
P2,pre,3.5,43,80,0.5375,0.5375
P2,pre,3.75,49,80,0.6125,0.6125
P2,pre,4.0,61,80,0.7625,0.7625
P2,pre,4.25,60,80,0.75,0.75
P2,pre,4.5,61,80,0.7625,0.7625
P2,pre,4.75,57,80,0.7125,0.7124999999999999
P2,pre,5.0,57,80,0.7125,0.7125
P2,pre,5.25,58,80,0.725,0.725
P2,pre,5.5,60,80,0.75,0.75
P2,pre,5.75,61,80,0.7625,0.7625
P2,pre,6.0,71,80,0.8875,0.8875
P2,pre,6.25,67,80,0.8375,0.8374999999999999
P2,pre,6.5,71,80,0.8875,0.8875
P2,pre,6.75,72,80,0.9,0.8999999999999999
P2,pre,7.0,71,80,0.8875,0.8875
P2,pre,7.25,68,80,0.85,0.85
P2,pre,7.5,68,80,0.85,0.85
P2,pre,7.75,63,80,0.7875,0.7875000000000001
P2,pre,8.0,63,80,0.7875,0.7875000000000001
P2,post,3.25,36,80,0.45,0.44999999999999996
P2,post,3.5,49,80,0.6125,0.6125
P2,post,3.75,60,80,0.75,0.75
P2,post,4.0,66,80,0.825,0.825
P2,post,4.25,69,80,0.8625,0.8625
P2,post,4.5,73,80,0.9125,0.9125
P2,post,4.75,71,80,0.8875,0.8875
P2,post,5.0,69,80,0.8625,0.8625
P2,post,5.25,70,80,0.875,0.875
P2,post,5.5,71,80,0.8875,0.8875
P2,post,5.75,72,80,0.9,0.8999999999999999
P2,post,6.0,73,80,0.9125,0.9125000000000001
P2,post,6.25,74,80,0.925,0.925
P2,post,6.5,76,80,0.95,0.95
P2,post,6.75,76,80,0.95,0.95
P2,post,7.0,71,80,0.8875,0.8875
P2,post,7.25,66,80,0.825,0.825
P2,post,7.5,66,80,0.825,0.825
P2,post,7.75,71,80,0.8875,0.8875
P2,post,8.0,69,80,0.8625,0.8625
P3,pre,3.25,45,80,0.5625,0.5625
P3,pre,3.5,53,80,0.6625,0.6625
P3,pre,3.75,58,80,0.725,0.7250000000000001
P3,pre,4.0,63,80,0.7875,0.7875000000000001
P3,pre,4.25,63,80,0.7875,0.7875
P3,pre,4.5,61,80,0.7625,0.7625
P3,pre,4.75,59,80,0.7375,0.7375
P3,pre,5.0,65,80,0.8125,0.8125
P3,pre,5.25,59,80,0.7375,0.7375
P3,pre,5.5,61,80,0.7625,0.7625
P3,pre,5.75,61,80,0.7625,0.7625
P3,pre,6.0,63,80,0.7875,0.7875000000000001
P3,pre,6.25,68,80,0.85,0.8500000000000001
P3,pre,6.5,62,80,0.775,0.775
P3,pre,6.75,63,80,0.7875,0.7875
P3,pre,7.0,61,80,0.7625,0.7625
P3,pre,7.25,61,80,0.7625,0.7625
P3,pre,7.5,62,80,0.775,0.775
P3,pre,7.75,66,80,0.825,0.825
P3,pre,8.0,65,80,0.8125,0.8125
P3,post,3.25,47,80,0.5875,0.5875
P3,post,3.5,47,80,0.5875,0.5874999999999999
P3,post,3.75,51,80,0.6375,0.6375
P3,post,4.0,60,80,0.75,0.75
P3,post,4.25,63,80,0.7875,0.7875000000000001
P3,post,4.5,61,80,0.7625,0.7625
P3,post,4.75,63,80,0.7875,0.7875000000000001
P3,post,5.0,61,80,0.7625,0.7625
P3,post,5.25,57,80,0.7125,0.7125
P3,post,5.5,58,80,0.725,0.725
P3,post,5.75,64,80,0.8,0.8
P3,post,6.0,61,80,0.7625,0.7625
P3,post,6.25,57,80,0.7125,0.7125
P3,post,6.5,54,80,0.675,0.675
P3,post,6.75,55,80,0.6875,0.6875
P3,post,7.0,54,80,0.675,0.675
P3,post,7.25,67,80,0.8375,0.8375
P3,post,7.5,62,80,0.775,0.775
P3,post,7.75,61,80,0.7625,0.7625
P3,post,8.0,63,80,0.7875,0.7875000000000001
