session,n_calibration,repeats,accuracy,subset_sd,minimum,maximum,test_trials,brier
P1_pre,0,1,0.825,0.0,0.825,0.825,80,0.12623351403054656
P1_pre,10,5,0.8574999999999999,0.07634215742301238,0.7625,0.9625,80,0.13678299265484675
P1_pre,20,5,0.8975,0.027099354235848517,0.8625,0.925,80,0.12274656331260436
P1_pre,40,5,0.9225,0.029843340965783297,0.875,0.95,80,0.12009381904860561
P1_pre,80,1,0.95,0.0,0.95,0.95,80,0.07468185046544869
P1_post,0,1,0.5,0.0,0.5,0.5,80,0.49173910417593747
P1_post,10,5,0.9099999999999999,0.0270993542358485,0.8625,0.925,80,0.10188467639025478
P1_post,20,5,0.9275,0.010458250331675946,0.9125,0.9375,80,0.06962252395636899
P1_post,40,5,0.9400000000000001,0.024044230077089168,0.9125,0.975,80,0.05967748057081288
P1_post,80,1,0.9125,0.0,0.9125,0.9125,80,0.08572616333569288
P2_pre,0,1,0.775,0.0,0.775,0.775,80,0.1618068925392117
P2_pre,10,5,0.625,0.10116508785149152,0.5,0.75,80,0.32543549433689867
P2_pre,20,5,0.7025,0.08071942145481469,0.5625,0.7625,80,0.2088931753349482
P2_pre,40,5,0.71,0.092449310435503,0.5875,0.8,80,0.194579725085747
P2_pre,80,1,0.65,0.0,0.65,0.65,80,0.2537237944380989
P2_post,0,1,0.8125,0.0,0.8125,0.8125,80,0.12241975710873401
P2_post,10,5,0.9,0.0701560760020114,0.7875,0.975,80,0.08856976676018799
P2_post,20,5,0.9475,0.027099354235848496,0.9,0.9625,80,0.05760671367628809
P2_post,40,5,0.9600000000000002,0.02236067977499791,0.9375,0.9875,80,0.0474372360999914
P2_post,80,1,0.9625,0.0,0.9625,0.9625,80,0.024903524184483102
P3_pre,0,1,0.675,0.0,0.675,0.675,80,0.20458232789511385
P3_pre,10,5,0.7324999999999999,0.11374313166077327,0.5625,0.8625,80,0.24424883546756945
P3_pre,20,5,0.82,0.025920551691659646,0.7875,0.85,80,0.14687960476514425
P3_pre,40,5,0.865,0.04541475531146238,0.7875,0.9,80,0.13556612416362754
P3_pre,80,1,0.9,0.0,0.9,0.9,80,0.09795065911680857
P3_post,0,1,0.6125,0.0,0.6125,0.6125,80,0.24727419873174905
P3_post,10,5,0.8025,0.24786589115890872,0.375,0.975,80,0.13188014183453856
P3_post,20,5,0.8225,0.21819572635594858,0.4375,0.975,80,0.11462232667701
P3_post,40,5,0.93,0.024366985862022413,0.9,0.9625,80,0.07770030347549076
P3_post,80,1,0.975,0.0,0.975,0.975,80,0.01835227146114673
