session,n_calibration,repeat,fit_trials,chosen_setting,indices,correct,trials,accuracy,balanced_accuracy,brier,log_loss
P1_pre,0,0,320,"('FBCSP', 4)",,66,80,0.825,0.825,0.12623351403054656,0.41625035596426796
P1_pre,10,0,10,"('Riemann', 0.1)","36,74,60,65,40,58,45,67,77,72",67,80,0.8375,0.8374999999999999,0.15188122834064854,0.4903027059412876
P1_pre,10,1,10,"('FBCSP', 2)","77,67,41,9,19,52,31,74,54,72",66,80,0.825,0.825,0.15043284542859492,1.5234832379417635
P1_pre,10,2,10,"('TV-CSP', 4)","17,25,63,74,76,5,29,49,77,42",72,80,0.9,0.8999999999999999,0.12227462897758659,0.39738661594686103
P1_pre,10,3,10,"('FBCSP', 4)","63,21,33,25,23,20,41,72,16,68",77,80,0.9625,0.9625,0.03753352052049129,0.49866565073398383
P1_pre,10,4,10,"('FBCSP', 2)","45,43,6,55,48,64,27,58,31,67",61,80,0.7625,0.7625,0.2217927400069124,2.805579464520586
P1_pre,20,0,20,"('TV-CSP', 4)","36,74,60,65,40,58,45,67,77,72,2,46,3,42,30,18,26,61,78,38",71,80,0.8875,0.8875,0.10040353967016621,0.3350784429989138
P1_pre,20,1,20,"('Riemann', 0.01)","77,67,41,9,19,52,31,74,54,72,79,22,71,32,50,69,12,70,17,51",71,80,0.8875,0.8875,0.15602910228402653,0.4983760312548455
P1_pre,20,2,20,"('Riemann', 0.1)","17,25,63,74,76,5,29,49,77,42,11,51,1,68,53,7,8,62,19,57",74,80,0.925,0.925,0.09290894359318225,0.33815615749461503
P1_pre,20,3,20,"('Riemann', 0.01)","63,21,33,25,23,20,41,72,16,68,45,7,77,9,48,42,76,59,4,18",74,80,0.925,0.925,0.14937794487204317,0.4827199248487347
P1_pre,20,4,20,"('FBCSP', 4)","45,43,6,55,48,64,27,58,31,67,50,72,10,66,23,69,2,46,14,32",69,80,0.8625,0.8625,0.11501328614360365,1.1175040428183016
P1_pre,40,0,40,"('Riemann', 0.01)","36,74,60,65,40,58,45,67,77,72,2,46,3,42,30,18,26,61,78,38,6,13,71,52,0,21,29,59,10,66,19,68,76,34,12,22,56,55,75,73",70,80,0.875,0.875,0.13655732309463736,0.44960376907035576
P1_pre,40,1,40,"('Riemann', 0.01)","77,67,41,9,19,52,31,74,54,72,79,22,71,32,50,69,12,70,17,51,56,21,14,73,26,59,27,28,45,7,15,46,11,57,4,35,47,20,30,64",75,80,0.9375,0.9375,0.1183147594262447,0.4106664160191616
P1_pre,40,2,40,"('Riemann', 0.01)","17,25,63,74,76,5,29,49,77,42,11,51,1,68,53,7,8,62,19,57,23,39,75,55,56,69,0,38,26,21,54,73,48,61,41,46,33,32,79,24",73,80,0.9125,0.9125,0.11963963524048446,0.41260993663231565
P1_pre,40,3,40,"('Riemann', 0.01)","63,21,33,25,23,20,41,72,16,68,45,7,77,9,48,42,76,59,4,18,36,57,8,46,79,70,12,13,54,28,29,66,11,43,40,22,50,62,53,32",76,80,0.95,0.95,0.11218882704754449,0.39754330608234156
P1_pre,40,4,40,"('Riemann', 0.01)","45,43,6,55,48,64,27,58,31,67,50,72,10,66,23,69,2,46,14,32,17,57,79,74,40,39,3,51,15,22,78,18,75,59,36,5,53,20,63,13",75,80,0.9375,0.9375,0.11376855043411704,0.400152781245691
P1_pre,80,0,80,"('TV-CSP', 4)","0,1,2,3,4,5,6,7,8,9,10,11,12,13,14,15,16,17,18,19,20,21,22,23,24,25,26,27,28,29,30,31,32,33,34,35,36,37,38,39,40,41,42,43,44,45,46,47,48,49,50,51,52,53,54,55,56,57,58,59,60,61,62,63,64,65,66,67,68,69,70,71,72,73,74,75,76,77,78,79",76,80,0.95,0.95,0.07468185046544869,0.2902260387397342
P1_post,0,0,320,"('FBCSP', 4)",,40,80,0.5,0.5,0.49173910417593747,3.6927933106850923
P1_post,10,0,10,"('Riemann', 0.01)","45,79,64,63,47,53,50,68,73,76",74,80,0.925,0.925,0.14256037625217294,0.46882131518732695
P1_post,10,1,10,"('FBCSP', 2)","73,68,48,4,30,46,42,79,59,76",73,80,0.9125,0.9125,0.08750013535624719,2.6491994881142213
P1_post,10,2,10,"('FBCSP', 2)","29,20,66,79,72,1,36,41,73,35",69,80,0.8625,0.8625,0.13749385799073796,3.841515337830473
P1_post,10,3,10,"('FBCSP', 4)","66,12,43,20,31,9,48,76,26,69",74,80,0.925,0.925,0.07500055478547236,2.151862338803555
P1_post,10,4,10,"('FBCSP', 2)","50,37,11,49,54,62,34,53,42,68",74,80,0.925,0.925,0.06686845756664343,1.687218710769649
P1_post,20,0,20,"('FBCSP', 4)","45,79,64,63,47,53,50,68,73,76,6,40,7,35,39,8,33,57,74,28",75,80,0.9375,0.9375,0.06329298076832937,1.3367927111847682
P1_post,20,1,20,"('TV-CSP', 2)","73,68,48,4,30,46,42,79,59,76,78,14,67,22,55,71,18,75,29,44",74,80,0.925,0.925,0.06003530129556911,0.6061486603810565
P1_post,20,2,20,"('FBCSP', 2)","29,20,66,79,72,1,36,41,73,35,16,44,3,69,58,2,13,61,30,52",74,80,0.925,0.925,0.07529910923786116,2.1802798896223647
P1_post,20,3,20,"('FBCSP', 2)","66,12,43,20,31,9,48,76,26,69,50,2,73,4,54,35,72,56,10,8",73,80,0.9125,0.9125,0.08636467783733293,1.9763114325304905
P1_post,20,4,20,"('FBCSP', 2)","50,37,11,49,54,62,34,53,42,68,55,76,15,65,31,71,6,40,19,22",75,80,0.9375,0.9375,0.06312055064275232,1.589986201295164
P1_post,40,0,40,"('FBCSP', 2)","45,79,64,63,47,53,50,68,73,76,6,40,7,35,39,8,33,57,74,28,11,5,67,46,0,12,36,56,15,65,30,69,72,24,18,14,60,49,70,77",73,80,0.9125,0.9125,0.07445844838738644,1.3997972655779625
P1_post,40,1,40,"('TV-CSP', 2)","73,68,48,4,30,46,42,79,59,76,78,14,67,22,55,71,18,75,29,44,60,12,19,77,33,56,34,21,50,2,23,40,16,52,10,25,51,9,39,62",78,80,0.975,0.975,0.03252917786889627,0.1249477780224757
P1_post,40,2,40,"('FBCSP', 2)","29,20,66,79,72,1,36,41,73,35,16,44,3,69,58,2,13,61,30,52,31,32,70,49,60,71,0,28,33,12,59,77,54,57,48,40,43,22,78,17",74,80,0.925,0.925,0.07614057811675454,1.8731576320460501
P1_post,40,3,40,"('TV-CSP', 2)","66,12,43,20,31,9,48,76,26,69,50,2,73,4,54,35,72,56,10,8,45,52,13,40,78,75,18,5,59,21,36,65,16,37,47,14,55,61,58,22",76,80,0.95,0.95,0.052804020300036524,0.2893247307005494
P1_post,40,4,40,"('FBCSP', 2)","50,37,11,49,54,62,34,53,42,68,55,76,15,65,31,71,6,40,19,22,29,52,78,79,47,32,7,44,23,14,74,8,70,56,45,1,58,9,66,5",75,80,0.9375,0.9375,0.06245517818099067,1.5396382404406732
P1_post,80,0,80,"('FBCSP', 4)","0,1,2,3,4,5,6,7,8,9,10,11,12,13,14,15,16,17,18,19,20,21,22,23,24,25,26,27,28,29,30,31,32,33,34,35,36,37,38,39,40,41,42,43,44,45,46,47,48,49,50,51,52,53,54,55,56,57,58,59,60,61,62,63,64,65,66,67,68,69,70,71,72,73,74,75,76,77,78,79",73,80,0.9125,0.9125,0.08572616333569288,1.6035957700256944
P2_pre,0,0,320,"('Riemann', 0.01)",,62,80,0.775,0.7749999999999999,0.1618068925392117,0.49508588755948113
P2_pre,10,0,10,"('Riemann', 0.1)","48,79,65,62,49,51,54,66,74,75",60,80,0.75,0.75,0.1710233612689685,0.5223672828362114
P2_pre,10,1,10,"('FBCSP', 4)","74,66,50,5,31,43,46,79,61,75",49,80,0.6125,0.6125,0.38159832824697354,6.6006286195171295
P2_pre,10,2,10,"('FBCSP', 2)","30,16,69,79,73,3,38,41,74,35",40,80,0.5,0.5,0.4070324831153057,1.7548118288312995
P2_pre,10,3,10,"('FBCSP', 4)","69,9,47,16,32,8,50,75,29,67",45,80,0.5625,0.5625,0.4129561022886274,8.14834014348917
P2_pre,10,4,10,"('FBCSP', 4)","54,36,12,44,56,59,34,51,46,66",56,80,0.7,0.7,0.25456719676461814,2.3155400249384206
P2_pre,20,0,20,"('TV-CSP', 4)","48,79,65,62,49,51,54,66,74,75,2,40,10,35,39,7,33,53,76,26",57,80,0.7125,0.7124999999999999,0.1853715046403695,0.5366806021195762
P2_pre,20,1,20,"('Riemann', 0.1)","74,66,50,5,31,43,46,79,61,75,77,13,71,18,58,68,23,70,30,42",60,80,0.75,0.75,0.17972250001002357,0.5392081216861465
P2_pre,20,2,20,"('Riemann', 0.1)","30,16,69,79,73,3,38,41,74,35,21,42,1,67,60,4,15,57,31,45",58,80,0.725,0.725,0.18717150716499756,0.558303387746547
P2_pre,20,3,20,"('FBCSP', 4)","69,9,47,16,32,8,50,75,29,67,54,4,74,5,56,35,73,52,11,7",45,80,0.5625,0.5625,0.3329396030326256,1.3401180602370315
P2_pre,20,4,20,"('Riemann', 0.1)","54,36,12,44,56,59,34,51,46,66,58,75,20,64,32,68,2,40,25,18",61,80,0.7625,0.7625,0.15926076182672472,0.49308034771489984
P2_pre,40,0,40,"('Riemann', 0.1)","48,79,65,62,49,51,54,66,74,75,2,40,10,35,39,7,33,53,76,26,12,6,71,43,0,9,38,52,20,64,31,67,73,19,23,13,63,44,72,78",64,80,0.8,0.8,0.14162882874513621,0.44273493842754713
P2_pre,40,1,40,"('TV-CSP', 4)","74,66,50,5,31,43,46,79,61,75,77,13,71,18,58,68,23,70,30,42,63,9,25,78,33,52,34,17,54,4,27,40,21,45,11,22,55,8,39,59",51,80,0.6375,0.6375,0.20213928864790356,0.5837705983482928
P2_pre,40,2,40,"('TV-CSP', 2)","30,16,69,79,73,3,38,41,74,35,21,42,1,67,60,4,15,57,31,45,32,28,72,44,63,68,0,26,33,9,61,78,56,53,50,40,47,18,77,14",47,80,0.5875,0.5875,0.2598977609495362,0.7572636915033799
P2_pre,40,3,40,"('Riemann', 0.1)","69,9,47,16,32,8,50,75,29,67,54,4,74,5,56,35,73,52,11,7,48,45,15,40,77,70,23,6,61,17,38,64,21,36,49,13,58,57,60,18",60,80,0.75,0.75,0.16880822740838358,0.5113244819386544
P2_pre,40,4,40,"('FBCSP', 4)","54,36,12,44,56,59,34,51,46,66,58,75,20,64,32,68,2,40,25,18,30,45,77,79,49,28,10,42,27,13,76,7,72,52,48,3,60,8,69,6",62,80,0.775,0.775,0.20042451967777541,0.9006099871947535
P2_pre,80,0,80,"('FBCSP', 2)","0,1,2,3,4,5,6,7,8,9,10,11,12,13,14,15,16,17,18,19,20,21,22,23,24,25,26,27,28,29,30,31,32,33,34,35,36,37,38,39,40,41,42,43,44,45,46,47,48,49,50,51,52,53,54,55,56,57,58,59,60,61,62,63,64,65,66,67,68,69,70,71,72,73,74,75,76,77,78,79",52,80,0.65,0.6499999999999999,0.2537237944380989,0.9326803142645488
P2_post,0,0,320,"('Riemann', 0.01)",,65,80,0.8125,0.8125,0.12241975710873401,0.39179454728133745
P2_post,10,0,10,"('FBCSP', 2)","47,78,60,68,48,53,51,70,71,75",78,80,0.975,0.975,0.026193876779691594,0.11092524152059305
P2_post,10,1,10,"('FBCSP', 2)","71,70,49,5,27,45,41,78,58,75",63,80,0.7875,0.7875,0.1734632014454518,0.7160590538469366
P2_post,10,2,10,"('FBCSP', 4)","25,18,63,78,67,0,36,43,71,33",75,80,0.9375,0.9375,0.05671064721192202,0.6667987020877824
P2_post,10,3,10,"('FBCSP', 4)","63,15,42,18,32,14,49,75,24,72",72,80,0.9,0.9,0.09979677809720007,1.0327314576774362
P2_post,10,4,10,"('FBCSP', 2)","51,37,8,46,54,64,35,53,41,70",72,80,0.9,0.8999999999999999,0.08668433026667448,0.7324269145978455
P2_post,20,0,20,"('FBCSP', 4)","47,78,60,68,48,53,51,70,71,75,4,39,6,33,40,12,34,61,77,30",77,80,0.9625,0.9624999999999999,0.02398472292089508,0.07074540912044515
P2_post,20,1,20,"('FBCSP', 4)","71,70,49,5,27,45,41,78,58,75,79,16,65,20,55,73,21,74,25,44",76,80,0.95,0.95,0.047653627830810834,0.2676792461656358
P2_post,20,2,20,"('FBCSP', 4)","25,18,63,78,67,0,36,43,71,33,13,44,3,72,57,2,10,62,27,50",77,80,0.9625,0.9625,0.03793908532493985,0.4682479624792448
P2_post,20,3,20,"('FBCSP', 4)","63,15,42,18,32,14,49,75,24,72,51,2,71,5,54,33,67,56,7,12",77,80,0.9625,0.9624999999999999,0.03454237182010144,0.2749667998371862
P2_post,20,4,20,"('Riemann', 0.01)","51,37,8,46,54,64,35,53,41,70,55,75,11,69,32,73,4,39,22,20",72,80,0.9,0.9,0.1439137604846933,0.47134826269350255
P2_post,40,0,40,"('FBCSP', 4)","47,78,60,68,48,53,51,70,71,75,4,39,6,33,40,12,34,61,77,30,8,9,65,45,1,15,36,56,11,69,27,72,67,26,21,16,59,46,66,76",78,80,0.975,0.975,0.02527773244646423,0.10996120198264954
P2_post,40,1,40,"('Riemann', 0.1)","71,70,49,5,27,45,41,78,58,75,79,16,65,20,55,73,21,74,25,44,59,15,22,76,34,56,35,19,51,2,23,39,13,50,7,28,52,14,40,64",75,80,0.9375,0.9375,0.05049795369558792,0.2078785189838143
P2_post,40,2,40,"('FBCSP', 4)","25,18,63,78,67,0,36,43,71,33,13,44,3,72,57,2,10,62,27,50,32,31,66,46,59,73,1,30,34,15,58,76,54,61,49,39,42,20,79,17",79,80,0.9875,0.9875,0.014924943876737212,0.055948332204135774
P2_post,40,3,40,"('FBCSP', 4)","63,15,42,18,32,14,49,75,24,72,51,2,71,5,54,33,67,56,7,12,47,50,10,39,79,74,21,9,58,19,36,69,13,37,48,16,55,62,57,20",75,80,0.9375,0.9375,0.051993523615880055,0.2726643103784955
P2_post,40,4,40,"('Riemann', 0.01)","51,37,8,46,54,64,35,53,41,70,55,75,11,69,32,73,4,39,22,20,25,50,79,78,48,31,6,44,23,16,77,12,66,56,47,0,57,14,63,9",77,80,0.9625,0.9625,0.09449202686528758,0.35301459920610606
P2_post,80,0,80,"('FBCSP', 4)","0,1,2,3,4,5,6,7,8,9,10,11,12,13,14,15,16,17,18,19,20,21,22,23,24,25,26,27,28,29,30,31,32,33,34,35,36,37,38,39,40,41,42,43,44,45,46,47,48,49,50,51,52,53,54,55,56,57,58,59,60,61,62,63,64,65,66,67,68,69,70,71,72,73,74,75,76,77,78,79",77,80,0.9625,0.9624999999999999,0.024903524184483102,0.07557214957906878
P3_pre,0,0,320,"('Riemann', 0.01)",,54,80,0.675,0.675,0.20458232789511385,0.5896045607492121
P3_pre,10,0,10,"('FBCSP', 2)","42,78,65,61,44,51,53,67,74,76",63,80,0.7875,0.7875,0.20723307244478262,2.5541700827971265
P3_pre,10,1,10,"('FBCSP', 2)","74,67,47,5,25,48,40,78,62,76",69,80,0.8625,0.8625,0.13717610093869337,1.7906088670424325
P3_pre,10,2,10,"('FBCSP', 2)","23,19,66,78,73,1,31,45,74,36",55,80,0.6875,0.6875,0.2624392884682024,1.605391627165769
P3_pre,10,3,10,"('FBCSP', 2)","66,12,41,19,27,11,47,76,22,68",45,80,0.5625,0.5625,0.4053061602202753,3.9319765508041313
P3_pre,10,4,10,"('FBCSP', 2)","53,37,9,49,56,60,30,51,40,67",61,80,0.7625,0.7625,0.20908955526589362,1.2271690590568525
P3_pre,20,0,20,"('FBCSP', 4)","42,78,65,61,44,51,53,67,74,76,4,43,6,36,38,10,29,55,75,34",67,80,0.8375,0.8374999999999999,0.15005380927368198,1.8300697476582783
P3_pre,20,1,20,"('FBCSP', 2)","74,67,47,5,25,48,40,78,62,76,79,15,69,26,58,71,18,72,23,46",68,80,0.85,0.85,0.13500820199788294,2.0071745358007402
P3_pre,20,2,20,"('FBCSP', 2)","23,19,66,78,73,1,31,45,74,36,16,46,3,68,59,2,13,57,25,50",66,80,0.825,0.825,0.12449709788270939,0.35957229130903307
P3_pre,20,3,20,"('FBCSP', 4)","66,12,41,19,27,11,47,76,22,68,53,2,74,5,56,36,73,52,8,10",64,80,0.8,0.8,0.17180713014958635,1.7377167082450669
P3_pre,20,4,20,"('TV-CSP', 2)","53,37,9,49,56,60,30,51,40,67,58,76,14,64,27,71,4,43,20,26",63,80,0.7875,0.7875,0.15303178452186061,0.4759709981136062
P3_pre,40,0,40,"('Riemann', 0.01)","42,78,65,61,44,51,53,67,74,76,4,43,6,36,38,10,29,55,75,34,9,7,69,48,0,12,31,52,14,64,25,68,73,28,18,15,63,49,70,77",71,80,0.8875,0.8875,0.1252905402073349,0.42332530576246874
P3_pre,40,1,40,"('FBCSP', 2)","74,67,47,5,25,48,40,78,62,76,79,15,69,26,58,71,18,72,23,46,63,12,20,77,29,52,30,24,53,2,21,43,16,50,8,32,54,11,38,60",71,80,0.8875,0.8875,0.10898893416735,1.0977789559418933
P3_pre,40,2,40,"('Riemann', 0.01)","23,19,66,78,73,1,31,45,74,36,16,46,3,68,59,2,13,57,25,50,27,35,70,49,63,71,0,34,29,12,62,77,56,55,47,43,41,26,79,17",69,80,0.8625,0.8625,0.13321608555653341,0.4393873386017583
P3_pre,40,3,40,"('Riemann', 0.01)","66,12,41,19,27,11,47,76,22,68,53,2,74,5,56,36,73,52,8,10,42,50,13,43,79,72,18,7,62,24,31,64,16,37,44,15,58,57,59,26",72,80,0.9,0.9,0.12856767313118028,0.4315513538480923
P3_pre,40,4,40,"('TV-CSP', 4)","53,37,9,49,56,60,30,51,40,67,58,76,14,64,27,71,4,43,20,26,23,50,79,78,44,35,6,46,21,15,75,10,70,52,42,1,59,11,66,7",63,80,0.7875,0.7875,0.18176738775573917,0.685740318928588
P3_pre,80,0,80,"('Riemann', 0.01)","0,1,2,3,4,5,6,7,8,9,10,11,12,13,14,15,16,17,18,19,20,21,22,23,24,25,26,27,28,29,30,31,32,33,34,35,36,37,38,39,40,41,42,43,44,45,46,47,48,49,50,51,52,53,54,55,56,57,58,59,60,61,62,63,64,65,66,67,68,69,70,71,72,73,74,75,76,77,78,79",72,80,0.9,0.9,0.09795065911680857,0.34612627491233294
P3_post,0,0,320,"('Riemann', 0.01)",,49,80,0.6125,0.6125,0.24727419873174905,0.7069594416188562
P3_post,10,0,10,"('FBCSP', 2)","39,79,58,65,41,59,43,70,74,77",78,80,0.975,0.975,0.0254987133599673,0.3386064525273562
P3_post,10,1,10,"('FBCSP', 4)","74,70,42,7,24,55,36,79,53,77",75,80,0.9375,0.9375,0.04373210406354201,0.6039211226792072
P3_post,10,2,10,"('TV-CSP', 2)","20,23,63,79,68,3,30,48,74,40",64,80,0.8,0.8,0.16555245285937487,0.5212762678039765
P3_post,10,3,10,"('TV-CSP', 2)","63,19,38,23,25,18,42,77,17,71",30,80,0.375,0.375,0.3546055767320711,1.0536660096538313
P3_post,10,4,10,"('FBCSP', 2)","43,44,8,56,49,64,28,59,36,70",74,80,0.925,0.925,0.07001186215773744,0.416713617030508
P3_post,20,0,20,"('FBCSP', 4)","39,79,58,65,41,59,43,70,74,77,2,47,5,40,31,16,26,61,75,35",73,80,0.9125,0.9125,0.08507193620961112,0.6293458459920004
P3_post,20,1,20,"('FBCSP', 4)","74,70,42,7,24,55,36,79,53,77,76,21,66,29,50,72,12,73,20,51",73,80,0.9125,0.9125,0.08133350911990103,0.8783453436365143
P3_post,20,2,20,"('Riemann', 0.1)","20,23,63,79,68,3,30,48,74,40,11,51,1,71,52,4,9,62,24,57",70,80,0.875,0.875,0.10422294141459623,0.35649705591500486
P3_post,20,3,20,"('TV-CSP', 2)","63,19,38,23,25,18,42,77,17,71,43,4,74,7,49,40,68,60,6,16",35,80,0.4375,0.4375,0.27568556283210627,0.749941267736095
P3_post,20,4,20,"('FBCSP', 4)","43,44,8,56,49,64,28,59,36,70,50,77,10,69,25,72,2,47,13,29",78,80,0.975,0.975,0.02679768380883544,0.22588541650741462
P3_post,40,0,40,"('FBCSP', 4)","39,79,58,65,41,59,43,70,74,77,2,47,5,40,31,16,26,61,75,35,8,15,66,55,0,19,30,60,10,69,24,71,68,32,12,21,54,56,67,78",77,80,0.9625,0.9624999999999999,0.024058073450014563,0.12859197266195793
P3_post,40,1,40,"('Riemann', 0.01)","74,70,42,7,24,55,36,79,53,77,76,21,66,29,50,72,12,73,20,51,54,19,13,78,26,60,28,27,43,4,14,47,11,57,6,33,45,18,31,64",75,80,0.9375,0.9375,0.11415738175463855,0.39855170242690957
P3_post,40,2,40,"('FBCSP', 4)","20,23,63,79,68,3,30,48,74,40,11,51,1,71,52,4,9,62,24,57,25,37,67,56,54,72,0,35,26,19,53,78,49,61,42,47,38,29,76,22",73,80,0.9125,0.9125000000000001,0.0726735275458085,0.2635962628510367
P3_post,40,3,40,"('Riemann', 0.01)","63,19,38,23,25,18,42,77,17,71,43,4,74,7,49,40,68,60,6,16,39,57,9,47,76,73,12,15,53,27,30,69,11,44,41,21,50,62,52,29",72,80,0.9,0.8999999999999999,0.1232578857437012,0.4193892955333081
P3_post,40,4,40,"('FBCSP', 2)","43,44,8,56,49,64,28,59,36,70,50,77,10,69,25,72,2,47,13,29,20,57,76,79,41,37,5,51,14,21,75,16,67,60,39,3,52,18,63,15",75,80,0.9375,0.9375,0.05435464888329093,0.2285943804603538
P3_post,80,0,80,"('FBCSP', 4)","0,1,2,3,4,5,6,7,8,9,10,11,12,13,14,15,16,17,18,19,20,21,22,23,24,25,26,27,28,29,30,31,32,33,34,35,36,37,38,39,40,41,42,43,44,45,46,47,48,49,50,51,52,53,54,55,56,57,58,59,60,61,62,63,64,65,66,67,68,69,70,71,72,73,74,75,76,77,78,79",78,80,0.975,0.975,0.01835227146114673,0.11457650110643336
