session,family,full_fit_setting,outer_fit_settings,correct,trials,accuracy,balanced_accuracy,brier,log_loss
P1_pre,CSP-baseline,"('CSP-baseline', 4)","[[""CSP-baseline"", 4], [""CSP-baseline"", 4], [""CSP-baseline"", 4], [""CSP-baseline"", 4], [""CSP-baseline"", 4]]",67,80,0.8375,0.8375,0.13334732129966173,0.4642131207813442
P1_pre,FBCSP,"('FBCSP', 4)","[[""FBCSP"", 4], [""FBCSP"", 4], [""FBCSP"", 4], [""FBCSP"", 4], [""FBCSP"", 4]]",72,80,0.9,0.9,0.07280076833991019,0.2620038111396624
P1_pre,Riemann,"('Riemann', 0.1)","[[""Riemann"", 0.01], [""Riemann"", 0.01], [""Riemann"", 0.1], [""Riemann"", 0.01], [""Riemann"", 0.01]]",77,80,0.9625,0.9624999999999999,0.09264528077049569,0.33471114687836423
P1_pre,TV-CSP,"('TV-CSP', 4)","[[""TV-CSP"", 4], [""TV-CSP"", 4], [""TV-CSP"", 4], [""TV-CSP"", 4], [""TV-CSP"", 4]]",65,80,0.8125,0.8125,0.11802512060344561,0.37811351579891767
P1_pre,selected,"('TV-CSP', 4)","[[""TV-CSP"", 4], [""TV-CSP"", 4], [""TV-CSP"", 4], [""FBCSP"", 4], [""Riemann"", 0.01]]",67,80,0.8375,0.8375,0.11540302098621477,0.3619754024129195
P1_post,CSP-baseline,"('CSP-baseline', 4)","[[""CSP-baseline"", 4], [""CSP-baseline"", 4], [""CSP-baseline"", 4], [""CSP-baseline"", 4], [""CSP-baseline"", 4]]",78,80,0.975,0.975,0.018245528114313365,0.0927088884739933
P1_post,FBCSP,"('FBCSP', 4)","[[""FBCSP"", 2], [""FBCSP"", 4], [""FBCSP"", 2], [""FBCSP"", 2], [""FBCSP"", 2]]",79,80,0.9875,0.9875,0.01251195389392147,0.10312273145343623
P1_post,Riemann,"('Riemann', 0.1)","[[""Riemann"", 0.01], [""Riemann"", 0.01], [""Riemann"", 0.01], [""Riemann"", 0.01], [""Riemann"", 0.1]]",78,80,0.975,0.975,0.032509785130862306,0.16484058173315932
P1_post,TV-CSP,"('TV-CSP', 2)","[[""TV-CSP"", 2], [""TV-CSP"", 2], [""TV-CSP"", 2], [""TV-CSP"", 2], [""TV-CSP"", 2]]",79,80,0.9875,0.9875,0.025125278431276,0.11343082029065465
P1_post,selected,"('FBCSP', 4)","[[""TV-CSP"", 2], [""FBCSP"", 4], [""Riemann"", 0.01], [""TV-CSP"", 2], [""Riemann"", 0.1]]",79,80,0.9875,0.9875,0.025252494967935097,0.17975947500309736
P2_pre,CSP-baseline,"('CSP-baseline', 4)","[[""CSP-baseline"", 4], [""CSP-baseline"", 4], [""CSP-baseline"", 4], [""CSP-baseline"", 4], [""CSP-baseline"", 4]]",60,80,0.75,0.75,0.14019013205429193,0.4052171222166945
P2_pre,FBCSP,"('FBCSP', 2)","[[""FBCSP"", 4], [""FBCSP"", 4], [""FBCSP"", 4], [""FBCSP"", 4], [""FBCSP"", 4]]",63,80,0.7875,0.7875000000000001,0.12575128993139137,0.4139054584870413
P2_pre,Riemann,"('Riemann', 0.01)","[[""Riemann"", 0.01], [""Riemann"", 0.01], [""Riemann"", 0.1], [""Riemann"", 0.01], [""Riemann"", 0.01]]",71,80,0.8875,0.8875,0.13549921998327424,0.44097463606143616
P2_pre,TV-CSP,"('TV-CSP', 4)","[[""TV-CSP"", 2], [""TV-CSP"", 4], [""TV-CSP"", 4], [""TV-CSP"", 4], [""TV-CSP"", 2]]",67,80,0.8375,0.8375,0.14558233821528804,0.4575539482101897
P2_pre,selected,"('FBCSP', 2)","[[""Riemann"", 0.01], [""Riemann"", 0.01], [""Riemann"", 0.1], [""FBCSP"", 4], [""Riemann"", 0.01]]",71,80,0.8875,0.8875,0.14158483237352085,0.5031821987177382
P2_post,CSP-baseline,"('CSP-baseline', 4)","[[""CSP-baseline"", 4], [""CSP-baseline"", 4], [""CSP-baseline"", 4], [""CSP-baseline"", 4], [""CSP-baseline"", 4]]",74,80,0.925,0.925,0.06966502666274894,0.2986638405481967
P2_post,FBCSP,"('FBCSP', 4)","[[""FBCSP"", 4], [""FBCSP"", 4], [""FBCSP"", 4], [""FBCSP"", 2], [""FBCSP"", 4]]",74,80,0.925,0.925,0.07132905121734956,0.4847897950469958
P2_post,Riemann,"('Riemann', 0.1)","[[""Riemann"", 0.01], [""Riemann"", 0.01], [""Riemann"", 0.01], [""Riemann"", 0.1], [""Riemann"", 0.01]]",72,80,0.9,0.8999999999999999,0.09928020599136465,0.34311380308244804
P2_post,TV-CSP,"('TV-CSP', 4)","[[""TV-CSP"", 4], [""TV-CSP"", 4], [""TV-CSP"", 4], [""TV-CSP"", 4], [""TV-CSP"", 4]]",74,80,0.925,0.925,0.08044197508349214,0.28085098707599376
P2_post,selected,"('FBCSP', 4)","[[""FBCSP"", 4], [""Riemann"", 0.01], [""TV-CSP"", 4], [""FBCSP"", 2], [""Riemann"", 0.01]]",71,80,0.8875,0.8875,0.08790370933406197,0.3896096643857508
P3_pre,CSP-baseline,"('CSP-baseline', 4)","[[""CSP-baseline"", 4], [""CSP-baseline"", 4], [""CSP-baseline"", 4], [""CSP-baseline"", 4], [""CSP-baseline"", 4]]",75,80,0.9375,0.9375,0.03828532816818742,0.1242185425031657
P3_pre,FBCSP,"('FBCSP', 4)","[[""FBCSP"", 4], [""FBCSP"", 4], [""FBCSP"", 4], [""FBCSP"", 4], [""FBCSP"", 4]]",77,80,0.9625,0.9624999999999999,0.03614688259522675,0.16694859580178334
P3_pre,Riemann,"('Riemann', 0.01)","[[""Riemann"", 0.01], [""Riemann"", 0.01], [""Riemann"", 0.01], [""Riemann"", 0.01], [""Riemann"", 0.1]]",73,80,0.9125,0.9125000000000001,0.08179503199266043,0.3064012527391782
P3_pre,TV-CSP,"('TV-CSP', 4)","[[""TV-CSP"", 2], [""TV-CSP"", 4], [""TV-CSP"", 4], [""TV-CSP"", 2], [""TV-CSP"", 4]]",72,80,0.9,0.9,0.07076095594698999,0.2538477157225441
P3_pre,selected,"('Riemann', 0.01)","[[""FBCSP"", 4], [""Riemann"", 0.01], [""Riemann"", 0.01], [""Riemann"", 0.01], [""TV-CSP"", 4]]",71,80,0.8875,0.8875,0.07337822810550217,0.267730595951552
P3_post,CSP-baseline,"('CSP-baseline', 4)","[[""CSP-baseline"", 4], [""CSP-baseline"", 4], [""CSP-baseline"", 4], [""CSP-baseline"", 4], [""CSP-baseline"", 4]]",68,80,0.85,0.8500000000000001,0.10413438938239535,0.3987219058285723
P3_post,FBCSP,"('FBCSP', 4)","[[""FBCSP"", 4], [""FBCSP"", 2], [""FBCSP"", 4], [""FBCSP"", 4], [""FBCSP"", 4]]",65,80,0.8125,0.8125,0.13182049978764573,0.6031106717981796
P3_post,Riemann,"('Riemann', 0.01)","[[""Riemann"", 0.1], [""Riemann"", 0.01], [""Riemann"", 0.1], [""Riemann"", 0.01], [""Riemann"", 0.01]]",66,80,0.825,0.825,0.15037088574416665,0.4728968899927019
P3_post,TV-CSP,"('TV-CSP', 4)","[[""TV-CSP"", 4], [""TV-CSP"", 4], [""TV-CSP"", 4], [""TV-CSP"", 4], [""TV-CSP"", 4]]",66,80,0.825,0.825,0.14857543251644645,0.49235788155900684
P3_post,selected,"('FBCSP', 4)","[[""FBCSP"", 4], [""TV-CSP"", 4], [""FBCSP"", 4], [""FBCSP"", 4], [""Riemann"", 0.01]]",65,80,0.8125,0.8125,0.15599892006229438,0.6238615071954132
