session,bin_low,bin_high,n,mean_probability,fraction_left
P1_pre,0.0,0.2,19,0.1133120290381737,0.0
P1_pre,0.2,0.4,18,0.2827025593954133,0.05555555555555555
P1_pre,0.4,0.6000000000000001,10,0.5040099178867061,0.6
P1_pre,0.6000000000000001,0.8,19,0.7119999058373367,1.0
P1_pre,0.8,1.0,14,0.8897357818471079,1.0
P1_post,0.0,0.2,33,0.005312972790550352,0.0
P1_post,0.2,0.4,0,,
P1_post,0.4,0.6000000000000001,0,,
P1_post,0.6000000000000001,0.8,0,,
P1_post,0.8,1.0,47,0.9982832270555207,0.851063829787234
P2_pre,0.0,0.2,27,0.07310369262177056,0.2222222222222222
P2_pre,0.2,0.4,4,0.2607411547838608,0.5
P2_pre,0.4,0.6000000000000001,8,0.5097017268339921,0.75
P2_pre,0.6000000000000001,0.8,13,0.7123607007329196,0.6923076923076923
P2_pre,0.8,1.0,28,0.9341958427384851,0.6071428571428571
P2_post,0.0,0.2,39,0.008897902810274748,0.02564102564102564
P2_post,0.2,0.4,0,,
P2_post,0.4,0.6000000000000001,1,0.5778291364325727,0.0
P2_post,0.6000000000000001,0.8,0,,
P2_post,0.8,1.0,40,0.9849058620914605,0.975
P3_pre,0.0,0.2,20,0.1140410621200197,0.0
P3_pre,0.2,0.4,15,0.28534093466343535,0.0
P3_pre,0.4,0.6000000000000001,16,0.5215784554460501,0.8125
P3_pre,0.6000000000000001,0.8,21,0.7091885646312927,0.9047619047619048
P3_pre,0.8,1.0,8,0.85534651221457,1.0
P3_post,0.0,0.2,39,0.011044567426562128,0.02564102564102564
P3_post,0.2,0.4,1,0.28638793870131574,0.0
P3_post,0.4,0.6000000000000001,1,0.5305033566489731,0.0
P3_post,0.6000000000000001,0.8,0,,
P3_post,0.8,1.0,39,0.986604277181412,1.0
