session,family,trial,label,p_left
P1_pre,CSP-baseline,0,-1,0.39475357102713343
P1_pre,CSP-baseline,1,-1,0.5102552019427838
P1_pre,CSP-baseline,2,-1,0.7805113495236158
P1_pre,CSP-baseline,3,-1,0.4022124247229845
P1_pre,CSP-baseline,4,-1,0.6178838610469328
P1_pre,CSP-baseline,5,1,0.9848091737241751
P1_pre,CSP-baseline,6,-1,0.72313116663896
P1_pre,CSP-baseline,7,1,0.9991639736687166
P1_pre,CSP-baseline,8,-1,0.3102518509860375
P1_pre,CSP-baseline,9,1,0.7069273121384763
P1_pre,CSP-baseline,10,-1,0.20709810996979972
P1_pre,CSP-baseline,11,-1,0.4969710153080828
P1_pre,CSP-baseline,12,-1,0.9979398710859504
P1_pre,CSP-baseline,13,1,0.7597638949833648
P1_pre,CSP-baseline,14,-1,0.2702881429002546
P1_pre,CSP-baseline,15,-1,0.2535849494532111
P1_pre,CSP-baseline,16,-1,0.004957933983781394
P1_pre,CSP-baseline,17,-1,0.028720307041496567
P1_pre,CSP-baseline,18,1,0.9858003218797188
P1_pre,CSP-baseline,19,-1,1.765186786335546e-06
P1_pre,CSP-baseline,20,1,0.9997219696567382
P1_pre,CSP-baseline,21,1,0.997766847797564
P1_pre,CSP-baseline,22,1,0.9989581363785952
P1_pre,CSP-baseline,23,-1,0.0019337875654540516
P1_pre,CSP-baseline,24,1,0.9999967563460566
P1_pre,CSP-baseline,25,1,0.6136585023694782
P1_pre,CSP-baseline,26,-1,0.0007254536850575938
P1_pre,CSP-baseline,27,-1,0.040398198879703875
P1_pre,CSP-baseline,28,1,0.9999825913054975
P1_pre,CSP-baseline,29,-1,0.007874657604939033
P1_pre,CSP-baseline,30,-1,0.029104960882537674
P1_pre,CSP-baseline,31,-1,0.009313316892277186
P1_pre,CSP-baseline,32,1,0.5598751030755558
P1_pre,CSP-baseline,33,-1,0.16254409398100528
P1_pre,CSP-baseline,34,1,0.6409882433286112
P1_pre,CSP-baseline,35,1,0.28554349941139917
P1_pre,CSP-baseline,36,-1,0.16940213208787389
P1_pre,CSP-baseline,37,1,0.926946942550476
P1_pre,CSP-baseline,38,1,0.4231678502116578
P1_pre,CSP-baseline,39,1,0.5453702077992513
P1_pre,CSP-baseline,40,-1,0.23340572548363053
P1_pre,CSP-baseline,41,-1,0.09904915009583318
P1_pre,CSP-baseline,42,1,0.5042110192712711
P1_pre,CSP-baseline,43,1,0.4884741597208429
P1_pre,CSP-baseline,44,1,0.49423610833242543
P1_pre,CSP-baseline,45,-1,0.18868266823644592
P1_pre,CSP-baseline,46,1,0.8387176162862411
P1_pre,CSP-baseline,47,-1,0.3058647366343004
P1_pre,CSP-baseline,48,-1,0.07747898632155956
P1_pre,CSP-baseline,49,1,0.9096472999488474
P1_pre,CSP-baseline,50,-1,0.37831568916884495
P1_pre,CSP-baseline,51,1,0.9088037037867532
P1_pre,CSP-baseline,52,1,0.31848975501524257
P1_pre,CSP-baseline,53,-1,0.3646540780892161
P1_pre,CSP-baseline,54,-1,0.28003470841773215
P1_pre,CSP-baseline,55,1,0.5858136636413523
P1_pre,CSP-baseline,56,-1,0.1481956299036924
P1_pre,CSP-baseline,57,1,0.5368741585684251
P1_pre,CSP-baseline,58,1,0.4460001805571915
P1_pre,CSP-baseline,59,1,0.6413270691947661
P1_pre,CSP-baseline,60,-1,0.37329881872403575
P1_pre,CSP-baseline,61,1,0.8508714722353801
P1_pre,CSP-baseline,62,1,0.6142815220055872
P1_pre,CSP-baseline,63,-1,0.31717005525336456
P1_pre,CSP-baseline,64,1,0.8199836110803722
P1_pre,CSP-baseline,65,1,0.033143253996554496
P1_pre,CSP-baseline,66,1,0.574906234613459
P1_pre,CSP-baseline,67,1,0.6129270137233752
P1_pre,CSP-baseline,68,1,0.44120847840485783
P1_pre,CSP-baseline,69,1,0.666273848189433
P1_pre,CSP-baseline,70,1,0.816328470289942
P1_pre,CSP-baseline,71,-1,0.19352023177764902
P1_pre,CSP-baseline,72,1,0.7818025792070614
P1_pre,CSP-baseline,73,1,0.5426349291976164
P1_pre,CSP-baseline,74,1,0.8755785587829283
P1_pre,CSP-baseline,75,-1,0.03703883838783873
P1_pre,CSP-baseline,76,-1,0.37495549926086713
P1_pre,CSP-baseline,77,-1,0.085550631416074
P1_pre,CSP-baseline,78,-1,0.16605227402712405
P1_pre,CSP-baseline,79,-1,0.08036203632079893
P1_pre,FBCSP,0,-1,0.016482490788913427
P1_pre,FBCSP,1,-1,0.013633017465697717
P1_pre,FBCSP,2,-1,0.40775693283172687
P1_pre,FBCSP,3,-1,3.164792888750567e-05
P1_pre,FBCSP,4,-1,0.9004963225975304
P1_pre,FBCSP,5,1,0.9978994420271851
P1_pre,FBCSP,6,-1,0.9905777793509966
P1_pre,FBCSP,7,1,0.9810774826552634
P1_pre,FBCSP,8,-1,0.1636732520645077
P1_pre,FBCSP,9,1,0.9981098760397512
P1_pre,FBCSP,10,-1,6.239480489109194e-05
P1_pre,FBCSP,11,-1,0.013066467723942805
P1_pre,FBCSP,12,-1,0.5108846831810826
P1_pre,FBCSP,13,1,0.43410044668417236
P1_pre,FBCSP,14,-1,3.660934904355191e-05
P1_pre,FBCSP,15,-1,0.0019404345488515538
P1_pre,FBCSP,16,-1,0.0013007601811046877
P1_pre,FBCSP,17,-1,0.0006326614746053918
P1_pre,FBCSP,18,1,0.9999871460649464
P1_pre,FBCSP,19,-1,3.531734224439249e-10
P1_pre,FBCSP,20,1,0.9999993543978818
P1_pre,FBCSP,21,1,0.9999034019991201
P1_pre,FBCSP,22,1,0.9999994240113679
P1_pre,FBCSP,23,-1,1.555874825033035e-07
P1_pre,FBCSP,24,1,0.9999995019996073
P1_pre,FBCSP,25,1,0.9981489438564698
P1_pre,FBCSP,26,-1,1.8197671457246607e-06
P1_pre,FBCSP,27,-1,0.013537586577424515
P1_pre,FBCSP,28,1,0.9999999981379517
P1_pre,FBCSP,29,-1,0.007787498010877075
P1_pre,FBCSP,30,-1,0.0008644805807964748
P1_pre,FBCSP,31,-1,9.782510878062725e-05
P1_pre,FBCSP,32,1,0.9935144301475152
P1_pre,FBCSP,33,-1,0.0016601236744785402
P1_pre,FBCSP,34,1,0.9957332026113012
P1_pre,FBCSP,35,1,0.7855667446309278
P1_pre,FBCSP,36,-1,5.194948324004892e-05
P1_pre,FBCSP,37,1,0.999999920725441
P1_pre,FBCSP,38,1,0.9271910656123111
P1_pre,FBCSP,39,1,0.997515883415902
P1_pre,FBCSP,40,-1,0.001494473348453647
P1_pre,FBCSP,41,-1,4.2606615378057e-05
P1_pre,FBCSP,42,1,0.9991580365844911
P1_pre,FBCSP,43,1,0.9511307782059074
P1_pre,FBCSP,44,1,0.9575908677881337
P1_pre,FBCSP,45,-1,0.01169456391856115
P1_pre,FBCSP,46,1,0.9999961348795827
P1_pre,FBCSP,47,-1,0.0369547947552181
P1_pre,FBCSP,48,-1,0.0015663826237856295
P1_pre,FBCSP,49,1,0.9999959592115721
P1_pre,FBCSP,50,-1,0.013304343398165908
P1_pre,FBCSP,51,1,0.999999888562092
P1_pre,FBCSP,52,1,0.16958393132018248
P1_pre,FBCSP,53,-1,0.4722311607580965
P1_pre,FBCSP,54,-1,0.02596060022717979
P1_pre,FBCSP,55,1,0.9609134880954963
P1_pre,FBCSP,56,-1,0.003087322114518725
P1_pre,FBCSP,57,1,0.994494418369147
P1_pre,FBCSP,58,1,0.4203814796344731
P1_pre,FBCSP,59,1,0.9981271518233692
P1_pre,FBCSP,60,-1,0.039869769610207724
P1_pre,FBCSP,61,1,0.9998683561891966
P1_pre,FBCSP,62,1,0.999659222072679
P1_pre,FBCSP,63,-1,0.21128668664130282
P1_pre,FBCSP,64,1,0.9997989027771274
P1_pre,FBCSP,65,1,0.013048173069125273
P1_pre,FBCSP,66,1,0.9283219651350173
P1_pre,FBCSP,67,1,0.996385153500662
P1_pre,FBCSP,68,1,0.8192635989942734
P1_pre,FBCSP,69,1,0.9895457343092507
P1_pre,FBCSP,70,1,0.9994953667188107
P1_pre,FBCSP,71,-1,0.00045415707288338006
P1_pre,FBCSP,72,1,0.9999149890680322
P1_pre,FBCSP,73,1,0.056573475796567345
P1_pre,FBCSP,74,1,0.9985239235839677
P1_pre,FBCSP,75,-1,8.436689266709168e-05
P1_pre,FBCSP,76,-1,0.003557358941531945
P1_pre,FBCSP,77,-1,8.472168735477995e-05
P1_pre,FBCSP,78,-1,0.0003679248911041578
P1_pre,FBCSP,79,-1,0.007432327058612872
P1_pre,Riemann,0,-1,0.313225183401157
P1_pre,Riemann,1,-1,0.2344704880612861
P1_pre,Riemann,2,-1,0.47967915966824476
P1_pre,Riemann,3,-1,0.38634170023993314
P1_pre,Riemann,4,-1,0.38465539886206157
P1_pre,Riemann,5,1,0.9250764177763546
P1_pre,Riemann,6,-1,0.4218614025152867
P1_pre,Riemann,7,1,0.8067766000212365
P1_pre,Riemann,8,-1,0.5815014414878024
P1_pre,Riemann,9,1,0.8516850789726919
P1_pre,Riemann,10,-1,0.11044571587098799
P1_pre,Riemann,11,-1,0.4112448389764189
P1_pre,Riemann,12,-1,0.7776751352680974
P1_pre,Riemann,13,1,0.7506493934622924
P1_pre,Riemann,14,-1,0.1405641223859877
P1_pre,Riemann,15,-1,0.32180609606073024
P1_pre,Riemann,16,-1,0.4176211746944273
P1_pre,Riemann,17,-1,0.27286063664912386
P1_pre,Riemann,18,1,0.8782019018464433
P1_pre,Riemann,19,-1,0.19144720278943198
P1_pre,Riemann,20,1,0.8697813779366445
P1_pre,Riemann,21,1,0.7209244562602839
P1_pre,Riemann,22,1,0.7259867176191979
P1_pre,Riemann,23,-1,0.23486521191153864
P1_pre,Riemann,24,1,0.6943253709266036
P1_pre,Riemann,25,1,0.654311529319664
P1_pre,Riemann,26,-1,0.18593777097095124
P1_pre,Riemann,27,-1,0.4422238447194877
P1_pre,Riemann,28,1,0.9358157462627319
P1_pre,Riemann,29,-1,0.3067810320583416
P1_pre,Riemann,30,-1,0.4331874711106151
P1_pre,Riemann,31,-1,0.2529277108255876
P1_pre,Riemann,32,1,0.9142895361404296
P1_pre,Riemann,33,-1,0.10638243743955521
P1_pre,Riemann,34,1,0.9104618134897617
P1_pre,Riemann,35,1,0.7836749890357907
P1_pre,Riemann,36,-1,0.042960079678012845
P1_pre,Riemann,37,1,0.9904573502543763
P1_pre,Riemann,38,1,0.8924688694058912
P1_pre,Riemann,39,1,0.8254063477491115
P1_pre,Riemann,40,-1,0.15206757667175255
P1_pre,Riemann,41,-1,0.10796056982379981
P1_pre,Riemann,42,1,0.9447055029367422
P1_pre,Riemann,43,1,0.7801219743541794
P1_pre,Riemann,44,1,0.6631316312392448
P1_pre,Riemann,45,-1,0.07754601997033872
P1_pre,Riemann,46,1,0.9523279043468484
P1_pre,Riemann,47,-1,0.172187338300021
P1_pre,Riemann,48,-1,0.26798334608116675
P1_pre,Riemann,49,1,0.850066282530898
P1_pre,Riemann,50,-1,0.31545233868488215
P1_pre,Riemann,51,1,0.8736353562005357
P1_pre,Riemann,52,1,0.552379139712165
P1_pre,Riemann,53,-1,0.2788913923914117
P1_pre,Riemann,54,-1,0.35817130153657417
P1_pre,Riemann,55,1,0.6244405058138088
P1_pre,Riemann,56,-1,0.1448522348246802
P1_pre,Riemann,57,1,0.6257983641394937
P1_pre,Riemann,58,1,0.5722259666778226
P1_pre,Riemann,59,1,0.5446688401157977
P1_pre,Riemann,60,-1,0.37426265140821685
P1_pre,Riemann,61,1,0.8431081671835123
P1_pre,Riemann,62,1,0.8243113123586777
P1_pre,Riemann,63,-1,0.20648215837104603
P1_pre,Riemann,64,1,0.6573000957741881
P1_pre,Riemann,65,1,0.5358868073574259
P1_pre,Riemann,66,1,0.5391599735103861
P1_pre,Riemann,67,1,0.5441531156857645
P1_pre,Riemann,68,1,0.5431772548720974
P1_pre,Riemann,69,1,0.6455996434799647
P1_pre,Riemann,70,1,0.7893411189795259
P1_pre,Riemann,71,-1,0.22141891946798617
P1_pre,Riemann,72,1,0.8488220990866341
P1_pre,Riemann,73,1,0.4543214415487847
P1_pre,Riemann,74,1,0.8014159873973968
P1_pre,Riemann,75,-1,0.2326335732232336
P1_pre,Riemann,76,-1,0.21625110026740907
P1_pre,Riemann,77,-1,0.19831250718760618
P1_pre,Riemann,78,-1,0.36645372762260275
P1_pre,Riemann,79,-1,0.37832551102803225
P1_pre,TV-CSP,0,-1,0.7055732613272162
P1_pre,TV-CSP,1,-1,0.5400194144025844
P1_pre,TV-CSP,2,-1,0.6109500829432922
P1_pre,TV-CSP,3,-1,0.5315380460855471
P1_pre,TV-CSP,4,-1,0.6902246090568902
P1_pre,TV-CSP,5,1,0.9159107872940804
P1_pre,TV-CSP,6,-1,0.8598161818443177
P1_pre,TV-CSP,7,1,0.9950459356052408
P1_pre,TV-CSP,8,-1,0.5938681325240339
P1_pre,TV-CSP,9,1,0.9212269409960332
P1_pre,TV-CSP,10,-1,0.4177446263346183
P1_pre,TV-CSP,11,-1,0.3491658014769255
P1_pre,TV-CSP,12,-1,0.5120994210557388
P1_pre,TV-CSP,13,1,0.9115463900267259
P1_pre,TV-CSP,14,-1,0.19331172019363935
P1_pre,TV-CSP,15,-1,0.04489835534512172
P1_pre,TV-CSP,16,-1,0.32472346490451975
P1_pre,TV-CSP,17,-1,0.16230203563123263
P1_pre,TV-CSP,18,1,0.8706840732965144
P1_pre,TV-CSP,19,-1,0.029434543521248083
P1_pre,TV-CSP,20,1,0.8992091433769722
P1_pre,TV-CSP,21,1,0.800633998045456
P1_pre,TV-CSP,22,1,0.3055384456857939
P1_pre,TV-CSP,23,-1,0.08418020488063849
P1_pre,TV-CSP,24,1,0.6694176247135023
P1_pre,TV-CSP,25,1,0.5868177701891734
P1_pre,TV-CSP,26,-1,0.004754242766950892
P1_pre,TV-CSP,27,-1,0.028464367560176864
P1_pre,TV-CSP,28,1,0.9990410554825585
P1_pre,TV-CSP,29,-1,0.3999259829871933
P1_pre,TV-CSP,30,-1,0.26636790167562663
P1_pre,TV-CSP,31,-1,0.211796436065364
P1_pre,TV-CSP,32,1,0.7993702805775976
P1_pre,TV-CSP,33,-1,0.38389957804284724
P1_pre,TV-CSP,34,1,0.8538658968494366
P1_pre,TV-CSP,35,1,0.7713928896206723
P1_pre,TV-CSP,36,-1,0.12989239653620124
P1_pre,TV-CSP,37,1,0.9534352890959419
P1_pre,TV-CSP,38,1,0.6979056276081981
P1_pre,TV-CSP,39,1,0.8676325872661621
P1_pre,TV-CSP,40,-1,0.12048405660864725
P1_pre,TV-CSP,41,-1,0.018049269728798778
P1_pre,TV-CSP,42,1,0.7635963721633255
P1_pre,TV-CSP,43,1,0.6269352198611217
P1_pre,TV-CSP,44,1,0.46200577037392415
P1_pre,TV-CSP,45,-1,0.2042369861979472
P1_pre,TV-CSP,46,1,0.6197445921256046
P1_pre,TV-CSP,47,-1,0.15455573274646697
P1_pre,TV-CSP,48,-1,0.20742729914173955
P1_pre,TV-CSP,49,1,0.7081962568134971
P1_pre,TV-CSP,50,-1,0.13483629030340516
P1_pre,TV-CSP,51,1,0.7694912386104977
P1_pre,TV-CSP,52,1,0.42943012345502807
P1_pre,TV-CSP,53,-1,0.07089401406723826
P1_pre,TV-CSP,54,-1,0.3434852820543818
P1_pre,TV-CSP,55,1,0.7444237258194331
P1_pre,TV-CSP,56,-1,0.19766636009482072
P1_pre,TV-CSP,57,1,0.6108981974531189
P1_pre,TV-CSP,58,1,0.4536464609388532
P1_pre,TV-CSP,59,1,0.8073393615375464
P1_pre,TV-CSP,60,-1,0.31579717810131935
P1_pre,TV-CSP,61,1,0.9585447160185303
P1_pre,TV-CSP,62,1,0.8812825271256363
P1_pre,TV-CSP,63,-1,0.23318429456087725
P1_pre,TV-CSP,64,1,0.5225604745195105
P1_pre,TV-CSP,65,1,0.347699840248158
P1_pre,TV-CSP,66,1,0.49111266208938686
P1_pre,TV-CSP,67,1,0.8107863017538222
P1_pre,TV-CSP,68,1,0.6451038593609913
P1_pre,TV-CSP,69,1,0.6380784871494332
P1_pre,TV-CSP,70,1,0.8755327012408098
P1_pre,TV-CSP,71,-1,0.0732547868255068
P1_pre,TV-CSP,72,1,0.9159089253686088
P1_pre,TV-CSP,73,1,0.3579833266175797
P1_pre,TV-CSP,74,1,0.6298950769138517
P1_pre,TV-CSP,75,-1,0.06476484058291643
P1_pre,TV-CSP,76,-1,0.07831941353787959
P1_pre,TV-CSP,77,-1,0.09541909280213036
P1_pre,TV-CSP,78,-1,0.34889260744578915
P1_pre,TV-CSP,79,-1,0.364123456086099
P1_pre,selected,0,-1,0.7055732613272162
P1_pre,selected,1,-1,0.5400194144025844
P1_pre,selected,2,-1,0.6109500829432922
P1_pre,selected,3,-1,0.5315380460855471
P1_pre,selected,4,-1,0.6902246090568902
P1_pre,selected,5,1,0.9159107872940804
P1_pre,selected,6,-1,0.8598161818443177
P1_pre,selected,7,1,0.9950459356052408
P1_pre,selected,8,-1,0.5938681325240339
P1_pre,selected,9,1,0.9212269409960332
P1_pre,selected,10,-1,0.4177446263346183
P1_pre,selected,11,-1,0.3491658014769255
P1_pre,selected,12,-1,0.5120994210557388
P1_pre,selected,13,1,0.9115463900267259
P1_pre,selected,14,-1,0.19331172019363935
P1_pre,selected,15,-1,0.04489835534512172
P1_pre,selected,16,-1,0.32472346490451975
P1_pre,selected,17,-1,0.16230203563123263
P1_pre,selected,18,1,0.8706840732965144
P1_pre,selected,19,-1,0.029434543521248083
P1_pre,selected,20,1,0.8992091433769722
P1_pre,selected,21,1,0.800633998045456
P1_pre,selected,22,1,0.3055384456857939
P1_pre,selected,23,-1,0.08418020488063849
P1_pre,selected,24,1,0.6694176247135023
P1_pre,selected,25,1,0.5868177701891734
P1_pre,selected,26,-1,0.004754242766950892
P1_pre,selected,27,-1,0.028464367560176864
P1_pre,selected,28,1,0.9990410554825585
P1_pre,selected,29,-1,0.3999259829871933
P1_pre,selected,30,-1,0.26636790167562663
P1_pre,selected,31,-1,0.211796436065364
P1_pre,selected,32,1,0.7993702805775976
P1_pre,selected,33,-1,0.38389957804284724
P1_pre,selected,34,1,0.8538658968494366
P1_pre,selected,35,1,0.7713928896206723
P1_pre,selected,36,-1,0.12989239653620124
P1_pre,selected,37,1,0.9534352890959419
P1_pre,selected,38,1,0.6979056276081981
P1_pre,selected,39,1,0.8676325872661621
P1_pre,selected,40,-1,0.12048405660864725
P1_pre,selected,41,-1,0.018049269728798778
P1_pre,selected,42,1,0.7635963721633255
P1_pre,selected,43,1,0.6269352198611217
P1_pre,selected,44,1,0.46200577037392415
P1_pre,selected,45,-1,0.2042369861979472
P1_pre,selected,46,1,0.6197445921256046
P1_pre,selected,47,-1,0.15455573274646697
P1_pre,selected,48,-1,0.0015663826237856295
P1_pre,selected,49,1,0.9999959592115721
P1_pre,selected,50,-1,0.013304343398165908
P1_pre,selected,51,1,0.999999888562092
P1_pre,selected,52,1,0.16958393132018248
P1_pre,selected,53,-1,0.4722311607580965
P1_pre,selected,54,-1,0.02596060022717979
P1_pre,selected,55,1,0.9609134880954963
P1_pre,selected,56,-1,0.003087322114518725
P1_pre,selected,57,1,0.994494418369147
P1_pre,selected,58,1,0.4203814796344731
P1_pre,selected,59,1,0.9981271518233692
P1_pre,selected,60,-1,0.039869769610207724
P1_pre,selected,61,1,0.9998683561891966
P1_pre,selected,62,1,0.999659222072679
P1_pre,selected,63,-1,0.21128668664130282
P1_pre,selected,64,1,0.6573000957741881
P1_pre,selected,65,1,0.5358868073574259
P1_pre,selected,66,1,0.5391599735103861
P1_pre,selected,67,1,0.5441531156857645
P1_pre,selected,68,1,0.5431772548720974
P1_pre,selected,69,1,0.6455996434799647
P1_pre,selected,70,1,0.7893411189795259
P1_pre,selected,71,-1,0.22141891946798617
P1_pre,selected,72,1,0.8488220990866341
P1_pre,selected,73,1,0.4543214415487847
P1_pre,selected,74,1,0.8014159873973968
P1_pre,selected,75,-1,0.2326335732232336
P1_pre,selected,76,-1,0.21625110026740907
P1_pre,selected,77,-1,0.19831250718760618
P1_pre,selected,78,-1,0.36645372762260275
P1_pre,selected,79,-1,0.37832551102803225
P1_post,CSP-baseline,0,-1,0.002245823813226824
P1_post,CSP-baseline,1,1,0.9969797377331936
P1_post,CSP-baseline,2,1,0.9984042100281593
P1_post,CSP-baseline,3,-1,1.9060879957218105e-08
P1_post,CSP-baseline,4,1,0.9983372523885361
P1_post,CSP-baseline,5,1,0.9995365035583346
P1_post,CSP-baseline,6,-1,1.8200891425679578e-07
P1_post,CSP-baseline,7,-1,1.4760811237345734e-06
P1_post,CSP-baseline,8,1,0.9999997911932791
P1_post,CSP-baseline,9,1,0.999950759742136
P1_post,CSP-baseline,10,-1,8.708293115459104e-06
P1_post,CSP-baseline,11,-1,5.846577805904466e-07
P1_post,CSP-baseline,12,1,0.9999998054660119
P1_post,CSP-baseline,13,-1,0.0005952100995921583
P1_post,CSP-baseline,14,1,0.9993037803012845
P1_post,CSP-baseline,15,-1,5.418708801607652e-05
P1_post,CSP-baseline,16,-1,3.210557775276357e-05
P1_post,CSP-baseline,17,1,0.9999993334007773
P1_post,CSP-baseline,18,-1,4.292459785893046e-05
P1_post,CSP-baseline,19,-1,0.014460979512123905
P1_post,CSP-baseline,20,1,0.9999999261208211
P1_post,CSP-baseline,21,1,0.9999930849411562
P1_post,CSP-baseline,22,1,0.002040620351191318
P1_post,CSP-baseline,23,-1,3.7016812755055583e-09
P1_post,CSP-baseline,24,1,0.9999980761916043
P1_post,CSP-baseline,25,1,0.9999034157722695
P1_post,CSP-baseline,26,-1,0.00025053536212323073
P1_post,CSP-baseline,27,1,0.9999999374050007
P1_post,CSP-baseline,28,1,0.9910861593467238
P1_post,CSP-baseline,29,-1,2.6906472964980978e-05
P1_post,CSP-baseline,30,-1,5.666397899071477e-07
P1_post,CSP-baseline,31,-1,1.58704833434891e-07
P1_post,CSP-baseline,32,1,0.9999999512452579
P1_post,CSP-baseline,33,-1,8.241906236347738e-07
P1_post,CSP-baseline,34,-1,1.3984721819310828e-06
P1_post,CSP-baseline,35,1,0.9999987041759052
P1_post,CSP-baseline,36,-1,4.165170491822009e-06
P1_post,CSP-baseline,37,1,0.9999999932886496
P1_post,CSP-baseline,38,1,0.9981862301077985
P1_post,CSP-baseline,39,-1,0.0025504943222928803
P1_post,CSP-baseline,40,1,0.9953464443671308
P1_post,CSP-baseline,41,1,0.9997053327006308
P1_post,CSP-baseline,42,-1,2.3784836584607776e-05
P1_post,CSP-baseline,43,-1,0.000420093268378835
P1_post,CSP-baseline,44,1,0.9999999964899617
P1_post,CSP-baseline,45,-1,2.3309014406230726e-07
P1_post,CSP-baseline,46,1,0.999982010723223
P1_post,CSP-baseline,47,-1,0.006350016463564995
P1_post,CSP-baseline,48,-1,0.0003201085628833746
P1_post,CSP-baseline,49,1,0.9999971430509813
P1_post,CSP-baseline,50,-1,2.459256278609219e-06
P1_post,CSP-baseline,51,-1,5.2878270450135164e-05
P1_post,CSP-baseline,52,1,0.9999999959130588
P1_post,CSP-baseline,53,1,0.9999545978332727
P1_post,CSP-baseline,54,-1,0.0036980790012391806
P1_post,CSP-baseline,55,-1,0.0014230913179227765
P1_post,CSP-baseline,56,1,0.9999999999127307
P1_post,CSP-baseline,57,1,0.9999982583207329
P1_post,CSP-baseline,58,-1,4.407169193639308e-11
P1_post,CSP-baseline,59,-1,3.864144395157637e-10
P1_post,CSP-baseline,60,-1,0.6803853856075007
P1_post,CSP-baseline,61,1,0.9999110971837258
P1_post,CSP-baseline,62,1,0.9999996519849988
P1_post,CSP-baseline,63,1,0.9999999999968996
P1_post,CSP-baseline,64,-1,2.160379417618614e-07
P1_post,CSP-baseline,65,1,0.9999997766320826
P1_post,CSP-baseline,66,-1,0.019640031114894426
P1_post,CSP-baseline,67,-1,2.705468079985676e-06
P1_post,CSP-baseline,68,1,0.9999999871684483
P1_post,CSP-baseline,69,1,0.9999999059076095
P1_post,CSP-baseline,70,-1,2.401568990018729e-07
P1_post,CSP-baseline,71,1,0.9998394695753003
P1_post,CSP-baseline,72,-1,6.69755513944589e-10
P1_post,CSP-baseline,73,-1,0.001194235788736123
P1_post,CSP-baseline,74,-1,0.0031246243471233204
P1_post,CSP-baseline,75,1,0.9999998446301358
P1_post,CSP-baseline,76,1,0.9999955424424984
P1_post,CSP-baseline,77,1,0.9999874949419747
P1_post,CSP-baseline,78,-1,0.001031756440675737
P1_post,CSP-baseline,79,1,0.9999998092136362
P1_post,FBCSP,0,-1,0.0019783912380491805
P1_post,FBCSP,1,1,0.9996189629691109
P1_post,FBCSP,2,1,0.9865893001606619
P1_post,FBCSP,3,-1,1.378901199820277e-05
P1_post,FBCSP,4,1,0.9998231819963193
P1_post,FBCSP,5,1,0.9998803691404027
P1_post,FBCSP,6,-1,5.4868950832743734e-05
P1_post,FBCSP,7,-1,0.0006648176422841089
P1_post,FBCSP,8,1,0.9999996784865505
P1_post,FBCSP,9,1,0.9983946385264381
P1_post,FBCSP,10,-1,2.7248672222140352e-05
P1_post,FBCSP,11,-1,0.000707929337385242
P1_post,FBCSP,12,1,0.9999996044406271
P1_post,FBCSP,13,-1,0.00015049157985610198
P1_post,FBCSP,14,1,0.9999656090116278
P1_post,FBCSP,15,-1,0.00030926116523156125
P1_post,FBCSP,16,-1,2.7136657980190523e-08
P1_post,FBCSP,17,1,0.9999999998314477
P1_post,FBCSP,18,-1,0.00013551693494356554
P1_post,FBCSP,19,-1,0.03063173607890737
P1_post,FBCSP,20,1,0.9999999997232587
P1_post,FBCSP,21,1,0.9999999736779497
P1_post,FBCSP,22,1,0.0002821155251110899
P1_post,FBCSP,23,-1,2.2027935168508324e-11
P1_post,FBCSP,24,1,0.999997188614423
P1_post,FBCSP,25,1,0.9999839402028265
P1_post,FBCSP,26,-1,2.8555100548239877e-07
P1_post,FBCSP,27,1,0.9999999999876339
P1_post,FBCSP,28,1,0.9999545113567053
P1_post,FBCSP,29,-1,1.0601495033656219e-07
P1_post,FBCSP,30,-1,1.43008369047563e-08
P1_post,FBCSP,31,-1,1.774497793609091e-07
P1_post,FBCSP,32,1,0.9999999726290109
P1_post,FBCSP,33,-1,2.110359719376247e-06
P1_post,FBCSP,34,-1,2.657045783626655e-07
P1_post,FBCSP,35,1,0.9999946688325729
P1_post,FBCSP,36,-1,4.821877422766834e-07
P1_post,FBCSP,37,1,0.9999996065416006
P1_post,FBCSP,38,1,0.9999769080356357
P1_post,FBCSP,39,-1,0.00021279183745164816
P1_post,FBCSP,40,1,0.9950449406361082
P1_post,FBCSP,41,1,0.9994446761442364
P1_post,FBCSP,42,-1,1.180029411760199e-05
P1_post,FBCSP,43,-1,0.0003392123408831922
P1_post,FBCSP,44,1,0.9999999036850784
P1_post,FBCSP,45,-1,3.0814956900884687e-06
P1_post,FBCSP,46,1,0.9999991095683061
P1_post,FBCSP,47,-1,0.019222879840867187
P1_post,FBCSP,48,-1,1.8423688060172966e-07
P1_post,FBCSP,49,1,0.9999999999999998
P1_post,FBCSP,50,-1,3.516011784984805e-10
P1_post,FBCSP,51,-1,1.249634441023553e-07
P1_post,FBCSP,52,1,0.9999999999999913
P1_post,FBCSP,53,1,1.0
P1_post,FBCSP,54,-1,4.677084997053049e-11
P1_post,FBCSP,55,-1,3.6733423014739036e-08
P1_post,FBCSP,56,1,1.0
P1_post,FBCSP,57,1,0.999999945181618
P1_post,FBCSP,58,-1,2.998453520272397e-15
P1_post,FBCSP,59,-1,2.737034158695888e-18
P1_post,FBCSP,60,-1,4.9337813435363926e-05
P1_post,FBCSP,61,1,0.9999999919809252
P1_post,FBCSP,62,1,1.0
P1_post,FBCSP,63,1,1.0
P1_post,FBCSP,64,-1,8.2239100179097e-09
P1_post,FBCSP,65,1,0.9999999999971763
P1_post,FBCSP,66,-1,8.585499017224317e-10
P1_post,FBCSP,67,-1,1.2253244525357622e-10
P1_post,FBCSP,68,1,0.9999999996045061
P1_post,FBCSP,69,1,0.9999999999998128
P1_post,FBCSP,70,-1,8.39866199870646e-12
P1_post,FBCSP,71,1,0.9999999990937694
P1_post,FBCSP,72,-1,7.110171800960538e-16
P1_post,FBCSP,73,-1,3.9442116983174916e-09
P1_post,FBCSP,74,-1,3.5753808511135086e-08
P1_post,FBCSP,75,1,0.9999999147876691
P1_post,FBCSP,76,1,0.9999999860715354
P1_post,FBCSP,77,1,0.9999999992528208
P1_post,FBCSP,78,-1,8.735537971687791e-07
P1_post,FBCSP,79,1,0.9999999999956402
P1_post,Riemann,0,-1,0.09564688370119981
P1_post,Riemann,1,1,0.8124130331144679
P1_post,Riemann,2,1,0.6677742771006313
P1_post,Riemann,3,-1,0.06678838783167952
P1_post,Riemann,4,1,0.8418023874580225
P1_post,Riemann,5,1,0.8032560324335515
P1_post,Riemann,6,-1,0.04510939302377999
P1_post,Riemann,7,-1,0.18764226620221477
P1_post,Riemann,8,1,0.9459774192906517
P1_post,Riemann,9,1,0.7568677256720159
P1_post,Riemann,10,-1,0.09713896481704021
P1_post,Riemann,11,-1,0.1473607687521112
P1_post,Riemann,12,1,0.9613517336501387
P1_post,Riemann,13,-1,0.1778106953634273
P1_post,Riemann,14,1,0.8436726779118384
P1_post,Riemann,15,-1,0.10048688762665377
P1_post,Riemann,16,-1,0.13441205673346612
P1_post,Riemann,17,1,0.9116971869972796
P1_post,Riemann,18,-1,0.2088863405117579
P1_post,Riemann,19,-1,0.36683465633366474
P1_post,Riemann,20,1,0.9357167505451154
P1_post,Riemann,21,1,0.8947193403100775
P1_post,Riemann,22,1,0.43220707944453984
P1_post,Riemann,23,-1,0.10731481989403426
P1_post,Riemann,24,1,0.8342999495439987
P1_post,Riemann,25,1,0.6055784877598381
P1_post,Riemann,26,-1,0.14471676985482546
P1_post,Riemann,27,1,0.9059222552458329
P1_post,Riemann,28,1,0.6718922184032067
P1_post,Riemann,29,-1,0.15439309182443722
P1_post,Riemann,30,-1,0.0789703670639543
P1_post,Riemann,31,-1,0.15944196141027148
P1_post,Riemann,32,1,0.9347184628589907
P1_post,Riemann,33,-1,0.10437058449575522
P1_post,Riemann,34,-1,0.1793434021182689
P1_post,Riemann,35,1,0.9048917474004762
P1_post,Riemann,36,-1,0.15460231035058877
P1_post,Riemann,37,1,0.9482557159670821
P1_post,Riemann,38,1,0.8822109049647016
P1_post,Riemann,39,-1,0.2706265470868823
P1_post,Riemann,40,1,0.7462256570232148
P1_post,Riemann,41,1,0.8282606949069928
P1_post,Riemann,42,-1,0.17990394170647084
P1_post,Riemann,43,-1,0.19460218918884298
P1_post,Riemann,44,1,0.9171363531798676
P1_post,Riemann,45,-1,0.12997785884715068
P1_post,Riemann,46,1,0.8844258795580984
P1_post,Riemann,47,-1,0.21086740299901927
P1_post,Riemann,48,-1,0.22128017678271883
P1_post,Riemann,49,1,0.8903053224073024
P1_post,Riemann,50,-1,0.15640577187058444
P1_post,Riemann,51,-1,0.25545355404510767
P1_post,Riemann,52,1,0.9345034064403557
P1_post,Riemann,53,1,0.8225699780544792
P1_post,Riemann,54,-1,0.39779606731986766
P1_post,Riemann,55,-1,0.23672393179165724
P1_post,Riemann,56,1,0.9389040970863041
P1_post,Riemann,57,1,0.7606087914714157
P1_post,Riemann,58,-1,0.04840310025974498
P1_post,Riemann,59,-1,0.07060189024455468
P1_post,Riemann,60,-1,0.5120328745083988
P1_post,Riemann,61,1,0.8033330990020064
P1_post,Riemann,62,1,0.9005047045362379
P1_post,Riemann,63,1,0.8998065603174364
P1_post,Riemann,64,-1,0.017841462752217763
P1_post,Riemann,65,1,0.9755891738210778
P1_post,Riemann,66,-1,0.07586358081395615
P1_post,Riemann,67,-1,0.0328970854291193
P1_post,Riemann,68,1,0.9823909509697397
P1_post,Riemann,69,1,0.977525358715145
P1_post,Riemann,70,-1,0.043803102523628595
P1_post,Riemann,71,1,0.975208841273854
P1_post,Riemann,72,-1,0.008804547754389068
P1_post,Riemann,73,-1,0.06246321524568875
P1_post,Riemann,74,-1,0.08434661465275639
P1_post,Riemann,75,1,0.9631802563655957
P1_post,Riemann,76,1,0.9178472316808973
P1_post,Riemann,77,1,0.9290808664927206
P1_post,Riemann,78,-1,0.0970648460386007
P1_post,Riemann,79,1,0.9859796159402618
P1_post,TV-CSP,0,-1,0.005047914461838272
P1_post,TV-CSP,1,1,0.7707815798197252
P1_post,TV-CSP,2,1,0.8027033201701014
P1_post,TV-CSP,3,-1,1.5123451482570575e-05
P1_post,TV-CSP,4,1,0.5216796870919475
P1_post,TV-CSP,5,1,0.9978613596975714
P1_post,TV-CSP,6,-1,0.0023262068324912447
P1_post,TV-CSP,7,-1,0.033722647339264694
P1_post,TV-CSP,8,1,0.9099123073366273
P1_post,TV-CSP,9,1,0.8157610890630407
P1_post,TV-CSP,10,-1,0.08896309525930719
P1_post,TV-CSP,11,-1,0.0028909531569535044
P1_post,TV-CSP,12,1,0.7527869313261808
P1_post,TV-CSP,13,-1,0.14099020329526188
P1_post,TV-CSP,14,1,0.995410461308174
P1_post,TV-CSP,15,-1,0.00033323124803617186
P1_post,TV-CSP,16,-1,0.014226520094914279
P1_post,TV-CSP,17,1,0.9991577587459148
P1_post,TV-CSP,18,-1,0.04582104864751466
P1_post,TV-CSP,19,-1,0.3862844525353609
P1_post,TV-CSP,20,1,0.9998277413076901
P1_post,TV-CSP,21,1,0.8807671599201887
P1_post,TV-CSP,22,1,0.3558142265997295
P1_post,TV-CSP,23,-1,0.0038322094047616765
P1_post,TV-CSP,24,1,0.9460457687009086
P1_post,TV-CSP,25,1,0.7000863122122155
P1_post,TV-CSP,26,-1,0.22882518687659428
P1_post,TV-CSP,27,1,0.9924067577354743
P1_post,TV-CSP,28,1,0.9549687633837526
P1_post,TV-CSP,29,-1,0.206572434986064
P1_post,TV-CSP,30,-1,0.2169548793140757
P1_post,TV-CSP,31,-1,0.057672407136569834
P1_post,TV-CSP,32,1,0.9993106405217664
P1_post,TV-CSP,33,-1,0.1581802868614161
P1_post,TV-CSP,34,-1,0.05800155551121745
P1_post,TV-CSP,35,1,0.9973414213980292
P1_post,TV-CSP,36,-1,0.24529395554500746
P1_post,TV-CSP,37,1,0.9844913092672393
P1_post,TV-CSP,38,1,0.9933500297236773
P1_post,TV-CSP,39,-1,0.24469630663494396
P1_post,TV-CSP,40,1,0.8805468824105507
P1_post,TV-CSP,41,1,0.979435331540195
P1_post,TV-CSP,42,-1,0.23698701761209243
P1_post,TV-CSP,43,-1,0.23133058054466024
P1_post,TV-CSP,44,1,0.8356365314731825
P1_post,TV-CSP,45,-1,0.23234414440964932
P1_post,TV-CSP,46,1,0.8078868777339017
P1_post,TV-CSP,47,-1,0.40176731879022554
P1_post,TV-CSP,48,-1,0.12846839038241092
P1_post,TV-CSP,49,1,0.9997476944024111
P1_post,TV-CSP,50,-1,0.00297625213961524
P1_post,TV-CSP,51,-1,0.0002768975403906382
P1_post,TV-CSP,52,1,0.9998976806285739
P1_post,TV-CSP,53,1,0.9999487465365475
P1_post,TV-CSP,54,-1,0.026162378823414253
P1_post,TV-CSP,55,-1,0.07433123085402517
P1_post,TV-CSP,56,1,0.9999406649084424
P1_post,TV-CSP,57,1,0.8737758623000133
P1_post,TV-CSP,58,-1,0.00010385845425387137
P1_post,TV-CSP,59,-1,0.03676302038608341
P1_post,TV-CSP,60,-1,0.2255289251378542
P1_post,TV-CSP,61,1,0.9995989865018865
P1_post,TV-CSP,62,1,0.9997514602445272
P1_post,TV-CSP,63,1,0.8742566793228204
P1_post,TV-CSP,64,-1,8.120555994200498e-07
P1_post,TV-CSP,65,1,0.9999787661331138
P1_post,TV-CSP,66,-1,0.0075050931347091
P1_post,TV-CSP,67,-1,0.009772007583883175
P1_post,TV-CSP,68,1,0.9804671793642946
P1_post,TV-CSP,69,1,0.9999312537947811
P1_post,TV-CSP,70,-1,0.0983650768728348
P1_post,TV-CSP,71,1,0.9998412077277247
P1_post,TV-CSP,72,-1,9.265386239725826e-06
P1_post,TV-CSP,73,-1,0.00481074423533447
P1_post,TV-CSP,74,-1,0.07006104878703082
P1_post,TV-CSP,75,1,0.9995547360885205
P1_post,TV-CSP,76,1,0.8394748017489747
P1_post,TV-CSP,77,1,0.9968772733014521
P1_post,TV-CSP,78,-1,0.19100214393855078
P1_post,TV-CSP,79,1,0.9999634054271569
P1_post,selected,0,-1,0.005047914461838272
P1_post,selected,1,1,0.7707815798197252
P1_post,selected,2,1,0.8027033201701014
P1_post,selected,3,-1,1.5123451482570575e-05
P1_post,selected,4,1,0.5216796870919475
P1_post,selected,5,1,0.9978613596975714
P1_post,selected,6,-1,0.0023262068324912447
P1_post,selected,7,-1,0.033722647339264694
P1_post,selected,8,1,0.9099123073366273
P1_post,selected,9,1,0.8157610890630407
P1_post,selected,10,-1,0.08896309525930719
P1_post,selected,11,-1,0.0028909531569535044
P1_post,selected,12,1,0.7527869313261808
P1_post,selected,13,-1,0.14099020329526188
P1_post,selected,14,1,0.995410461308174
P1_post,selected,15,-1,0.00033323124803617186
P1_post,selected,16,-1,2.7136657980190523e-08
P1_post,selected,17,1,0.9999999998314477
P1_post,selected,18,-1,0.00013551693494356554
P1_post,selected,19,-1,0.03063173607890737
P1_post,selected,20,1,0.9999999997232587
P1_post,selected,21,1,0.9999999736779497
P1_post,selected,22,1,0.0002821155251110899
P1_post,selected,23,-1,2.2027935168508324e-11
P1_post,selected,24,1,0.999997188614423
P1_post,selected,25,1,0.9999839402028265
P1_post,selected,26,-1,2.8555100548239877e-07
P1_post,selected,27,1,0.9999999999876339
P1_post,selected,28,1,0.9999545113567053
P1_post,selected,29,-1,1.0601495033656219e-07
P1_post,selected,30,-1,1.43008369047563e-08
P1_post,selected,31,-1,1.774497793609091e-07
P1_post,selected,32,1,0.9347184628589907
P1_post,selected,33,-1,0.10437058449575522
P1_post,selected,34,-1,0.1793434021182689
P1_post,selected,35,1,0.9048917474004762
P1_post,selected,36,-1,0.15460231035058877
P1_post,selected,37,1,0.9482557159670821
P1_post,selected,38,1,0.8822109049647016
P1_post,selected,39,-1,0.2706265470868823
P1_post,selected,40,1,0.7462256570232148
P1_post,selected,41,1,0.8282606949069928
P1_post,selected,42,-1,0.17990394170647084
P1_post,selected,43,-1,0.19460218918884298
P1_post,selected,44,1,0.9171363531798676
P1_post,selected,45,-1,0.12997785884715068
P1_post,selected,46,1,0.8844258795580984
P1_post,selected,47,-1,0.21086740299901927
P1_post,selected,48,-1,0.12846839038241092
P1_post,selected,49,1,0.9997476944024111
P1_post,selected,50,-1,0.00297625213961524
P1_post,selected,51,-1,0.0002768975403906382
P1_post,selected,52,1,0.9998976806285739
P1_post,selected,53,1,0.9999487465365475
P1_post,selected,54,-1,0.026162378823414253
P1_post,selected,55,-1,0.07433123085402517
P1_post,selected,56,1,0.9999406649084424
P1_post,selected,57,1,0.8737758623000133
P1_post,selected,58,-1,0.00010385845425387137
P1_post,selected,59,-1,0.03676302038608341
P1_post,selected,60,-1,0.2255289251378542
P1_post,selected,61,1,0.9995989865018865
P1_post,selected,62,1,0.9997514602445272
P1_post,selected,63,1,0.8742566793228204
P1_post,selected,64,-1,0.017841462752217763
P1_post,selected,65,1,0.9755891738210778
P1_post,selected,66,-1,0.07586358081395615
P1_post,selected,67,-1,0.0328970854291193
P1_post,selected,68,1,0.9823909509697397
P1_post,selected,69,1,0.977525358715145
P1_post,selected,70,-1,0.043803102523628595
P1_post,selected,71,1,0.975208841273854
P1_post,selected,72,-1,0.008804547754389068
P1_post,selected,73,-1,0.06246321524568875
P1_post,selected,74,-1,0.08434661465275639
P1_post,selected,75,1,0.9631802563655957
P1_post,selected,76,1,0.9178472316808973
P1_post,selected,77,1,0.9290808664927206
P1_post,selected,78,-1,0.0970648460386007
P1_post,selected,79,1,0.9859796159402618
P2_pre,CSP-baseline,0,-1,0.029855559817110622
P2_pre,CSP-baseline,1,-1,0.5197880520609804
P2_pre,CSP-baseline,2,-1,0.4380400791772691
P2_pre,CSP-baseline,3,1,0.9927071111768795
P2_pre,CSP-baseline,4,1,0.9566451157613151
P2_pre,CSP-baseline,5,1,0.9715793015667299
P2_pre,CSP-baseline,6,1,0.9940028418548291
P2_pre,CSP-baseline,7,1,0.8283359880274976
P2_pre,CSP-baseline,8,1,0.14404284061751627
P2_pre,CSP-baseline,9,1,0.8006375563937885
P2_pre,CSP-baseline,10,-1,0.046565253777091135
P2_pre,CSP-baseline,11,-1,0.06266177228053466
P2_pre,CSP-baseline,12,-1,0.8414804161706883
P2_pre,CSP-baseline,13,1,0.9917692843466234
P2_pre,CSP-baseline,14,1,0.9738008374162023
P2_pre,CSP-baseline,15,-1,0.1129951221598568
P2_pre,CSP-baseline,16,1,0.9985365793633021
P2_pre,CSP-baseline,17,1,0.8885027494860157
P2_pre,CSP-baseline,18,1,0.21980495900530841
P2_pre,CSP-baseline,19,1,0.43936249803667005
P2_pre,CSP-baseline,20,-1,0.1896201609615212
P2_pre,CSP-baseline,21,-1,0.36802820944433967
P2_pre,CSP-baseline,22,1,0.9945490846078265
P2_pre,CSP-baseline,23,-1,0.8396501888487123
P2_pre,CSP-baseline,24,1,0.9718671186810598
P2_pre,CSP-baseline,25,-1,0.025292317002255003
P2_pre,CSP-baseline,26,1,0.9540305253196358
P2_pre,CSP-baseline,27,-1,0.1743889388880877
P2_pre,CSP-baseline,28,1,0.8727501980548457
P2_pre,CSP-baseline,29,-1,0.08136302671952801
P2_pre,CSP-baseline,30,-1,0.3739075973784677
P2_pre,CSP-baseline,31,-1,0.13539267976263902
P2_pre,CSP-baseline,32,-1,0.44086286679832437
P2_pre,CSP-baseline,33,-1,0.5365580415096398
P2_pre,CSP-baseline,34,-1,0.07876084903113859
P2_pre,CSP-baseline,35,1,0.7741586052020697
P2_pre,CSP-baseline,36,1,0.7190226032670687
P2_pre,CSP-baseline,37,1,0.6640859784351665
P2_pre,CSP-baseline,38,-1,0.13649406521953186
P2_pre,CSP-baseline,39,-1,0.7462825779955177
P2_pre,CSP-baseline,40,1,0.3887310688842408
P2_pre,CSP-baseline,41,1,0.37890127188545897
P2_pre,CSP-baseline,42,1,0.9238915306321196
P2_pre,CSP-baseline,43,1,0.8897273208841279
P2_pre,CSP-baseline,44,1,0.8951079073438405
P2_pre,CSP-baseline,45,1,0.8986274815807427
P2_pre,CSP-baseline,46,-1,0.5724268034248201
P2_pre,CSP-baseline,47,-1,0.6301590450007883
P2_pre,CSP-baseline,48,-1,0.27349849531104314
P2_pre,CSP-baseline,49,-1,0.08588728964762388
P2_pre,CSP-baseline,50,-1,0.6604283129674298
P2_pre,CSP-baseline,51,1,0.6578358890021748
P2_pre,CSP-baseline,52,1,0.439316472026465
P2_pre,CSP-baseline,53,1,0.4654206862162118
P2_pre,CSP-baseline,54,-1,0.0573136867535522
P2_pre,CSP-baseline,55,-1,0.4496957570056809
P2_pre,CSP-baseline,56,-1,0.04472163343290277
P2_pre,CSP-baseline,57,1,0.7850084687591683
P2_pre,CSP-baseline,58,-1,0.009884893916373011
P2_pre,CSP-baseline,59,1,0.28721536047592294
P2_pre,CSP-baseline,60,-1,0.002060225084341264
P2_pre,CSP-baseline,61,-1,0.049247996625373575
P2_pre,CSP-baseline,62,1,0.43176597322249083
P2_pre,CSP-baseline,63,-1,0.05359790356849145
P2_pre,CSP-baseline,64,1,0.9936311492373373
P2_pre,CSP-baseline,65,-1,0.06255267696540141
P2_pre,CSP-baseline,66,1,0.9926994906979384
P2_pre,CSP-baseline,67,1,0.7792335193072035
P2_pre,CSP-baseline,68,1,0.18785765680292346
P2_pre,CSP-baseline,69,-1,0.0076855603670666715
P2_pre,CSP-baseline,70,1,0.9682676977641682
P2_pre,CSP-baseline,71,-1,0.004763768347854347
P2_pre,CSP-baseline,72,-1,0.7116597719105755
P2_pre,CSP-baseline,73,-1,0.10188912360376005
P2_pre,CSP-baseline,74,-1,0.19466116802111375
P2_pre,CSP-baseline,75,1,0.965579655826329
P2_pre,CSP-baseline,76,-1,0.02051627515268726
P2_pre,CSP-baseline,77,-1,0.02986839364503661
P2_pre,CSP-baseline,78,1,0.5382160948098056
P2_pre,CSP-baseline,79,1,0.25613501626981355
P2_pre,FBCSP,0,-1,8.02700562812127e-05
P2_pre,FBCSP,1,-1,0.5168426362275601
P2_pre,FBCSP,2,-1,0.6779093135751584
P2_pre,FBCSP,3,1,0.999458652310693
P2_pre,FBCSP,4,1,0.8918443114030143
P2_pre,FBCSP,5,1,0.9920084675128602
P2_pre,FBCSP,6,1,0.9944622576034027
P2_pre,FBCSP,7,1,0.9955134461760871
P2_pre,FBCSP,8,1,0.09176272548311562
P2_pre,FBCSP,9,1,0.9341838411552971
P2_pre,FBCSP,10,-1,0.002728448042998758
P2_pre,FBCSP,11,-1,0.005236819219821231
P2_pre,FBCSP,12,-1,0.8337775282861007
P2_pre,FBCSP,13,1,0.9963501260327687
P2_pre,FBCSP,14,1,0.9918360583587185
P2_pre,FBCSP,15,-1,0.0008241898985391231
P2_pre,FBCSP,16,1,0.9997241052169267
P2_pre,FBCSP,17,1,0.8669227795858486
P2_pre,FBCSP,18,1,0.480759415999474
P2_pre,FBCSP,19,1,0.480586556233479
P2_pre,FBCSP,20,-1,0.16803646613303672
P2_pre,FBCSP,21,-1,0.19060783622096472
P2_pre,FBCSP,22,1,0.9995557238295305
P2_pre,FBCSP,23,-1,0.5097076778894091
P2_pre,FBCSP,24,1,0.9996018499378644
P2_pre,FBCSP,25,-1,0.007106042316982505
P2_pre,FBCSP,26,1,0.98711806518021
P2_pre,FBCSP,27,-1,0.07125268066506975
P2_pre,FBCSP,28,1,0.9699914588130567
P2_pre,FBCSP,29,-1,0.043785708125529066
P2_pre,FBCSP,30,-1,0.5671624118096577
P2_pre,FBCSP,31,-1,0.05139089243663437
P2_pre,FBCSP,32,-1,0.02620306409065406
P2_pre,FBCSP,33,-1,0.03996754028961276
P2_pre,FBCSP,34,-1,0.3129847785867409
P2_pre,FBCSP,35,1,0.9913356726536476
P2_pre,FBCSP,36,1,0.7160891079304031
P2_pre,FBCSP,37,1,0.8375298991127634
P2_pre,FBCSP,38,-1,0.004351676901275976
P2_pre,FBCSP,39,-1,0.6753646159629952
P2_pre,FBCSP,40,1,0.29606376027565995
P2_pre,FBCSP,41,1,0.5424429075820465
P2_pre,FBCSP,42,1,0.9991717853111889
P2_pre,FBCSP,43,1,0.9865462361530837
P2_pre,FBCSP,44,1,0.9711062290264567
P2_pre,FBCSP,45,1,0.9589121136132646
P2_pre,FBCSP,46,-1,0.709664245768864
P2_pre,FBCSP,47,-1,0.3668801209014051
P2_pre,FBCSP,48,-1,0.25000791500564573
P2_pre,FBCSP,49,-1,0.02802322290209995
P2_pre,FBCSP,50,-1,0.8574745214699626
P2_pre,FBCSP,51,1,0.9167205724629484
P2_pre,FBCSP,52,1,0.14950672166122822
P2_pre,FBCSP,53,1,0.2928031598454254
P2_pre,FBCSP,54,-1,0.0772110437269551
P2_pre,FBCSP,55,-1,0.16106634628945898
P2_pre,FBCSP,56,-1,0.0008014809171529717
P2_pre,FBCSP,57,1,0.8251481932855029
P2_pre,FBCSP,58,-1,0.00013692425957863286
P2_pre,FBCSP,59,1,0.0011971007628338996
P2_pre,FBCSP,60,-1,0.000731278725588319
P2_pre,FBCSP,61,-1,0.016655562604525432
P2_pre,FBCSP,62,1,0.6577076884950976
P2_pre,FBCSP,63,-1,0.19161696804456735
P2_pre,FBCSP,64,1,0.9938327553334136
P2_pre,FBCSP,65,-1,0.3665323664799396
P2_pre,FBCSP,66,1,0.9963449529840905
P2_pre,FBCSP,67,1,0.8866411437147191
P2_pre,FBCSP,68,1,0.3988022974259241
P2_pre,FBCSP,69,-1,0.005247183330395187
P2_pre,FBCSP,70,1,0.9971116007263672
P2_pre,FBCSP,71,-1,0.011762839350536097
P2_pre,FBCSP,72,-1,0.5860129750852854
P2_pre,FBCSP,73,-1,0.23061881078490076
P2_pre,FBCSP,74,-1,0.41137168428900317
P2_pre,FBCSP,75,1,0.9876091349460727
P2_pre,FBCSP,76,-1,0.006744223934874461
P2_pre,FBCSP,77,-1,0.020964747398658765
P2_pre,FBCSP,78,1,0.5185811107726678
P2_pre,FBCSP,79,1,0.8463252328296682
P2_pre,Riemann,0,-1,0.17285488211858832
P2_pre,Riemann,1,-1,0.5252205273692967
P2_pre,Riemann,2,-1,0.5396721880808547
P2_pre,Riemann,3,1,0.6531461911869005
P2_pre,Riemann,4,1,0.717478818301457
P2_pre,Riemann,5,1,0.6514685776467943
P2_pre,Riemann,6,1,0.7374990732885464
P2_pre,Riemann,7,1,0.5556228637332733
P2_pre,Riemann,8,1,0.3877312931676779
P2_pre,Riemann,9,1,0.6842177736350876
P2_pre,Riemann,10,-1,0.3300688787906949
P2_pre,Riemann,11,-1,0.4975278305603265
P2_pre,Riemann,12,-1,0.39644719720939625
P2_pre,Riemann,13,1,0.7177128670853019
P2_pre,Riemann,14,1,0.6822713923474787
P2_pre,Riemann,15,-1,0.2569124631317357
P2_pre,Riemann,16,1,0.8086251242490822
P2_pre,Riemann,17,1,0.605106182143023
P2_pre,Riemann,18,1,0.6074989042515856
P2_pre,Riemann,19,1,0.5786576034328413
P2_pre,Riemann,20,-1,0.3847872719946036
P2_pre,Riemann,21,-1,0.4106760410735262
P2_pre,Riemann,22,1,0.8536468315898121
P2_pre,Riemann,23,-1,0.38501353721768394
P2_pre,Riemann,24,1,0.8954317000095572
P2_pre,Riemann,25,-1,0.45971977505764877
P2_pre,Riemann,26,1,0.7920649346004162
P2_pre,Riemann,27,-1,0.48927562728054963
P2_pre,Riemann,28,1,0.5255381305391451
P2_pre,Riemann,29,-1,0.3471720251473518
P2_pre,Riemann,30,-1,0.46350698246608285
P2_pre,Riemann,31,-1,0.22678257133147392
P2_pre,Riemann,32,-1,0.2314909089819277
P2_pre,Riemann,33,-1,0.18412514962588092
P2_pre,Riemann,34,-1,0.2010902580011857
P2_pre,Riemann,35,1,0.9455957627067886
P2_pre,Riemann,36,1,0.9496011127319469
P2_pre,Riemann,37,1,0.6154819504066791
P2_pre,Riemann,38,-1,0.2804576770350759
P2_pre,Riemann,39,-1,0.24647200904437336
P2_pre,Riemann,40,1,0.5214174066492198
P2_pre,Riemann,41,1,0.7561698879262828
P2_pre,Riemann,42,1,0.9006031339313705
P2_pre,Riemann,43,1,0.6622108593392707
P2_pre,Riemann,44,1,0.8266595618921159
P2_pre,Riemann,45,1,0.5197595832316869
P2_pre,Riemann,46,-1,0.4028452792088605
P2_pre,Riemann,47,-1,0.3068135990743839
P2_pre,Riemann,48,-1,0.5230957680051
P2_pre,Riemann,49,-1,0.44376063685354367
P2_pre,Riemann,50,-1,0.5575122116090815
P2_pre,Riemann,51,1,0.6398510252050099
P2_pre,Riemann,52,1,0.4121192610128075
P2_pre,Riemann,53,1,0.5207970192717396
P2_pre,Riemann,54,-1,0.36244614354126
P2_pre,Riemann,55,-1,0.4321294257676795
P2_pre,Riemann,56,-1,0.37523159185831656
P2_pre,Riemann,57,1,0.8366320749681141
P2_pre,Riemann,58,-1,0.1623710291152396
P2_pre,Riemann,59,1,0.3739198229424919
P2_pre,Riemann,60,-1,0.14452480177630042
P2_pre,Riemann,61,-1,0.4233588647548871
P2_pre,Riemann,62,1,0.659831171958361
P2_pre,Riemann,63,-1,0.2241936155624332
P2_pre,Riemann,64,1,0.7828825303245062
P2_pre,Riemann,65,-1,0.44322369261181715
P2_pre,Riemann,66,1,0.7068766182605675
P2_pre,Riemann,67,1,0.6530000571456922
P2_pre,Riemann,68,1,0.5063872937920727
P2_pre,Riemann,69,-1,0.13786946925432358
P2_pre,Riemann,70,1,0.7183698349889384
P2_pre,Riemann,71,-1,0.2037250291619612
P2_pre,Riemann,72,-1,0.3607229212795201
P2_pre,Riemann,73,-1,0.42037445995359274
P2_pre,Riemann,74,-1,0.4280433067014721
P2_pre,Riemann,75,1,0.7878902197514172
P2_pre,Riemann,76,-1,0.36307882304348005
P2_pre,Riemann,77,-1,0.260251817799908
P2_pre,Riemann,78,1,0.44761319017444345
P2_pre,Riemann,79,1,0.4405219800921368
P2_pre,TV-CSP,0,-1,0.4299255693060007
P2_pre,TV-CSP,1,-1,0.358388945891594
P2_pre,TV-CSP,2,-1,0.3683742104815151
P2_pre,TV-CSP,3,1,0.9438447693494322
P2_pre,TV-CSP,4,1,0.7812403740940359
P2_pre,TV-CSP,5,1,0.8457977217763446
P2_pre,TV-CSP,6,1,0.6865299499945975
P2_pre,TV-CSP,7,1,0.7496007195952324
P2_pre,TV-CSP,8,1,0.4512994521181606
P2_pre,TV-CSP,9,1,0.6371567231375392
P2_pre,TV-CSP,10,-1,0.40381835716741266
P2_pre,TV-CSP,11,-1,0.36674565040790524
P2_pre,TV-CSP,12,-1,0.31107919080452023
P2_pre,TV-CSP,13,1,0.9802569023406826
P2_pre,TV-CSP,14,1,0.7382642238425972
P2_pre,TV-CSP,15,-1,0.47558135706173577
P2_pre,TV-CSP,16,1,0.8120918978506387
P2_pre,TV-CSP,17,1,0.4927867637994652
P2_pre,TV-CSP,18,1,0.7442996817570816
P2_pre,TV-CSP,19,1,0.8228360963109633
P2_pre,TV-CSP,20,-1,0.6370749547842022
P2_pre,TV-CSP,21,-1,0.42871819514573173
P2_pre,TV-CSP,22,1,0.9836557343639509
P2_pre,TV-CSP,23,-1,0.48006617409164803
P2_pre,TV-CSP,24,1,0.9380704485312785
P2_pre,TV-CSP,25,-1,0.2985834610195971
P2_pre,TV-CSP,26,1,0.9545055968119764
P2_pre,TV-CSP,27,-1,0.28075992961556245
P2_pre,TV-CSP,28,1,0.45456788760470423
P2_pre,TV-CSP,29,-1,0.27639012346181585
P2_pre,TV-CSP,30,-1,0.49599801905090557
P2_pre,TV-CSP,31,-1,0.5686042133640917
P2_pre,TV-CSP,32,-1,0.16226940456596853
P2_pre,TV-CSP,33,-1,0.12383248042264584
P2_pre,TV-CSP,34,-1,0.2721640562133153
P2_pre,TV-CSP,35,1,0.6832798304318299
P2_pre,TV-CSP,36,1,0.5049313770071416
P2_pre,TV-CSP,37,1,0.44822490529767034
P2_pre,TV-CSP,38,-1,0.2827141830680977
P2_pre,TV-CSP,39,-1,0.2594739695676209
P2_pre,TV-CSP,40,1,0.5905299934057879
P2_pre,TV-CSP,41,1,0.5786175054687501
P2_pre,TV-CSP,42,1,0.7977910278658751
P2_pre,TV-CSP,43,1,0.6868316885961905
P2_pre,TV-CSP,44,1,0.768537518388051
P2_pre,TV-CSP,45,1,0.5626402822574239
P2_pre,TV-CSP,46,-1,0.5625908836240668
P2_pre,TV-CSP,47,-1,0.36315983241626787
P2_pre,TV-CSP,48,-1,0.679844611054056
P2_pre,TV-CSP,49,-1,0.26682238800808805
P2_pre,TV-CSP,50,-1,0.6900900293587954
P2_pre,TV-CSP,51,1,0.8017278939419936
P2_pre,TV-CSP,52,1,0.5371806515048531
P2_pre,TV-CSP,53,1,0.5458167694227065
P2_pre,TV-CSP,54,-1,0.18821224366768513
P2_pre,TV-CSP,55,-1,0.2442876543273336
P2_pre,TV-CSP,56,-1,0.3168632735874591
P2_pre,TV-CSP,57,1,0.6776571625489525
P2_pre,TV-CSP,58,-1,0.16876291659003953
P2_pre,TV-CSP,59,1,0.33617135585130303
P2_pre,TV-CSP,60,-1,0.1132010827108749
P2_pre,TV-CSP,61,-1,0.41250279000009876
P2_pre,TV-CSP,62,1,0.8149780055466839
P2_pre,TV-CSP,63,-1,0.11873341847403004
P2_pre,TV-CSP,64,1,0.6506159816385413
P2_pre,TV-CSP,65,-1,0.36709699417952696
P2_pre,TV-CSP,66,1,0.7828235738380418
P2_pre,TV-CSP,67,1,0.7078942597483621
P2_pre,TV-CSP,68,1,0.30381745900006046
P2_pre,TV-CSP,69,-1,0.27988654376419253
P2_pre,TV-CSP,70,1,0.6599731047545219
P2_pre,TV-CSP,71,-1,0.18620702788186436
P2_pre,TV-CSP,72,-1,0.4699228156949802
P2_pre,TV-CSP,73,-1,0.47615027856418174
P2_pre,TV-CSP,74,-1,0.20918641566260687
P2_pre,TV-CSP,75,1,0.30505186769507386
P2_pre,TV-CSP,76,-1,0.35731054757777453
P2_pre,TV-CSP,77,-1,0.27191962896224525
P2_pre,TV-CSP,78,1,0.28627586875019256
P2_pre,TV-CSP,79,1,0.5932696885775333
P2_pre,selected,0,-1,0.17285488211858832
P2_pre,selected,1,-1,0.5252205273692967
P2_pre,selected,2,-1,0.5396721880808547
P2_pre,selected,3,1,0.6531461911869005
P2_pre,selected,4,1,0.717478818301457
P2_pre,selected,5,1,0.6514685776467943
P2_pre,selected,6,1,0.7374990732885464
P2_pre,selected,7,1,0.5556228637332733
P2_pre,selected,8,1,0.3877312931676779
P2_pre,selected,9,1,0.6842177736350876
P2_pre,selected,10,-1,0.3300688787906949
P2_pre,selected,11,-1,0.4975278305603265
P2_pre,selected,12,-1,0.39644719720939625
P2_pre,selected,13,1,0.7177128670853019
P2_pre,selected,14,1,0.6822713923474787
P2_pre,selected,15,-1,0.2569124631317357
P2_pre,selected,16,1,0.8086251242490822
P2_pre,selected,17,1,0.605106182143023
P2_pre,selected,18,1,0.6074989042515856
P2_pre,selected,19,1,0.5786576034328413
P2_pre,selected,20,-1,0.3847872719946036
P2_pre,selected,21,-1,0.4106760410735262
P2_pre,selected,22,1,0.8536468315898121
P2_pre,selected,23,-1,0.38501353721768394
P2_pre,selected,24,1,0.8954317000095572
P2_pre,selected,25,-1,0.45971977505764877
P2_pre,selected,26,1,0.7920649346004162
P2_pre,selected,27,-1,0.48927562728054963
P2_pre,selected,28,1,0.5255381305391451
P2_pre,selected,29,-1,0.3471720251473518
P2_pre,selected,30,-1,0.46350698246608285
P2_pre,selected,31,-1,0.22678257133147392
P2_pre,selected,32,-1,0.2314909089819277
P2_pre,selected,33,-1,0.18412514962588092
P2_pre,selected,34,-1,0.2010902580011857
P2_pre,selected,35,1,0.9455957627067886
P2_pre,selected,36,1,0.9496011127319469
P2_pre,selected,37,1,0.6154819504066791
P2_pre,selected,38,-1,0.2804576770350759
P2_pre,selected,39,-1,0.24647200904437336
P2_pre,selected,40,1,0.5214174066492198
P2_pre,selected,41,1,0.7561698879262828
P2_pre,selected,42,1,0.9006031339313705
P2_pre,selected,43,1,0.6622108593392707
P2_pre,selected,44,1,0.8266595618921159
P2_pre,selected,45,1,0.5197595832316869
P2_pre,selected,46,-1,0.4028452792088605
P2_pre,selected,47,-1,0.3068135990743839
P2_pre,selected,48,-1,0.25000791500564573
P2_pre,selected,49,-1,0.02802322290209995
P2_pre,selected,50,-1,0.8574745214699626
P2_pre,selected,51,1,0.9167205724629484
P2_pre,selected,52,1,0.14950672166122822
P2_pre,selected,53,1,0.2928031598454254
P2_pre,selected,54,-1,0.0772110437269551
P2_pre,selected,55,-1,0.16106634628945898
P2_pre,selected,56,-1,0.0008014809171529717
P2_pre,selected,57,1,0.8251481932855029
P2_pre,selected,58,-1,0.00013692425957863286
P2_pre,selected,59,1,0.0011971007628338996
P2_pre,selected,60,-1,0.000731278725588319
P2_pre,selected,61,-1,0.016655562604525432
P2_pre,selected,62,1,0.6577076884950976
P2_pre,selected,63,-1,0.19161696804456735
P2_pre,selected,64,1,0.7828825303245062
P2_pre,selected,65,-1,0.44322369261181715
P2_pre,selected,66,1,0.7068766182605675
P2_pre,selected,67,1,0.6530000571456922
P2_pre,selected,68,1,0.5063872937920727
P2_pre,selected,69,-1,0.13786946925432358
P2_pre,selected,70,1,0.7183698349889384
P2_pre,selected,71,-1,0.2037250291619612
P2_pre,selected,72,-1,0.3607229212795201
P2_pre,selected,73,-1,0.42037445995359274
P2_pre,selected,74,-1,0.4280433067014721
P2_pre,selected,75,1,0.7878902197514172
P2_pre,selected,76,-1,0.36307882304348005
P2_pre,selected,77,-1,0.260251817799908
P2_pre,selected,78,1,0.44761319017444345
P2_pre,selected,79,1,0.4405219800921368
P2_post,CSP-baseline,0,1,0.9994999719525156
P2_post,CSP-baseline,1,-1,7.859589898172705e-06
P2_post,CSP-baseline,2,1,0.9998625855270059
P2_post,CSP-baseline,3,-1,0.001223534876135857
P2_post,CSP-baseline,4,-1,0.006155733181032345
P2_post,CSP-baseline,5,1,0.9999981977970734
P2_post,CSP-baseline,6,-1,0.847080507768225
P2_post,CSP-baseline,7,-1,0.028426870020610288
P2_post,CSP-baseline,8,-1,0.34313566529961426
P2_post,CSP-baseline,9,1,0.9999601762215995
P2_post,CSP-baseline,10,-1,0.000432769753140013
P2_post,CSP-baseline,11,-1,0.002621304643906513
P2_post,CSP-baseline,12,1,0.9998046879555068
P2_post,CSP-baseline,13,-1,0.0002459217574818751
P2_post,CSP-baseline,14,1,0.9999952300193625
P2_post,CSP-baseline,15,1,0.6123295840604391
P2_post,CSP-baseline,16,1,0.016631941863393677
P2_post,CSP-baseline,17,1,0.8647654930251143
P2_post,CSP-baseline,18,1,0.9969817574276445
P2_post,CSP-baseline,19,1,0.9870531962192156
P2_post,CSP-baseline,20,1,0.9907507600063716
P2_post,CSP-baseline,21,-1,0.0034936427945674534
P2_post,CSP-baseline,22,-1,0.0006544013438279104
P2_post,CSP-baseline,23,-1,0.06293228428724627
P2_post,CSP-baseline,24,-1,0.0954856590033528
P2_post,CSP-baseline,25,-1,0.0010295077666385476
P2_post,CSP-baseline,26,1,0.9952794783374933
P2_post,CSP-baseline,27,-1,0.0016905036258214256
P2_post,CSP-baseline,28,1,0.9880894638117779
P2_post,CSP-baseline,29,1,0.9877291707632586
P2_post,CSP-baseline,30,1,0.016746185995345057
P2_post,CSP-baseline,31,1,0.8975482307327107
P2_post,CSP-baseline,32,-1,0.08345635705637654
P2_post,CSP-baseline,33,1,0.9999619240555981
P2_post,CSP-baseline,34,-1,0.004412178135033655
P2_post,CSP-baseline,35,-1,0.017722580645357235
P2_post,CSP-baseline,36,-1,0.008316250144956887
P2_post,CSP-baseline,37,1,0.9996718870496203
P2_post,CSP-baseline,38,1,0.7074276845176799
P2_post,CSP-baseline,39,1,0.9835229315870784
P2_post,CSP-baseline,40,-1,0.0002996653096454848
P2_post,CSP-baseline,41,-1,0.056954288264232614
P2_post,CSP-baseline,42,-1,0.03560886786694213
P2_post,CSP-baseline,43,1,0.9990953310218325
P2_post,CSP-baseline,44,1,0.996378922738227
P2_post,CSP-baseline,45,1,0.9683825250194685
P2_post,CSP-baseline,46,1,0.9596570288998356
P2_post,CSP-baseline,47,-1,0.031548069370294946
P2_post,CSP-baseline,48,-1,0.824057211651915
P2_post,CSP-baseline,49,-1,0.036380175605888694
P2_post,CSP-baseline,50,1,0.999945590868566
P2_post,CSP-baseline,51,-1,2.4703546921774048e-06
P2_post,CSP-baseline,52,-1,0.09177888691330517
P2_post,CSP-baseline,53,1,0.999661345498264
P2_post,CSP-baseline,54,-1,0.01945103103026704
P2_post,CSP-baseline,55,-1,0.1321805705373052
P2_post,CSP-baseline,56,1,0.9999907022105556
P2_post,CSP-baseline,57,-1,3.507512867167632e-05
P2_post,CSP-baseline,58,-1,0.00051036175897888
P2_post,CSP-baseline,59,-1,0.9992774270235081
P2_post,CSP-baseline,60,-1,0.0002338466004307485
P2_post,CSP-baseline,61,1,0.7726923946896433
P2_post,CSP-baseline,62,1,0.991321890760573
P2_post,CSP-baseline,63,-1,0.00014436797009107635
P2_post,CSP-baseline,64,1,0.9999832354943263
P2_post,CSP-baseline,65,-1,0.0021429093574665973
P2_post,CSP-baseline,66,-1,0.0034250168386760174
P2_post,CSP-baseline,67,-1,0.003820670129327453
P2_post,CSP-baseline,68,1,0.6420803978238461
P2_post,CSP-baseline,69,1,0.5219572490875027
P2_post,CSP-baseline,70,1,0.3732864967982886
P2_post,CSP-baseline,71,-1,4.094145186582321e-05
P2_post,CSP-baseline,72,1,0.9891728228519645
P2_post,CSP-baseline,73,1,0.9580828716324561
P2_post,CSP-baseline,74,1,0.9999934828004277
P2_post,CSP-baseline,75,1,0.9714645043494822
P2_post,CSP-baseline,76,1,0.9938172345800464
P2_post,CSP-baseline,77,-1,0.0013315670791654805
P2_post,CSP-baseline,78,1,0.999310833619681
P2_post,CSP-baseline,79,-1,0.0001186689689142908
P2_post,FBCSP,0,1,0.9999999985815933
P2_post,FBCSP,1,-1,1.0688570306482265e-09
P2_post,FBCSP,2,1,0.9999956357105163
P2_post,FBCSP,3,-1,3.0036338580579502e-05
P2_post,FBCSP,4,-1,0.0005850643602007289
P2_post,FBCSP,5,1,0.9999999645195689
P2_post,FBCSP,6,-1,0.13686596676769897
P2_post,FBCSP,7,-1,0.0009570090839259343
P2_post,FBCSP,8,-1,0.04448832132487171
P2_post,FBCSP,9,1,0.9999999685834632
P2_post,FBCSP,10,-1,4.8202412894871055e-05
P2_post,FBCSP,11,-1,6.384905546799374e-05
P2_post,FBCSP,12,1,0.9999991349247682
P2_post,FBCSP,13,-1,4.760795130441962e-06
P2_post,FBCSP,14,1,0.9999999876300195
P2_post,FBCSP,15,1,0.9856910429337729
P2_post,FBCSP,16,1,9.987010513360316e-05
P2_post,FBCSP,17,1,0.6128005095167744
P2_post,FBCSP,18,1,0.9600841825868806
P2_post,FBCSP,19,1,0.9905099936116457
P2_post,FBCSP,20,1,0.9750191700537194
P2_post,FBCSP,21,-1,0.0005149645331251475
P2_post,FBCSP,22,-1,0.0001993976225880537
P2_post,FBCSP,23,-1,0.07588473273289705
P2_post,FBCSP,24,-1,0.16484160826212163
P2_post,FBCSP,25,-1,0.0015353108006385952
P2_post,FBCSP,26,1,0.9977919356168097
P2_post,FBCSP,27,-1,2.586380588585214e-05
P2_post,FBCSP,28,1,0.9597371343773886
P2_post,FBCSP,29,1,0.7484436735836256
P2_post,FBCSP,30,1,0.00017590754321769497
P2_post,FBCSP,31,1,0.711285231793843
P2_post,FBCSP,32,-1,0.04164949562698469
P2_post,FBCSP,33,1,0.9999999759328034
P2_post,FBCSP,34,-1,0.0005447750744490701
P2_post,FBCSP,35,-1,0.04180476571154014
P2_post,FBCSP,36,-1,3.0451114540130453e-05
P2_post,FBCSP,37,1,0.999996386131868
P2_post,FBCSP,38,1,0.9460994336456049
P2_post,FBCSP,39,1,0.9996892188573607
P2_post,FBCSP,40,-1,2.503654304901893e-07
P2_post,FBCSP,41,-1,0.1038393921914321
P2_post,FBCSP,42,-1,0.005779605572038325
P2_post,FBCSP,43,1,0.9999991753422864
P2_post,FBCSP,44,1,0.9999629498824028
P2_post,FBCSP,45,1,0.9998958553762506
P2_post,FBCSP,46,1,0.9998117631868753
P2_post,FBCSP,47,-1,0.0027999275472370974
P2_post,FBCSP,48,-1,0.7938474318911272
P2_post,FBCSP,49,-1,0.0014905000706375523
P2_post,FBCSP,50,1,0.9999963306504088
P2_post,FBCSP,51,-1,1.0821017748107574e-08
P2_post,FBCSP,52,-1,0.12049118105950561
P2_post,FBCSP,53,1,0.9999844300774889
P2_post,FBCSP,54,-1,0.005976287983686216
P2_post,FBCSP,55,-1,0.035717477880997626
P2_post,FBCSP,56,1,0.9999999154175236
P2_post,FBCSP,57,-1,4.985872221333434e-07
P2_post,FBCSP,58,-1,5.4733101173758417e-05
P2_post,FBCSP,59,-1,0.9999915996925635
P2_post,FBCSP,60,-1,1.1533432464160367e-05
P2_post,FBCSP,61,1,0.29170409466233505
P2_post,FBCSP,62,1,0.9998617582729835
P2_post,FBCSP,63,-1,1.0709695302889143e-05
P2_post,FBCSP,64,1,0.9999999960399542
P2_post,FBCSP,65,-1,0.011883293748608038
P2_post,FBCSP,66,-1,4.402331003443602e-06
P2_post,FBCSP,67,-1,9.005946651557966e-06
P2_post,FBCSP,68,1,0.9761911413077813
P2_post,FBCSP,69,1,0.03478521812013338
P2_post,FBCSP,70,1,0.6252261811168384
P2_post,FBCSP,71,-1,5.215928815331625e-07
P2_post,FBCSP,72,1,0.6611914125061623
P2_post,FBCSP,73,1,0.997887861818907
P2_post,FBCSP,74,1,0.9999997324998421
P2_post,FBCSP,75,1,0.9947128328513687
P2_post,FBCSP,76,1,0.9997505212505514
P2_post,FBCSP,77,-1,0.00018709489301771453
P2_post,FBCSP,78,1,0.9999935182885475
P2_post,FBCSP,79,-1,5.399552325925942e-07
P2_post,Riemann,0,1,0.911849834877417
P2_post,Riemann,1,-1,0.1103434858687667
P2_post,Riemann,2,1,0.9153050541555384
P2_post,Riemann,3,-1,0.21758153402834815
P2_post,Riemann,4,-1,0.2755830446926958
P2_post,Riemann,5,1,0.878915192485022
P2_post,Riemann,6,-1,0.2276526938967911
P2_post,Riemann,7,-1,0.25341409508166424
P2_post,Riemann,8,-1,0.4686555260245737
P2_post,Riemann,9,1,0.8965977670873495
P2_post,Riemann,10,-1,0.2586431475161064
P2_post,Riemann,11,-1,0.2621356611619624
P2_post,Riemann,12,1,0.8730093722692724
P2_post,Riemann,13,-1,0.08796364130538949
P2_post,Riemann,14,1,0.8667064706748588
P2_post,Riemann,15,1,0.48920561650599265
P2_post,Riemann,16,1,0.26262493523646846
P2_post,Riemann,17,1,0.5401895785896828
P2_post,Riemann,18,1,0.7444695213915845
P2_post,Riemann,19,1,0.6225920304172531
P2_post,Riemann,20,1,0.5766099108086097
P2_post,Riemann,21,-1,0.11044285327459674
P2_post,Riemann,22,-1,0.08715268665877181
P2_post,Riemann,23,-1,0.28366845822159376
P2_post,Riemann,24,-1,0.3259201822453321
P2_post,Riemann,25,-1,0.2749440889324295
P2_post,Riemann,26,1,0.8142066267467251
P2_post,Riemann,27,-1,0.10423685620139586
P2_post,Riemann,28,1,0.6078621123155231
P2_post,Riemann,29,1,0.7288776159089426
P2_post,Riemann,30,1,0.2225716343171911
P2_post,Riemann,31,1,0.5218607513306814
P2_post,Riemann,32,-1,0.47176621909111377
P2_post,Riemann,33,1,0.8614592582985513
P2_post,Riemann,34,-1,0.19138876182390804
P2_post,Riemann,35,-1,0.3623403347900915
P2_post,Riemann,36,-1,0.226384762571087
P2_post,Riemann,37,1,0.7787981468907834
P2_post,Riemann,38,1,0.5774458553907889
P2_post,Riemann,39,1,0.7956679196870515
P2_post,Riemann,40,-1,0.17723372133392565
P2_post,Riemann,41,-1,0.26577729265455885
P2_post,Riemann,42,-1,0.37564141372457005
P2_post,Riemann,43,1,0.8181144363528841
P2_post,Riemann,44,1,0.8062449858259649
P2_post,Riemann,45,1,0.7178702293239396
P2_post,Riemann,46,1,0.7229401289313437
P2_post,Riemann,47,-1,0.313715099595092
P2_post,Riemann,48,-1,0.39165367127580447
P2_post,Riemann,49,-1,0.45626734245694756
P2_post,Riemann,50,1,0.9794285017146614
P2_post,Riemann,51,-1,0.007869233831336604
P2_post,Riemann,52,-1,0.4061491210218854
P2_post,Riemann,53,1,0.9236130188357663
P2_post,Riemann,54,-1,0.09619042111678562
P2_post,Riemann,55,-1,0.32071295799718424
P2_post,Riemann,56,1,0.9893034714219558
P2_post,Riemann,57,-1,0.04700378278438142
P2_post,Riemann,58,-1,0.11319618531711328
P2_post,Riemann,59,-1,0.8103984304242465
P2_post,Riemann,60,-1,0.14414711106363073
P2_post,Riemann,61,1,0.7878022486210786
P2_post,Riemann,62,1,0.9683181604508719
P2_post,Riemann,63,-1,0.06908406805868476
P2_post,Riemann,64,1,0.9041258863651519
P2_post,Riemann,65,-1,0.2428797379152715
P2_post,Riemann,66,-1,0.24176103936796076
P2_post,Riemann,67,-1,0.16698204176661796
P2_post,Riemann,68,1,0.4899087835766754
P2_post,Riemann,69,1,0.3859963769983949
P2_post,Riemann,70,1,0.467189039254462
P2_post,Riemann,71,-1,0.10972046340615975
P2_post,Riemann,72,1,0.49803550766412213
P2_post,Riemann,73,1,0.5961422736412968
P2_post,Riemann,74,1,0.8263382314032918
P2_post,Riemann,75,1,0.6606791660637209
P2_post,Riemann,76,1,0.7207861616032698
P2_post,Riemann,77,-1,0.14154687360385887
P2_post,Riemann,78,1,0.8656506251610322
P2_post,Riemann,79,-1,0.10834390346287806
P2_post,TV-CSP,0,1,0.966036030686159
P2_post,TV-CSP,1,-1,0.021912944340882028
P2_post,TV-CSP,2,1,0.8772731053358216
P2_post,TV-CSP,3,-1,0.053642124134930344
P2_post,TV-CSP,4,-1,0.039489070502748184
P2_post,TV-CSP,5,1,0.9966399756599635
P2_post,TV-CSP,6,-1,0.5037347959507648
P2_post,TV-CSP,7,-1,0.16736424205257844
P2_post,TV-CSP,8,-1,0.3822955814790754
P2_post,TV-CSP,9,1,0.9955282545628932
P2_post,TV-CSP,10,-1,0.015426461701058644
P2_post,TV-CSP,11,-1,0.047410662961052535
P2_post,TV-CSP,12,1,0.9988860528944692
P2_post,TV-CSP,13,-1,0.11757181851659353
P2_post,TV-CSP,14,1,0.9204741822396914
P2_post,TV-CSP,15,1,0.5532086375731566
P2_post,TV-CSP,16,1,0.2876341279534196
P2_post,TV-CSP,17,1,0.6408502742765264
P2_post,TV-CSP,18,1,0.6630038564601244
P2_post,TV-CSP,19,1,0.9352730728698206
P2_post,TV-CSP,20,1,0.6765575251182347
P2_post,TV-CSP,21,-1,0.0031597629267379346
P2_post,TV-CSP,22,-1,0.007061545144567197
P2_post,TV-CSP,23,-1,0.2192895368724776
P2_post,TV-CSP,24,-1,0.07551707323150564
P2_post,TV-CSP,25,-1,0.013868406907021485
P2_post,TV-CSP,26,1,0.7732066020658115
P2_post,TV-CSP,27,-1,0.0022826088838912
P2_post,TV-CSP,28,1,0.5181274648872258
P2_post,TV-CSP,29,1,0.7252588106969865
P2_post,TV-CSP,30,1,0.08998062635003946
P2_post,TV-CSP,31,1,0.6719562653514504
P2_post,TV-CSP,32,-1,0.06531936971649903
P2_post,TV-CSP,33,1,0.9995140835894281
P2_post,TV-CSP,34,-1,0.02924432462357695
P2_post,TV-CSP,35,-1,0.18431860335537933
P2_post,TV-CSP,36,-1,0.045896128103674425
P2_post,TV-CSP,37,1,0.7791743775954905
P2_post,TV-CSP,38,1,0.6746749034776505
P2_post,TV-CSP,39,1,0.767679586442828
P2_post,TV-CSP,40,-1,0.05920964465982958
P2_post,TV-CSP,41,-1,0.47536689817821576
P2_post,TV-CSP,42,-1,0.10651226304183369
P2_post,TV-CSP,43,1,0.9898479156916804
P2_post,TV-CSP,44,1,0.953866829765944
P2_post,TV-CSP,45,1,0.993320084502822
P2_post,TV-CSP,46,1,0.8153862181324212
P2_post,TV-CSP,47,-1,0.17621383164496554
P2_post,TV-CSP,48,-1,0.48921961500516536
P2_post,TV-CSP,49,-1,0.34368204017784615
P2_post,TV-CSP,50,1,0.9912034789733577
P2_post,TV-CSP,51,-1,0.02095802742480125
P2_post,TV-CSP,52,-1,0.2721185381116034
P2_post,TV-CSP,53,1,0.9899494507868647
P2_post,TV-CSP,54,-1,0.07601934938296763
P2_post,TV-CSP,55,-1,0.2069768833209781
P2_post,TV-CSP,56,1,0.9988966154258895
P2_post,TV-CSP,57,-1,0.006425577741310908
P2_post,TV-CSP,58,-1,0.16496168284378096
P2_post,TV-CSP,59,-1,0.9416235786116309
P2_post,TV-CSP,60,-1,0.1025093060185443
P2_post,TV-CSP,61,1,0.5681828069741081
P2_post,TV-CSP,62,1,0.8560235046638403
P2_post,TV-CSP,63,-1,0.10713372031484747
P2_post,TV-CSP,64,1,0.8824236224168402
P2_post,TV-CSP,65,-1,0.1797444349771759
P2_post,TV-CSP,66,-1,0.08839750062592543
P2_post,TV-CSP,67,-1,0.0408654448013759
P2_post,TV-CSP,68,1,0.3955579703495408
P2_post,TV-CSP,69,1,0.5173058199556126
P2_post,TV-CSP,70,1,0.6666500872993536
P2_post,TV-CSP,71,-1,0.08138695620373458
P2_post,TV-CSP,72,1,0.7354378099984089
P2_post,TV-CSP,73,1,0.6994743296233857
P2_post,TV-CSP,74,1,0.854994719831525
P2_post,TV-CSP,75,1,0.4266573764293084
P2_post,TV-CSP,76,1,0.7432167463295717
P2_post,TV-CSP,77,-1,0.15971160256012124
P2_post,TV-CSP,78,1,0.9664334625645785
P2_post,TV-CSP,79,-1,0.010721744747658185
P2_post,selected,0,1,0.9999999985815933
P2_post,selected,1,-1,1.0688570306482265e-09
P2_post,selected,2,1,0.9999956357105163
P2_post,selected,3,-1,3.0036338580579502e-05
P2_post,selected,4,-1,0.0005850643602007289
P2_post,selected,5,1,0.9999999645195689
P2_post,selected,6,-1,0.13686596676769897
P2_post,selected,7,-1,0.0009570090839259343
P2_post,selected,8,-1,0.04448832132487171
P2_post,selected,9,1,0.9999999685834632
P2_post,selected,10,-1,4.8202412894871055e-05
P2_post,selected,11,-1,6.384905546799374e-05
P2_post,selected,12,1,0.9999991349247682
P2_post,selected,13,-1,4.760795130441962e-06
P2_post,selected,14,1,0.9999999876300195
P2_post,selected,15,1,0.9856910429337729
P2_post,selected,16,1,0.26262493523646846
P2_post,selected,17,1,0.5401895785896828
P2_post,selected,18,1,0.7444695213915845
P2_post,selected,19,1,0.6225920304172531
P2_post,selected,20,1,0.5766099108086097
P2_post,selected,21,-1,0.11044285327459674
P2_post,selected,22,-1,0.08715268665877181
P2_post,selected,23,-1,0.28366845822159376
P2_post,selected,24,-1,0.3259201822453321
P2_post,selected,25,-1,0.2749440889324295
P2_post,selected,26,1,0.8142066267467251
P2_post,selected,27,-1,0.10423685620139586
P2_post,selected,28,1,0.6078621123155231
P2_post,selected,29,1,0.7288776159089426
P2_post,selected,30,1,0.2225716343171911
P2_post,selected,31,1,0.5218607513306814
P2_post,selected,32,-1,0.06531936971649903
P2_post,selected,33,1,0.9995140835894281
P2_post,selected,34,-1,0.02924432462357695
P2_post,selected,35,-1,0.18431860335537933
P2_post,selected,36,-1,0.045896128103674425
P2_post,selected,37,1,0.7791743775954905
P2_post,selected,38,1,0.6746749034776505
P2_post,selected,39,1,0.767679586442828
P2_post,selected,40,-1,0.05920964465982958
P2_post,selected,41,-1,0.47536689817821576
P2_post,selected,42,-1,0.10651226304183369
P2_post,selected,43,1,0.9898479156916804
P2_post,selected,44,1,0.953866829765944
P2_post,selected,45,1,0.993320084502822
P2_post,selected,46,1,0.8153862181324212
P2_post,selected,47,-1,0.17621383164496554
P2_post,selected,48,-1,0.7938474318911272
P2_post,selected,49,-1,0.0014905000706375523
P2_post,selected,50,1,0.9999963306504088
P2_post,selected,51,-1,1.0821017748107574e-08
P2_post,selected,52,-1,0.12049118105950561
P2_post,selected,53,1,0.9999844300774889
P2_post,selected,54,-1,0.005976287983686216
P2_post,selected,55,-1,0.035717477880997626
P2_post,selected,56,1,0.9999999154175236
P2_post,selected,57,-1,4.985872221333434e-07
P2_post,selected,58,-1,5.4733101173758417e-05
P2_post,selected,59,-1,0.9999915996925635
P2_post,selected,60,-1,1.1533432464160367e-05
P2_post,selected,61,1,0.29170409466233505
P2_post,selected,62,1,0.9998617582729835
P2_post,selected,63,-1,1.0709695302889143e-05
P2_post,selected,64,1,0.9041258863651519
P2_post,selected,65,-1,0.2428797379152715
P2_post,selected,66,-1,0.24176103936796076
P2_post,selected,67,-1,0.16698204176661796
P2_post,selected,68,1,0.4899087835766754
P2_post,selected,69,1,0.3859963769983949
P2_post,selected,70,1,0.467189039254462
P2_post,selected,71,-1,0.10972046340615975
P2_post,selected,72,1,0.49803550766412213
P2_post,selected,73,1,0.5961422736412968
P2_post,selected,74,1,0.8263382314032918
P2_post,selected,75,1,0.6606791660637209
P2_post,selected,76,1,0.7207861616032698
P2_post,selected,77,-1,0.14154687360385887
P2_post,selected,78,1,0.8656506251610322
P2_post,selected,79,-1,0.10834390346287806
P3_pre,CSP-baseline,0,-1,0.0014835523467136454
P3_pre,CSP-baseline,1,1,0.9999917838282357
P3_pre,CSP-baseline,2,1,0.999360229188888
P3_pre,CSP-baseline,3,-1,0.000899490821689666
P3_pre,CSP-baseline,4,-1,0.008250527361116661
P3_pre,CSP-baseline,5,1,0.9923982196001366
P3_pre,CSP-baseline,6,-1,0.007684835514747005
P3_pre,CSP-baseline,7,1,0.9999967373454522
P3_pre,CSP-baseline,8,-1,0.012038222358911523
P3_pre,CSP-baseline,9,-1,0.015281986022403559
P3_pre,CSP-baseline,10,1,0.9583439100137292
P3_pre,CSP-baseline,11,1,0.9996025310084854
P3_pre,CSP-baseline,12,1,0.3818991137404068
P3_pre,CSP-baseline,13,-1,0.0012421198606945446
P3_pre,CSP-baseline,14,-1,0.0011896878964314875
P3_pre,CSP-baseline,15,1,0.9999998896298905
P3_pre,CSP-baseline,16,-1,0.0025521728854675683
P3_pre,CSP-baseline,17,1,0.9999996382665431
P3_pre,CSP-baseline,18,-1,5.847468233399594e-07
P3_pre,CSP-baseline,19,1,0.9639158656106298
P3_pre,CSP-baseline,20,-1,0.09333828327684517
P3_pre,CSP-baseline,21,-1,0.981872259189461
P3_pre,CSP-baseline,22,-1,0.531444390198501
P3_pre,CSP-baseline,23,-1,0.01484072241129406
P3_pre,CSP-baseline,24,1,0.9999520379434566
P3_pre,CSP-baseline,25,-1,3.840154963772574e-06
P3_pre,CSP-baseline,26,1,0.9999990151283148
P3_pre,CSP-baseline,27,-1,0.0005532862245279435
P3_pre,CSP-baseline,28,1,0.9625189473934325
P3_pre,CSP-baseline,29,-1,1.3281680613006125e-06
P3_pre,CSP-baseline,30,-1,0.029498576893534103
P3_pre,CSP-baseline,31,-1,0.3960923695637029
P3_pre,CSP-baseline,32,1,0.9999666179102505
P3_pre,CSP-baseline,33,1,0.9952053244615837
P3_pre,CSP-baseline,34,1,0.9867568958816495
P3_pre,CSP-baseline,35,1,0.9996928437887652
P3_pre,CSP-baseline,36,1,0.9994795320730054
P3_pre,CSP-baseline,37,1,0.9997760516725436
P3_pre,CSP-baseline,38,-1,0.00011964870084083128
P3_pre,CSP-baseline,39,1,0.9999923692143563
P3_pre,CSP-baseline,40,-1,3.498282874817141e-05
P3_pre,CSP-baseline,41,-1,0.0003862124950257559
P3_pre,CSP-baseline,42,-1,0.0061274107511838155
P3_pre,CSP-baseline,43,1,0.99989221887233
P3_pre,CSP-baseline,44,-1,5.030769647213978e-05
P3_pre,CSP-baseline,45,1,0.9994963108345728
P3_pre,CSP-baseline,46,1,0.9949202094739941
P3_pre,CSP-baseline,47,-1,0.0002023966387284322
P3_pre,CSP-baseline,48,1,0.9987366866756433
P3_pre,CSP-baseline,49,1,0.997430981048535
P3_pre,CSP-baseline,50,1,0.15595660551599344
P3_pre,CSP-baseline,51,1,0.9982871644576802
P3_pre,CSP-baseline,52,1,0.9999325515370237
P3_pre,CSP-baseline,53,-1,2.065164195125581e-05
P3_pre,CSP-baseline,54,-1,0.0040948849019908605
P3_pre,CSP-baseline,55,1,0.9999063121705037
P3_pre,CSP-baseline,56,-1,0.08137418553829862
P3_pre,CSP-baseline,57,1,0.9999999571507422
P3_pre,CSP-baseline,58,-1,1.9022862971279084e-05
P3_pre,CSP-baseline,59,-1,3.023124016955598e-05
P3_pre,CSP-baseline,60,1,0.9998620499355099
P3_pre,CSP-baseline,61,1,0.9813618531611404
P3_pre,CSP-baseline,62,-1,0.00018936980834552487
P3_pre,CSP-baseline,63,-1,1.4432147326372863e-06
P3_pre,CSP-baseline,64,1,0.2636536739364117
P3_pre,CSP-baseline,65,-1,1.8821470076493072e-08
P3_pre,CSP-baseline,66,-1,0.00030376026053785977
P3_pre,CSP-baseline,67,1,0.9999957224401734
P3_pre,CSP-baseline,68,1,0.9767826128834559
P3_pre,CSP-baseline,69,-1,3.5963572362621665e-07
P3_pre,CSP-baseline,70,-1,1.0746287379008086e-05
P3_pre,CSP-baseline,71,1,0.9999499248653142
P3_pre,CSP-baseline,72,1,0.9933580165563021
P3_pre,CSP-baseline,73,-1,1.12445689494311e-09
P3_pre,CSP-baseline,74,-1,1.1515832050746235e-07
P3_pre,CSP-baseline,75,-1,4.825095937149101e-06
P3_pre,CSP-baseline,76,1,0.9961365172254032
P3_pre,CSP-baseline,77,1,0.999274896675122
P3_pre,CSP-baseline,78,1,0.9906609171088377
P3_pre,CSP-baseline,79,-1,5.9564046294770925e-08
P3_pre,FBCSP,0,-1,0.028589336065661473
P3_pre,FBCSP,1,1,0.9984224139796435
P3_pre,FBCSP,2,1,0.9947331956416481
P3_pre,FBCSP,3,-1,2.2664141732978298e-05
P3_pre,FBCSP,4,-1,0.008076067985063917
P3_pre,FBCSP,5,1,0.9997875159358334
P3_pre,FBCSP,6,-1,5.8605176779490534e-05
P3_pre,FBCSP,7,1,0.9999984002881517
P3_pre,FBCSP,8,-1,1.0822697845434274e-06
P3_pre,FBCSP,9,-1,0.00023867417983251699
P3_pre,FBCSP,10,1,0.9980259879083478
P3_pre,FBCSP,11,1,0.9999059283522703
P3_pre,FBCSP,12,1,0.9153095830755903
P3_pre,FBCSP,13,-1,3.1167831038035075e-08
P3_pre,FBCSP,14,-1,0.0007043988996763544
P3_pre,FBCSP,15,1,0.9999999999931222
P3_pre,FBCSP,16,-1,6.937894711312386e-05
P3_pre,FBCSP,17,1,0.9999999990306627
P3_pre,FBCSP,18,-1,2.4098914774987777e-09
P3_pre,FBCSP,19,1,0.9996975170244258
P3_pre,FBCSP,20,-1,0.0031385653412088366
P3_pre,FBCSP,21,-1,0.9741826189739242
P3_pre,FBCSP,22,-1,0.02917553234107898
P3_pre,FBCSP,23,-1,0.18069603125084627
P3_pre,FBCSP,24,1,0.9999999044015648
P3_pre,FBCSP,25,-1,4.6036673868224255e-06
P3_pre,FBCSP,26,1,0.9999985473186686
P3_pre,FBCSP,27,-1,9.781556293112623e-07
P3_pre,FBCSP,28,1,0.9999998178578472
P3_pre,FBCSP,29,-1,0.00021346265341304395
P3_pre,FBCSP,30,-1,0.02080817370899248
P3_pre,FBCSP,31,-1,0.14603368750971277
P3_pre,FBCSP,32,1,0.9999994108615295
P3_pre,FBCSP,33,1,0.9863004439568022
P3_pre,FBCSP,34,1,0.9999999676855208
P3_pre,FBCSP,35,1,0.9982753539530042
P3_pre,FBCSP,36,1,0.9999994308873142
P3_pre,FBCSP,37,1,0.999959967932423
P3_pre,FBCSP,38,-1,1.86445031452407e-07
P3_pre,FBCSP,39,1,0.9999958617130419
P3_pre,FBCSP,40,-1,2.4873046143159644e-07
P3_pre,FBCSP,41,-1,0.0009576797083939272
P3_pre,FBCSP,42,-1,4.309085877805578e-05
P3_pre,FBCSP,43,1,0.9999990658784554
P3_pre,FBCSP,44,-1,1.284451989406676e-06
P3_pre,FBCSP,45,1,0.9992721991785906
P3_pre,FBCSP,46,1,0.9999992053123288
P3_pre,FBCSP,47,-1,1.6481850868023567e-06
P3_pre,FBCSP,48,1,0.999999998829112
P3_pre,FBCSP,49,1,0.9999998097446181
P3_pre,FBCSP,50,1,0.0018124762143747637
P3_pre,FBCSP,51,1,0.8595063495204406
P3_pre,FBCSP,52,1,0.9999985700109509
P3_pre,FBCSP,53,-1,3.326927874433897e-08
P3_pre,FBCSP,54,-1,0.000883899375874301
P3_pre,FBCSP,55,1,0.9999999920456076
P3_pre,FBCSP,56,-1,0.9288443907178282
P3_pre,FBCSP,57,1,0.9999999999112523
P3_pre,FBCSP,58,-1,4.664442351299456e-06
P3_pre,FBCSP,59,-1,4.257580170317175e-07
P3_pre,FBCSP,60,1,0.999999999642811
P3_pre,FBCSP,61,1,0.9984092530459562
P3_pre,FBCSP,62,-1,4.4527305663552396e-06
P3_pre,FBCSP,63,-1,3.3548849289685706e-12
P3_pre,FBCSP,64,1,0.9995504526963946
P3_pre,FBCSP,65,-1,6.469360449865082e-09
P3_pre,FBCSP,66,-1,1.5254860928307452e-05
P3_pre,FBCSP,67,1,0.999999994084404
P3_pre,FBCSP,68,1,0.9935300922227284
P3_pre,FBCSP,69,-1,3.104848693397243e-09
P3_pre,FBCSP,70,-1,6.715233045132093e-07
P3_pre,FBCSP,71,1,0.9999999960339023
P3_pre,FBCSP,72,1,0.9842402261855423
P3_pre,FBCSP,73,-1,3.0398854314548855e-10
P3_pre,FBCSP,74,-1,1.2641469421707875e-07
P3_pre,FBCSP,75,-1,9.608312633612384e-07
P3_pre,FBCSP,76,1,0.9981478957356342
P3_pre,FBCSP,77,1,0.9999991627330458
P3_pre,FBCSP,78,1,0.9999640994214266
P3_pre,FBCSP,79,-1,3.72619156598396e-07
P3_pre,Riemann,0,-1,0.32834180410345787
P3_pre,Riemann,1,1,0.6942282409622961
P3_pre,Riemann,2,1,0.5888272573447271
P3_pre,Riemann,3,-1,0.2937044240449831
P3_pre,Riemann,4,-1,0.3052199669391281
P3_pre,Riemann,5,1,0.6505840355574436
P3_pre,Riemann,6,-1,0.22262730434442612
P3_pre,Riemann,7,1,0.7721217365684478
P3_pre,Riemann,8,-1,0.24892436544713722
P3_pre,Riemann,9,-1,0.3575868463604287
P3_pre,Riemann,10,1,0.653513461888944
P3_pre,Riemann,11,1,0.6796628933972174
P3_pre,Riemann,12,1,0.4386464076350995
P3_pre,Riemann,13,-1,0.1889857974480339
P3_pre,Riemann,14,-1,0.36136789155025045
P3_pre,Riemann,15,1,0.8489978936875661
P3_pre,Riemann,16,-1,0.36713098139510414
P3_pre,Riemann,17,1,0.9095603702602669
P3_pre,Riemann,18,-1,0.23656500957048807
P3_pre,Riemann,19,1,0.8312391775069119
P3_pre,Riemann,20,-1,0.4155241875127933
P3_pre,Riemann,21,-1,0.5127647366721925
P3_pre,Riemann,22,-1,0.40251019400400256
P3_pre,Riemann,23,-1,0.5187904030157274
P3_pre,Riemann,24,1,0.7821730852567802
P3_pre,Riemann,25,-1,0.25156644019777696
P3_pre,Riemann,26,1,0.8505867492255239
P3_pre,Riemann,27,-1,0.18580160576444052
P3_pre,Riemann,28,1,0.8676223434468113
P3_pre,Riemann,29,-1,0.4325344702482219
P3_pre,Riemann,30,-1,0.4437775157004072
P3_pre,Riemann,31,-1,0.5584889851071317
P3_pre,Riemann,32,1,0.6858757258278771
P3_pre,Riemann,33,1,0.5806812663783137
P3_pre,Riemann,34,1,0.8139751528308647
P3_pre,Riemann,35,1,0.6665675530637175
P3_pre,Riemann,36,1,0.78681560298127
P3_pre,Riemann,37,1,0.8356307281417553
P3_pre,Riemann,38,-1,0.1646953614450312
P3_pre,Riemann,39,1,0.8531003069779742
P3_pre,Riemann,40,-1,0.1912225900526089
P3_pre,Riemann,41,-1,0.25977335239350785
P3_pre,Riemann,42,-1,0.15454319228589772
P3_pre,Riemann,43,1,0.7949979957874015
P3_pre,Riemann,44,-1,0.11370214078237177
P3_pre,Riemann,45,1,0.7591338676876026
P3_pre,Riemann,46,1,0.7221558143230336
P3_pre,Riemann,47,-1,0.17264934434273452
P3_pre,Riemann,48,1,0.7776171724316693
P3_pre,Riemann,49,1,0.6724864064124058
P3_pre,Riemann,50,1,0.45280863793483
P3_pre,Riemann,51,1,0.46333848159858354
P3_pre,Riemann,52,1,0.7711967707610289
P3_pre,Riemann,53,-1,0.2006625989487361
P3_pre,Riemann,54,-1,0.21888177276274254
P3_pre,Riemann,55,1,0.8102533207498944
P3_pre,Riemann,56,-1,0.5518544529732855
P3_pre,Riemann,57,1,0.8526381978562866
P3_pre,Riemann,58,-1,0.3155610600891799
P3_pre,Riemann,59,-1,0.2582761181175841
P3_pre,Riemann,60,1,0.8425934268963363
P3_pre,Riemann,61,1,0.6709579452192407
P3_pre,Riemann,62,-1,0.2503905395343417
P3_pre,Riemann,63,-1,0.17044883553294193
P3_pre,Riemann,64,1,0.9610076218370911
P3_pre,Riemann,65,-1,0.1099589332533992
P3_pre,Riemann,66,-1,0.2885919915695301
P3_pre,Riemann,67,1,0.9641124830930182
P3_pre,Riemann,68,1,0.9026337436447858
P3_pre,Riemann,69,-1,0.03594927183052874
P3_pre,Riemann,70,-1,0.09938604016509618
P3_pre,Riemann,71,1,0.9704950912758469
P3_pre,Riemann,72,1,0.591238693072227
P3_pre,Riemann,73,-1,0.02894745440684154
P3_pre,Riemann,74,-1,0.043022403207686084
P3_pre,Riemann,75,-1,0.1768098777020164
P3_pre,Riemann,76,1,0.9202343481490273
P3_pre,Riemann,77,1,0.96723678331468
P3_pre,Riemann,78,1,0.9693673042370793
P3_pre,Riemann,79,-1,0.14774098879170344
P3_pre,TV-CSP,0,-1,0.127261858633423
P3_pre,TV-CSP,1,1,0.8058000083300174
P3_pre,TV-CSP,2,1,0.8824711208340387
P3_pre,TV-CSP,3,-1,0.2552791015034813
P3_pre,TV-CSP,4,-1,0.2451680396108139
P3_pre,TV-CSP,5,1,0.7888951096995571
P3_pre,TV-CSP,6,-1,0.48282754117123555
P3_pre,TV-CSP,7,1,0.9893933517611431
P3_pre,TV-CSP,8,-1,0.5111585670813427
P3_pre,TV-CSP,9,-1,0.1529719221644367
P3_pre,TV-CSP,10,1,0.5499884721433588
P3_pre,TV-CSP,11,1,0.9490899136802247
P3_pre,TV-CSP,12,1,0.9433000118646314
P3_pre,TV-CSP,13,-1,0.3984469715034594
P3_pre,TV-CSP,14,-1,0.24404261085297338
P3_pre,TV-CSP,15,1,0.9910081021070725
P3_pre,TV-CSP,16,-1,0.25091226012118556
P3_pre,TV-CSP,17,1,0.999102046307227
P3_pre,TV-CSP,18,-1,0.012066055078772502
P3_pre,TV-CSP,19,1,0.8516897161259195
P3_pre,TV-CSP,20,-1,0.1685028111604921
P3_pre,TV-CSP,21,-1,0.4255328398377349
P3_pre,TV-CSP,22,-1,0.3858826597917405
P3_pre,TV-CSP,23,-1,0.5063532955960326
P3_pre,TV-CSP,24,1,0.8989697415088659
P3_pre,TV-CSP,25,-1,0.10239080785169867
P3_pre,TV-CSP,26,1,0.9970227798342177
P3_pre,TV-CSP,27,-1,0.029152048290984556
P3_pre,TV-CSP,28,1,0.7507926911300917
P3_pre,TV-CSP,29,-1,0.25576421501352337
P3_pre,TV-CSP,30,-1,0.48177199058375375
P3_pre,TV-CSP,31,-1,0.7541903353096882
P3_pre,TV-CSP,32,1,0.9760196876133374
P3_pre,TV-CSP,33,1,0.7299495703818326
P3_pre,TV-CSP,34,1,0.8662163738767159
P3_pre,TV-CSP,35,1,0.722207908109119
P3_pre,TV-CSP,36,1,0.9917788741528212
P3_pre,TV-CSP,37,1,0.9673738377703618
P3_pre,TV-CSP,38,-1,0.07171626888209313
P3_pre,TV-CSP,39,1,0.9033722478732272
P3_pre,TV-CSP,40,-1,0.0003359981717162407
P3_pre,TV-CSP,41,-1,0.12436763441591558
P3_pre,TV-CSP,42,-1,0.21411072931648586
P3_pre,TV-CSP,43,1,0.7763679369943977
P3_pre,TV-CSP,44,-1,0.0002462851059294337
P3_pre,TV-CSP,45,1,0.7298479459898475
P3_pre,TV-CSP,46,1,0.9921436877270815
P3_pre,TV-CSP,47,-1,0.006453791131341214
P3_pre,TV-CSP,48,1,0.824951316953137
P3_pre,TV-CSP,49,1,0.7541484763164251
P3_pre,TV-CSP,50,1,0.6866875464665423
P3_pre,TV-CSP,51,1,0.5075347806645256
P3_pre,TV-CSP,52,1,0.9632109954905099
P3_pre,TV-CSP,53,-1,0.13888742110147093
P3_pre,TV-CSP,54,-1,0.1529117386898569
P3_pre,TV-CSP,55,1,0.8541223577177095
P3_pre,TV-CSP,56,-1,0.5667027332070276
P3_pre,TV-CSP,57,1,0.9404762301619733
P3_pre,TV-CSP,58,-1,0.027664132519614578
P3_pre,TV-CSP,59,-1,0.009249701015755455
P3_pre,TV-CSP,60,1,0.9883064994768547
P3_pre,TV-CSP,61,1,0.4903592924710549
P3_pre,TV-CSP,62,-1,0.12464702185207019
P3_pre,TV-CSP,63,-1,0.051104447144247916
P3_pre,TV-CSP,64,1,0.49456875167779385
P3_pre,TV-CSP,65,-1,0.23504773905833712
P3_pre,TV-CSP,66,-1,0.24913943021110088
P3_pre,TV-CSP,67,1,0.46280113242379584
P3_pre,TV-CSP,68,1,0.6371259021202512
P3_pre,TV-CSP,69,-1,0.23551332694928798
P3_pre,TV-CSP,70,-1,0.07869029865000406
P3_pre,TV-CSP,71,1,0.8448048795175487
P3_pre,TV-CSP,72,1,0.4679439447708303
P3_pre,TV-CSP,73,-1,0.14628509002389406
P3_pre,TV-CSP,74,-1,0.24994778849748947
P3_pre,TV-CSP,75,-1,0.2490163684481334
P3_pre,TV-CSP,76,1,0.9369508133739177
P3_pre,TV-CSP,77,1,0.9967938537864267
P3_pre,TV-CSP,78,1,0.7812372998686662
P3_pre,TV-CSP,79,-1,0.003492276812201586
P3_pre,selected,0,-1,0.028589336065661473
P3_pre,selected,1,1,0.9984224139796435
P3_pre,selected,2,1,0.9947331956416481
P3_pre,selected,3,-1,2.2664141732978298e-05
P3_pre,selected,4,-1,0.008076067985063917
P3_pre,selected,5,1,0.9997875159358334
P3_pre,selected,6,-1,5.8605176779490534e-05
P3_pre,selected,7,1,0.9999984002881517
P3_pre,selected,8,-1,1.0822697845434274e-06
P3_pre,selected,9,-1,0.00023867417983251699
P3_pre,selected,10,1,0.9980259879083478
P3_pre,selected,11,1,0.9999059283522703
P3_pre,selected,12,1,0.9153095830755903
P3_pre,selected,13,-1,3.1167831038035075e-08
P3_pre,selected,14,-1,0.0007043988996763544
P3_pre,selected,15,1,0.9999999999931222
P3_pre,selected,16,-1,0.36713098139510414
P3_pre,selected,17,1,0.9095603702602669
P3_pre,selected,18,-1,0.23656500957048807
P3_pre,selected,19,1,0.8312391775069119
P3_pre,selected,20,-1,0.4155241875127933
P3_pre,selected,21,-1,0.5127647366721925
P3_pre,selected,22,-1,0.40251019400400256
P3_pre,selected,23,-1,0.5187904030157274
P3_pre,selected,24,1,0.7821730852567802
P3_pre,selected,25,-1,0.25156644019777696
P3_pre,selected,26,1,0.8505867492255239
P3_pre,selected,27,-1,0.18580160576444052
P3_pre,selected,28,1,0.8676223434468113
P3_pre,selected,29,-1,0.4325344702482219
P3_pre,selected,30,-1,0.4437775157004072
P3_pre,selected,31,-1,0.5584889851071317
P3_pre,selected,32,1,0.6858757258278771
P3_pre,selected,33,1,0.5806812663783137
P3_pre,selected,34,1,0.8139751528308647
P3_pre,selected,35,1,0.6665675530637175
P3_pre,selected,36,1,0.78681560298127
P3_pre,selected,37,1,0.8356307281417553
P3_pre,selected,38,-1,0.1646953614450312
P3_pre,selected,39,1,0.8531003069779742
P3_pre,selected,40,-1,0.1912225900526089
P3_pre,selected,41,-1,0.25977335239350785
P3_pre,selected,42,-1,0.15454319228589772
P3_pre,selected,43,1,0.7949979957874015
P3_pre,selected,44,-1,0.11370214078237177
P3_pre,selected,45,1,0.7591338676876026
P3_pre,selected,46,1,0.7221558143230336
P3_pre,selected,47,-1,0.17264934434273452
P3_pre,selected,48,1,0.7776171724316693
P3_pre,selected,49,1,0.6724864064124058
P3_pre,selected,50,1,0.45280863793483
P3_pre,selected,51,1,0.46333848159858354
P3_pre,selected,52,1,0.7711967707610289
P3_pre,selected,53,-1,0.2006625989487361
P3_pre,selected,54,-1,0.21888177276274254
P3_pre,selected,55,1,0.8102533207498944
P3_pre,selected,56,-1,0.5518544529732855
P3_pre,selected,57,1,0.8526381978562866
P3_pre,selected,58,-1,0.3155610600891799
P3_pre,selected,59,-1,0.2582761181175841
P3_pre,selected,60,1,0.8425934268963363
P3_pre,selected,61,1,0.6709579452192407
P3_pre,selected,62,-1,0.2503905395343417
P3_pre,selected,63,-1,0.17044883553294193
P3_pre,selected,64,1,0.49456875167779385
P3_pre,selected,65,-1,0.23504773905833712
P3_pre,selected,66,-1,0.24913943021110088
P3_pre,selected,67,1,0.46280113242379584
P3_pre,selected,68,1,0.6371259021202512
P3_pre,selected,69,-1,0.23551332694928798
P3_pre,selected,70,-1,0.07869029865000406
P3_pre,selected,71,1,0.8448048795175487
P3_pre,selected,72,1,0.4679439447708303
P3_pre,selected,73,-1,0.14628509002389406
P3_pre,selected,74,-1,0.24994778849748947
P3_pre,selected,75,-1,0.2490163684481334
P3_pre,selected,76,1,0.9369508133739177
P3_pre,selected,77,1,0.9967938537864267
P3_pre,selected,78,1,0.7812372998686662
P3_pre,selected,79,-1,0.003492276812201586
P3_post,CSP-baseline,0,-1,0.026003172586934086
P3_post,CSP-baseline,1,-1,0.001494786776010415
P3_post,CSP-baseline,2,-1,0.009514401893674931
P3_post,CSP-baseline,3,1,0.9973447591728059
P3_post,CSP-baseline,4,1,0.7400844948607743
P3_post,CSP-baseline,5,-1,0.03983167834109538
P3_post,CSP-baseline,6,-1,0.8445937325528908
P3_post,CSP-baseline,7,1,0.9997965055270923
P3_post,CSP-baseline,8,-1,0.6071397567047373
P3_post,CSP-baseline,9,-1,0.7943468186546673
P3_post,CSP-baseline,10,-1,0.003637527145852765
P3_post,CSP-baseline,11,-1,0.3848583023414339
P3_post,CSP-baseline,12,-1,0.0023149623735400494
P3_post,CSP-baseline,13,-1,0.3195289324925312
P3_post,CSP-baseline,14,-1,0.9551879934448856
P3_post,CSP-baseline,15,1,0.9958771485056589
P3_post,CSP-baseline,16,1,0.9897473623405283
P3_post,CSP-baseline,17,-1,0.00017335095623916103
P3_post,CSP-baseline,18,1,0.9944907277686181
P3_post,CSP-baseline,19,1,0.00020507712615380202
P3_post,CSP-baseline,20,-1,0.00914823556155249
P3_post,CSP-baseline,21,1,0.9293679233798527
P3_post,CSP-baseline,22,1,0.055765034946676895
P3_post,CSP-baseline,23,1,0.7116525890721614
P3_post,CSP-baseline,24,-1,0.00016422704646925108
P3_post,CSP-baseline,25,-1,0.19296224208705512
P3_post,CSP-baseline,26,-1,0.018081661713083674
P3_post,CSP-baseline,27,1,0.9987420634849946
P3_post,CSP-baseline,28,-1,0.008954618940086192
P3_post,CSP-baseline,29,1,0.22233753037216494
P3_post,CSP-baseline,30,-1,0.0026353212506178194
P3_post,CSP-baseline,31,-1,0.16050559055011565
P3_post,CSP-baseline,32,1,0.9983062178202189
P3_post,CSP-baseline,33,1,0.9996289119975883
P3_post,CSP-baseline,34,1,0.999917643498003
P3_post,CSP-baseline,35,1,0.7423218028328356
P3_post,CSP-baseline,36,-1,2.262626094989195e-05
P3_post,CSP-baseline,37,1,0.9994059638194338
P3_post,CSP-baseline,38,-1,0.6697986672185346
P3_post,CSP-baseline,39,-1,0.14599200144667326
P3_post,CSP-baseline,40,1,0.9793374097627561
P3_post,CSP-baseline,41,-1,0.008702910947042432
P3_post,CSP-baseline,42,-1,0.07366283099756013
P3_post,CSP-baseline,43,-1,0.0005108224143568683
P3_post,CSP-baseline,44,1,0.9679357404437733
P3_post,CSP-baseline,45,-1,0.0881624568536258
P3_post,CSP-baseline,46,1,0.8456642804688156
P3_post,CSP-baseline,47,1,0.9409066503499451
P3_post,CSP-baseline,48,1,0.8439376612900582
P3_post,CSP-baseline,49,-1,0.07640563042909872
P3_post,CSP-baseline,50,-1,0.10247274665654
P3_post,CSP-baseline,51,1,0.8936619160346421
P3_post,CSP-baseline,52,-1,0.001657446760156378
P3_post,CSP-baseline,53,-1,0.0444451814698279
P3_post,CSP-baseline,54,-1,0.016690624381066676
P3_post,CSP-baseline,55,1,0.9873447673653262
P3_post,CSP-baseline,56,1,0.9481378712900145
P3_post,CSP-baseline,57,1,0.9992513060783098
P3_post,CSP-baseline,58,-1,0.000633887730687783
P3_post,CSP-baseline,59,1,0.9788288052687385
P3_post,CSP-baseline,60,1,0.05821238567764086
P3_post,CSP-baseline,61,1,0.8429505535011502
P3_post,CSP-baseline,62,1,0.8184319119570517
P3_post,CSP-baseline,63,-1,0.5535101622778469
P3_post,CSP-baseline,64,1,0.9837201025559112
P3_post,CSP-baseline,65,1,0.9257645175836599
P3_post,CSP-baseline,66,-1,0.0006562697910437851
P3_post,CSP-baseline,67,-1,0.6297010264000519
P3_post,CSP-baseline,68,-1,0.5971991702408552
P3_post,CSP-baseline,69,1,0.8840307156771757
P3_post,CSP-baseline,70,1,0.9771008856833353
P3_post,CSP-baseline,71,1,0.827191185182587
P3_post,CSP-baseline,72,1,0.9741032537737109
P3_post,CSP-baseline,73,1,0.8972882268141759
P3_post,CSP-baseline,74,-1,0.0021825102125302503
P3_post,CSP-baseline,75,-1,0.006146720117241438
P3_post,CSP-baseline,76,-1,0.18404659795616177
P3_post,CSP-baseline,77,1,0.9480354630365404
P3_post,CSP-baseline,78,1,0.9953099745244723
P3_post,CSP-baseline,79,1,0.9973761800060419
P3_post,FBCSP,0,-1,0.0003088912713512562
P3_post,FBCSP,1,-1,7.597534986074005e-05
P3_post,FBCSP,2,-1,0.0013920384292637686
P3_post,FBCSP,3,1,0.9985603566328133
P3_post,FBCSP,4,1,0.24671573312507256
P3_post,FBCSP,5,-1,0.018543585758290394
P3_post,FBCSP,6,-1,0.9981573086024169
P3_post,FBCSP,7,1,0.9999617390746919
P3_post,FBCSP,8,-1,0.18804633163668127
P3_post,FBCSP,9,-1,0.53917331386298
P3_post,FBCSP,10,-1,0.00036421388895838065
P3_post,FBCSP,11,-1,0.4734633290177093
P3_post,FBCSP,12,-1,0.0006623439667039031
P3_post,FBCSP,13,-1,0.8610195219881498
P3_post,FBCSP,14,-1,0.9888472539383314
P3_post,FBCSP,15,1,0.9980058896496257
P3_post,FBCSP,16,1,0.9853549939246031
P3_post,FBCSP,17,-1,0.0008242383110259259
P3_post,FBCSP,18,1,0.8056080327713495
P3_post,FBCSP,19,1,0.000207936309427661
P3_post,FBCSP,20,-1,0.0023565207979375836
P3_post,FBCSP,21,1,0.9984392602664699
P3_post,FBCSP,22,1,0.02165002645990145
P3_post,FBCSP,23,1,0.39807563186059314
P3_post,FBCSP,24,-1,0.019456628478268415
P3_post,FBCSP,25,-1,0.5853459079044226
P3_post,FBCSP,26,-1,0.04962836783690174
P3_post,FBCSP,27,1,0.9972599570003058
P3_post,FBCSP,28,-1,0.11472821399644771
P3_post,FBCSP,29,1,0.29553279496398843
P3_post,FBCSP,30,-1,0.053306053042621954
P3_post,FBCSP,31,-1,0.12896556130125453
P3_post,FBCSP,32,1,0.9995192201863791
P3_post,FBCSP,33,1,0.999955539231729
P3_post,FBCSP,34,1,0.9999969923951476
P3_post,FBCSP,35,1,0.7238515857391983
P3_post,FBCSP,36,-1,2.513787346270709e-05
P3_post,FBCSP,37,1,0.9997513432798483
P3_post,FBCSP,38,-1,0.8928408122616034
P3_post,FBCSP,39,-1,0.5094900631686762
P3_post,FBCSP,40,1,0.9953877566534558
P3_post,FBCSP,41,-1,0.3119909792960721
P3_post,FBCSP,42,-1,0.012641062685039683
P3_post,FBCSP,43,-1,0.0003832154673977262
P3_post,FBCSP,44,1,0.957893233805712
P3_post,FBCSP,45,-1,0.010234198435739838
P3_post,FBCSP,46,1,0.9519841881250916
P3_post,FBCSP,47,1,0.9812480747264041
P3_post,FBCSP,48,1,0.6278432240685121
P3_post,FBCSP,49,-1,0.000597502612736087
P3_post,FBCSP,50,-1,0.000306866679074873
P3_post,FBCSP,51,1,0.8671577508519267
P3_post,FBCSP,52,-1,0.017748345909927833
P3_post,FBCSP,53,-1,0.13564036909987356
P3_post,FBCSP,54,-1,7.593499197293355e-05
P3_post,FBCSP,55,1,0.9966763359768257
P3_post,FBCSP,56,1,0.9975557272442542
P3_post,FBCSP,57,1,0.9999409942064635
P3_post,FBCSP,58,-1,0.00012592461745571928
P3_post,FBCSP,59,1,0.9994105132133715
P3_post,FBCSP,60,1,0.000160554183290928
P3_post,FBCSP,61,1,0.9856900046076988
P3_post,FBCSP,62,1,0.18221922309088634
P3_post,FBCSP,63,-1,0.04684191402437594
P3_post,FBCSP,64,1,0.9999376892935794
P3_post,FBCSP,65,1,0.7273037053481549
P3_post,FBCSP,66,-1,1.7807884251673766e-05
P3_post,FBCSP,67,-1,0.0908511413679699
P3_post,FBCSP,68,-1,0.5564596691858116
P3_post,FBCSP,69,1,0.9955654788659071
P3_post,FBCSP,70,1,0.9980140180187287
P3_post,FBCSP,71,1,0.9430542813363312
P3_post,FBCSP,72,1,0.9953041099306632
P3_post,FBCSP,73,1,0.9463866759549442
P3_post,FBCSP,74,-1,6.848276491564103e-05
P3_post,FBCSP,75,-1,4.992646289389452e-05
P3_post,FBCSP,76,-1,0.015055923629613032
P3_post,FBCSP,77,1,0.9692766952336533
P3_post,FBCSP,78,1,0.9833292632486306
P3_post,FBCSP,79,1,0.9999984869205581
P3_post,Riemann,0,-1,0.5258892299439015
P3_post,Riemann,1,-1,0.08169427714943128
P3_post,Riemann,2,-1,0.26729873155492834
P3_post,Riemann,3,1,0.9419620681360077
P3_post,Riemann,4,1,0.516958674071386
P3_post,Riemann,5,-1,0.30531595228893055
P3_post,Riemann,6,-1,0.7966112154427839
P3_post,Riemann,7,1,0.9834419344594191
P3_post,Riemann,8,-1,0.274922687575732
P3_post,Riemann,9,-1,0.7004444255921908
P3_post,Riemann,10,-1,0.08080489481969295
P3_post,Riemann,11,-1,0.783548005002631
P3_post,Riemann,12,-1,0.3214760426354601
P3_post,Riemann,13,-1,0.6131146944692064
P3_post,Riemann,14,-1,0.9063640362141209
P3_post,Riemann,15,1,0.9354208050662871
P3_post,Riemann,16,1,0.7433831971044078
P3_post,Riemann,17,-1,0.17061248254295538
P3_post,Riemann,18,1,0.6581316019911764
P3_post,Riemann,19,1,0.10314361509283902
P3_post,Riemann,20,-1,0.3814527802219592
P3_post,Riemann,21,1,0.6863868468434129
P3_post,Riemann,22,1,0.4362640336332791
P3_post,Riemann,23,1,0.6230510435920469
P3_post,Riemann,24,-1,0.08057675068321744
P3_post,Riemann,25,-1,0.41300484831363754
P3_post,Riemann,26,-1,0.20407422797070046
P3_post,Riemann,27,1,0.822476658052825
P3_post,Riemann,28,-1,0.14176413276177313
P3_post,Riemann,29,1,0.22876953974151826
P3_post,Riemann,30,-1,0.2689921181534539
P3_post,Riemann,31,-1,0.4249196702487335
P3_post,Riemann,32,1,0.9397519863161781
P3_post,Riemann,33,1,0.9465917703032091
P3_post,Riemann,34,1,0.9877717295075326
P3_post,Riemann,35,1,0.5606880612110902
P3_post,Riemann,36,-1,0.02146756250457603
P3_post,Riemann,37,1,0.9171353288224138
P3_post,Riemann,38,-1,0.2565582570482346
P3_post,Riemann,39,-1,0.37273236350225036
P3_post,Riemann,40,1,0.7816781739775663
P3_post,Riemann,41,-1,0.18768484492718107
P3_post,Riemann,42,-1,0.34912201622996064
P3_post,Riemann,43,-1,0.14863910439746428
P3_post,Riemann,44,1,0.8276160433564035
P3_post,Riemann,45,-1,0.09561298079587698
P3_post,Riemann,46,1,0.8329608168824367
P3_post,Riemann,47,1,0.8297240408318444
P3_post,Riemann,48,1,0.6295157817359184
P3_post,Riemann,49,-1,0.30934267941676863
P3_post,Riemann,50,-1,0.17075613684609559
P3_post,Riemann,51,1,0.5673801549811552
P3_post,Riemann,52,-1,0.30242318093471365
P3_post,Riemann,53,-1,0.2967163163258416
P3_post,Riemann,54,-1,0.43965568852339115
P3_post,Riemann,55,1,0.654636816769307
P3_post,Riemann,56,1,0.6216361760265073
P3_post,Riemann,57,1,0.712961395945642
P3_post,Riemann,58,-1,0.2580198159976995
P3_post,Riemann,59,1,0.8179305762046987
P3_post,Riemann,60,1,0.2804381044436327
P3_post,Riemann,61,1,0.6956075453676986
P3_post,Riemann,62,1,0.4669424480586719
P3_post,Riemann,63,-1,0.19198137999676712
P3_post,Riemann,64,1,0.7699496457505004
P3_post,Riemann,65,1,0.49191386161568307
P3_post,Riemann,66,-1,0.16085647295334712
P3_post,Riemann,67,-1,0.4287846451012942
P3_post,Riemann,68,-1,0.502219843461616
P3_post,Riemann,69,1,0.6617336165083864
P3_post,Riemann,70,1,0.624654371009275
P3_post,Riemann,71,1,0.5049306040234514
P3_post,Riemann,72,1,0.660611311908963
P3_post,Riemann,73,1,0.5027555967653735
P3_post,Riemann,74,-1,0.20296231753250338
P3_post,Riemann,75,-1,0.20878972824616357
P3_post,Riemann,76,-1,0.3377272747594775
P3_post,Riemann,77,1,0.5164600053704251
P3_post,Riemann,78,1,0.4196312513523595
P3_post,Riemann,79,1,0.7928623178904303
P3_post,TV-CSP,0,-1,0.4525592882723883
P3_post,TV-CSP,1,-1,0.10457907215474095
P3_post,TV-CSP,2,-1,0.2395055164378957
P3_post,TV-CSP,3,1,0.8896038796421564
P3_post,TV-CSP,4,1,0.610853869699612
P3_post,TV-CSP,5,-1,0.40317813990691764
P3_post,TV-CSP,6,-1,0.5690204705328297
P3_post,TV-CSP,7,1,0.9108854893020762
P3_post,TV-CSP,8,-1,0.4411597870401251
P3_post,TV-CSP,9,-1,0.722105925989395
P3_post,TV-CSP,10,-1,0.38104226687236775
P3_post,TV-CSP,11,-1,0.34624224664133685
P3_post,TV-CSP,12,-1,0.2279785358896167
P3_post,TV-CSP,13,-1,0.5068974354353385
P3_post,TV-CSP,14,-1,0.8282431382534136
P3_post,TV-CSP,15,1,0.9077228333921841
P3_post,TV-CSP,16,1,0.7787676598930774
P3_post,TV-CSP,17,-1,0.050880149366958664
P3_post,TV-CSP,18,1,0.5997101999171358
P3_post,TV-CSP,19,1,0.05506621934664854
P3_post,TV-CSP,20,-1,0.2903700199725309
P3_post,TV-CSP,21,1,0.6806823463843847
P3_post,TV-CSP,22,1,0.45111673968142507
P3_post,TV-CSP,23,1,0.6827035920584751
P3_post,TV-CSP,24,-1,0.24608548057317664
P3_post,TV-CSP,25,-1,0.36027140827616033
P3_post,TV-CSP,26,-1,0.21469026545918113
P3_post,TV-CSP,27,1,0.9284352073041098
P3_post,TV-CSP,28,-1,0.2401784512880396
P3_post,TV-CSP,29,1,0.02510146103453788
P3_post,TV-CSP,30,-1,0.3127040044502111
P3_post,TV-CSP,31,-1,0.27748653542284735
P3_post,TV-CSP,32,1,0.6519341920928077
P3_post,TV-CSP,33,1,0.9121861150124848
P3_post,TV-CSP,34,1,0.9243482755527574
P3_post,TV-CSP,35,1,0.796063749702916
P3_post,TV-CSP,36,-1,0.22800188134511246
P3_post,TV-CSP,37,1,0.8043410971786914
P3_post,TV-CSP,38,-1,0.501093658946747
P3_post,TV-CSP,39,-1,0.39188459559543526
P3_post,TV-CSP,40,1,0.9076581560547659
P3_post,TV-CSP,41,-1,0.31395355814733134
P3_post,TV-CSP,42,-1,0.16916719157757346
P3_post,TV-CSP,43,-1,0.261992552269023
P3_post,TV-CSP,44,1,0.6915420212107781
P3_post,TV-CSP,45,-1,0.3224838303897832
P3_post,TV-CSP,46,1,0.5310343377687007
P3_post,TV-CSP,47,1,0.7202439682012763
P3_post,TV-CSP,48,1,0.7440231290499548
P3_post,TV-CSP,49,-1,0.32990573176340476
P3_post,TV-CSP,50,-1,0.0670245248962594
P3_post,TV-CSP,51,1,0.30289691306990246
P3_post,TV-CSP,52,-1,0.2272790200031484
P3_post,TV-CSP,53,-1,0.20025344957504715
P3_post,TV-CSP,54,-1,0.36208764646792
P3_post,TV-CSP,55,1,0.6244734431088428
P3_post,TV-CSP,56,1,0.5890332790916635
P3_post,TV-CSP,57,1,0.7718053301208667
P3_post,TV-CSP,58,-1,0.13099239729947415
P3_post,TV-CSP,59,1,0.5564759809097131
P3_post,TV-CSP,60,1,0.2930889218621088
P3_post,TV-CSP,61,1,0.6158579836220982
P3_post,TV-CSP,62,1,0.5575813421197935
P3_post,TV-CSP,63,-1,0.5163582495952012
P3_post,TV-CSP,64,1,0.7177966041460042
P3_post,TV-CSP,65,1,0.3781386266896137
P3_post,TV-CSP,66,-1,0.15471158805729965
P3_post,TV-CSP,67,-1,0.17106363417820314
P3_post,TV-CSP,68,-1,0.35836234184810395
P3_post,TV-CSP,69,1,0.5789704290771011
P3_post,TV-CSP,70,1,0.7141810051910144
P3_post,TV-CSP,71,1,0.826377235338525
P3_post,TV-CSP,72,1,0.7188380244972792
P3_post,TV-CSP,73,1,0.7163801060653799
P3_post,TV-CSP,74,-1,0.24286387148032412
P3_post,TV-CSP,75,-1,0.24350801020182508
P3_post,TV-CSP,76,-1,0.5172578486239303
P3_post,TV-CSP,77,1,0.3777295877638722
P3_post,TV-CSP,78,1,0.8102060519301754
P3_post,TV-CSP,79,1,0.9613615669721913
P3_post,selected,0,-1,0.0003088912713512562
P3_post,selected,1,-1,7.597534986074005e-05
P3_post,selected,2,-1,0.0013920384292637686
P3_post,selected,3,1,0.9985603566328133
P3_post,selected,4,1,0.24671573312507256
P3_post,selected,5,-1,0.018543585758290394
P3_post,selected,6,-1,0.9981573086024169
P3_post,selected,7,1,0.9999617390746919
P3_post,selected,8,-1,0.18804633163668127
P3_post,selected,9,-1,0.53917331386298
P3_post,selected,10,-1,0.00036421388895838065
P3_post,selected,11,-1,0.4734633290177093
P3_post,selected,12,-1,0.0006623439667039031
P3_post,selected,13,-1,0.8610195219881498
P3_post,selected,14,-1,0.9888472539383314
P3_post,selected,15,1,0.9980058896496257
P3_post,selected,16,1,0.7787676598930774
P3_post,selected,17,-1,0.050880149366958664
P3_post,selected,18,1,0.5997101999171358
P3_post,selected,19,1,0.05506621934664854
P3_post,selected,20,-1,0.2903700199725309
P3_post,selected,21,1,0.6806823463843847
P3_post,selected,22,1,0.45111673968142507
P3_post,selected,23,1,0.6827035920584751
P3_post,selected,24,-1,0.24608548057317664
P3_post,selected,25,-1,0.36027140827616033
P3_post,selected,26,-1,0.21469026545918113
P3_post,selected,27,1,0.9284352073041098
P3_post,selected,28,-1,0.2401784512880396
P3_post,selected,29,1,0.02510146103453788
P3_post,selected,30,-1,0.3127040044502111
P3_post,selected,31,-1,0.27748653542284735
P3_post,selected,32,1,0.9995192201863791
P3_post,selected,33,1,0.999955539231729
P3_post,selected,34,1,0.9999969923951476
P3_post,selected,35,1,0.7238515857391983
P3_post,selected,36,-1,2.513787346270709e-05
P3_post,selected,37,1,0.9997513432798483
P3_post,selected,38,-1,0.8928408122616034
P3_post,selected,39,-1,0.5094900631686762
P3_post,selected,40,1,0.9953877566534558
P3_post,selected,41,-1,0.3119909792960721
P3_post,selected,42,-1,0.012641062685039683
P3_post,selected,43,-1,0.0003832154673977262
P3_post,selected,44,1,0.957893233805712
P3_post,selected,45,-1,0.010234198435739838
P3_post,selected,46,1,0.9519841881250916
P3_post,selected,47,1,0.9812480747264041
P3_post,selected,48,1,0.6278432240685121
P3_post,selected,49,-1,0.000597502612736087
P3_post,selected,50,-1,0.000306866679074873
P3_post,selected,51,1,0.8671577508519267
P3_post,selected,52,-1,0.017748345909927833
P3_post,selected,53,-1,0.13564036909987356
P3_post,selected,54,-1,7.593499197293355e-05
P3_post,selected,55,1,0.9966763359768257
P3_post,selected,56,1,0.9975557272442542
P3_post,selected,57,1,0.9999409942064635
P3_post,selected,58,-1,0.00012592461745571928
P3_post,selected,59,1,0.9994105132133715
P3_post,selected,60,1,0.000160554183290928
P3_post,selected,61,1,0.9856900046076988
P3_post,selected,62,1,0.18221922309088634
P3_post,selected,63,-1,0.04684191402437594
P3_post,selected,64,1,0.7699496457505004
P3_post,selected,65,1,0.49191386161568307
P3_post,selected,66,-1,0.16085647295334712
P3_post,selected,67,-1,0.4287846451012942
P3_post,selected,68,-1,0.502219843461616
P3_post,selected,69,1,0.6617336165083864
P3_post,selected,70,1,0.624654371009275
P3_post,selected,71,1,0.5049306040234514
P3_post,selected,72,1,0.660611311908963
P3_post,selected,73,1,0.5027555967653735
P3_post,selected,74,-1,0.20296231753250338
P3_post,selected,75,-1,0.20878972824616357
P3_post,selected,76,-1,0.3377272747594775
P3_post,selected,77,1,0.5164600053704251
P3_post,selected,78,1,0.4196312513523595
P3_post,selected,79,1,0.7928623178904303
