patient,session,model,window_start_s,decision_time_s,correct,trials,accuracy,left_correct,left_trials,right_correct,right_trials,balanced_accuracy
P1,pre,filterbank_csp_shrinkage_lda,1.5,2.5,42,80,0.525,18,40,24,40,0.525
P1,pre,filterbank_csp_shrinkage_lda,1.75,2.75,45,80,0.5625,22,40,23,40,0.5625
P1,pre,filterbank_csp_shrinkage_lda,2.0,3.0,53,80,0.6625,27,40,26,40,0.6625000000000001
P1,pre,filterbank_csp_shrinkage_lda,2.25,3.25,59,80,0.7375,32,40,27,40,0.7375
P1,pre,filterbank_csp_shrinkage_lda,2.5,3.5,71,80,0.8875,37,40,34,40,0.8875
P1,pre,filterbank_csp_shrinkage_lda,2.75,3.75,75,80,0.9375,38,40,37,40,0.9375
P1,pre,filterbank_csp_shrinkage_lda,3.0,4.0,73,80,0.9125,38,40,35,40,0.9125
P1,pre,filterbank_csp_shrinkage_lda,3.25,4.25,72,80,0.9,36,40,36,40,0.9
P1,pre,filterbank_csp_shrinkage_lda,3.5,4.5,67,80,0.8375,34,40,33,40,0.8374999999999999
P1,pre,filterbank_csp_shrinkage_lda,3.75,4.75,61,80,0.7625,30,40,31,40,0.7625
P1,pre,filterbank_csp_shrinkage_lda,4.0,5.0,67,80,0.8375,33,40,34,40,0.8374999999999999
P1,pre,filterbank_csp_shrinkage_lda,4.25,5.25,67,80,0.8375,32,40,35,40,0.8375
P1,pre,filterbank_csp_shrinkage_lda,4.5,5.5,68,80,0.85,35,40,33,40,0.85
P1,pre,filterbank_csp_shrinkage_lda,4.75,5.75,65,80,0.8125,36,40,29,40,0.8125
P1,pre,filterbank_csp_shrinkage_lda,5.0,6.0,54,80,0.675,32,40,22,40,0.675
P1,pre,filterbank_csp_shrinkage_lda,5.25,6.25,49,80,0.6125,22,40,27,40,0.6125
P1,pre,filterbank_csp_shrinkage_lda,5.5,6.5,58,80,0.725,32,40,26,40,0.7250000000000001
P1,pre,filterbank_csp_shrinkage_lda,5.75,6.75,56,80,0.7,28,40,28,40,0.7
P1,pre,filterbank_csp_shrinkage_lda,6.0,7.0,58,80,0.725,27,40,31,40,0.7250000000000001
P1,pre,filterbank_csp_shrinkage_lda,6.25,7.25,55,80,0.6875,26,40,29,40,0.6875
P1,pre,filterbank_csp_shrinkage_lda,6.5,7.5,53,80,0.6625,25,40,28,40,0.6625
P1,pre,filterbank_csp_shrinkage_lda,6.75,7.75,47,80,0.5875,17,40,30,40,0.5875
P1,pre,filterbank_csp_shrinkage_lda,7.0,8.0,56,80,0.7,22,40,34,40,0.7
P1,post,filterbank_csp_shrinkage_lda,1.5,2.5,43,80,0.5375,22,40,21,40,0.5375000000000001
P1,post,filterbank_csp_shrinkage_lda,1.75,2.75,40,80,0.5,24,40,16,40,0.5
P1,post,filterbank_csp_shrinkage_lda,2.0,3.0,60,80,0.75,35,40,25,40,0.75
P1,post,filterbank_csp_shrinkage_lda,2.25,3.25,68,80,0.85,37,40,31,40,0.8500000000000001
P1,post,filterbank_csp_shrinkage_lda,2.5,3.5,73,80,0.9125,39,40,34,40,0.9125
P1,post,filterbank_csp_shrinkage_lda,2.75,3.75,74,80,0.925,36,40,38,40,0.925
P1,post,filterbank_csp_shrinkage_lda,3.0,4.0,73,80,0.9125,35,40,38,40,0.9125
P1,post,filterbank_csp_shrinkage_lda,3.25,4.25,67,80,0.8375,35,40,32,40,0.8375
P1,post,filterbank_csp_shrinkage_lda,3.5,4.5,70,80,0.875,38,40,32,40,0.875
P1,post,filterbank_csp_shrinkage_lda,3.75,4.75,72,80,0.9,38,40,34,40,0.8999999999999999
P1,post,filterbank_csp_shrinkage_lda,4.0,5.0,72,80,0.9,38,40,34,40,0.8999999999999999
P1,post,filterbank_csp_shrinkage_lda,4.25,5.25,75,80,0.9375,37,40,38,40,0.9375
P1,post,filterbank_csp_shrinkage_lda,4.5,5.5,69,80,0.8625,36,40,33,40,0.8625
P1,post,filterbank_csp_shrinkage_lda,4.75,5.75,70,80,0.875,38,40,32,40,0.875
P1,post,filterbank_csp_shrinkage_lda,5.0,6.0,66,80,0.825,37,40,29,40,0.825
P1,post,filterbank_csp_shrinkage_lda,5.25,6.25,70,80,0.875,38,40,32,40,0.875
P1,post,filterbank_csp_shrinkage_lda,5.5,6.5,65,80,0.8125,37,40,28,40,0.8125
P1,post,filterbank_csp_shrinkage_lda,5.75,6.75,64,80,0.8,36,40,28,40,0.8
P1,post,filterbank_csp_shrinkage_lda,6.0,7.0,65,80,0.8125,35,40,30,40,0.8125
P1,post,filterbank_csp_shrinkage_lda,6.25,7.25,60,80,0.75,32,40,28,40,0.75
P1,post,filterbank_csp_shrinkage_lda,6.5,7.5,62,80,0.775,32,40,30,40,0.775
P1,post,filterbank_csp_shrinkage_lda,6.75,7.75,60,80,0.75,33,40,27,40,0.75
P1,post,filterbank_csp_shrinkage_lda,7.0,8.0,59,80,0.7375,30,40,29,40,0.7375
P2,pre,filterbank_csp_shrinkage_lda,1.5,2.5,35,80,0.4375,24,40,11,40,0.4375
P2,pre,filterbank_csp_shrinkage_lda,1.75,2.75,38,80,0.475,19,40,19,40,0.475
P2,pre,filterbank_csp_shrinkage_lda,2.0,3.0,41,80,0.5125,27,40,14,40,0.5125
P2,pre,filterbank_csp_shrinkage_lda,2.25,3.25,41,80,0.5125,29,40,12,40,0.5125
P2,pre,filterbank_csp_shrinkage_lda,2.5,3.5,52,80,0.65,29,40,23,40,0.6499999999999999
P2,pre,filterbank_csp_shrinkage_lda,2.75,3.75,56,80,0.7,32,40,24,40,0.7
P2,pre,filterbank_csp_shrinkage_lda,3.0,4.0,62,80,0.775,32,40,30,40,0.775
P2,pre,filterbank_csp_shrinkage_lda,3.25,4.25,64,80,0.8,33,40,31,40,0.8
P2,pre,filterbank_csp_shrinkage_lda,3.5,4.5,56,80,0.7,29,40,27,40,0.7
P2,pre,filterbank_csp_shrinkage_lda,3.75,4.75,58,80,0.725,30,40,28,40,0.725
P2,pre,filterbank_csp_shrinkage_lda,4.0,5.0,55,80,0.6875,27,40,28,40,0.6875
P2,pre,filterbank_csp_shrinkage_lda,4.25,5.25,55,80,0.6875,30,40,25,40,0.6875
P2,pre,filterbank_csp_shrinkage_lda,4.5,5.5,54,80,0.675,29,40,25,40,0.675
P2,pre,filterbank_csp_shrinkage_lda,4.75,5.75,55,80,0.6875,29,40,26,40,0.6875
P2,pre,filterbank_csp_shrinkage_lda,5.0,6.0,60,80,0.75,30,40,30,40,0.75
P2,pre,filterbank_csp_shrinkage_lda,5.25,6.25,61,80,0.7625,31,40,30,40,0.7625
P2,pre,filterbank_csp_shrinkage_lda,5.5,6.5,62,80,0.775,33,40,29,40,0.7749999999999999
P2,pre,filterbank_csp_shrinkage_lda,5.75,6.75,61,80,0.7625,34,40,27,40,0.7625
P2,pre,filterbank_csp_shrinkage_lda,6.0,7.0,55,80,0.6875,27,40,28,40,0.6875
P2,pre,filterbank_csp_shrinkage_lda,6.25,7.25,58,80,0.725,28,40,30,40,0.725
P2,pre,filterbank_csp_shrinkage_lda,6.5,7.5,50,80,0.625,22,40,28,40,0.625
P2,pre,filterbank_csp_shrinkage_lda,6.75,7.75,51,80,0.6375,20,40,31,40,0.6375
P2,pre,filterbank_csp_shrinkage_lda,7.0,8.0,55,80,0.6875,27,40,28,40,0.6875
P2,post,filterbank_csp_shrinkage_lda,1.5,2.5,49,80,0.6125,22,40,27,40,0.6125
P2,post,filterbank_csp_shrinkage_lda,1.75,2.75,41,80,0.5125,19,40,22,40,0.5125
P2,post,filterbank_csp_shrinkage_lda,2.0,3.0,46,80,0.575,24,40,22,40,0.575
P2,post,filterbank_csp_shrinkage_lda,2.25,3.25,43,80,0.5375,25,40,18,40,0.5375
P2,post,filterbank_csp_shrinkage_lda,2.5,3.5,59,80,0.7375,27,40,32,40,0.7375
P2,post,filterbank_csp_shrinkage_lda,2.75,3.75,70,80,0.875,33,40,37,40,0.875
P2,post,filterbank_csp_shrinkage_lda,3.0,4.0,71,80,0.8875,33,40,38,40,0.8875
P2,post,filterbank_csp_shrinkage_lda,3.25,4.25,73,80,0.9125,34,40,39,40,0.9125
P2,post,filterbank_csp_shrinkage_lda,3.5,4.5,73,80,0.9125,34,40,39,40,0.9125
P2,post,filterbank_csp_shrinkage_lda,3.75,4.75,72,80,0.9,36,40,36,40,0.9
P2,post,filterbank_csp_shrinkage_lda,4.0,5.0,72,80,0.9,36,40,36,40,0.9
P2,post,filterbank_csp_shrinkage_lda,4.25,5.25,73,80,0.9125,36,40,37,40,0.9125000000000001
P2,post,filterbank_csp_shrinkage_lda,4.5,5.5,76,80,0.95,39,40,37,40,0.95
P2,post,filterbank_csp_shrinkage_lda,4.75,5.75,75,80,0.9375,39,40,36,40,0.9375
P2,post,filterbank_csp_shrinkage_lda,5.0,6.0,74,80,0.925,39,40,35,40,0.925
P2,post,filterbank_csp_shrinkage_lda,5.25,6.25,77,80,0.9625,40,40,37,40,0.9625
P2,post,filterbank_csp_shrinkage_lda,5.5,6.5,75,80,0.9375,38,40,37,40,0.9375
P2,post,filterbank_csp_shrinkage_lda,5.75,6.75,79,80,0.9875,39,40,40,40,0.9875
P2,post,filterbank_csp_shrinkage_lda,6.0,7.0,77,80,0.9625,38,40,39,40,0.9624999999999999
P2,post,filterbank_csp_shrinkage_lda,6.25,7.25,74,80,0.925,37,40,37,40,0.925
P2,post,filterbank_csp_shrinkage_lda,6.5,7.5,72,80,0.9,36,40,36,40,0.9
P2,post,filterbank_csp_shrinkage_lda,6.75,7.75,73,80,0.9125,35,40,38,40,0.9125
P2,post,filterbank_csp_shrinkage_lda,7.0,8.0,66,80,0.825,29,40,37,40,0.825
P3,pre,filterbank_csp_shrinkage_lda,1.5,2.5,46,80,0.575,20,40,26,40,0.575
P3,pre,filterbank_csp_shrinkage_lda,1.75,2.75,42,80,0.525,20,40,22,40,0.525
P3,pre,filterbank_csp_shrinkage_lda,2.0,3.0,45,80,0.5625,15,40,30,40,0.5625
P3,pre,filterbank_csp_shrinkage_lda,2.25,3.25,50,80,0.625,16,40,34,40,0.625
P3,pre,filterbank_csp_shrinkage_lda,2.5,3.5,47,80,0.5875,15,40,32,40,0.5875
P3,pre,filterbank_csp_shrinkage_lda,2.75,3.75,57,80,0.7125,20,40,37,40,0.7125
P3,pre,filterbank_csp_shrinkage_lda,3.0,4.0,60,80,0.75,24,40,36,40,0.75
P3,pre,filterbank_csp_shrinkage_lda,3.25,4.25,66,80,0.825,29,40,37,40,0.825
P3,pre,filterbank_csp_shrinkage_lda,3.5,4.5,62,80,0.775,33,40,29,40,0.7749999999999999
P3,pre,filterbank_csp_shrinkage_lda,3.75,4.75,60,80,0.75,30,40,30,40,0.75
P3,pre,filterbank_csp_shrinkage_lda,4.0,5.0,60,80,0.75,29,40,31,40,0.75
P3,pre,filterbank_csp_shrinkage_lda,4.25,5.25,64,80,0.8,30,40,34,40,0.8
P3,pre,filterbank_csp_shrinkage_lda,4.5,5.5,59,80,0.7375,27,40,32,40,0.7375
P3,pre,filterbank_csp_shrinkage_lda,4.75,5.75,61,80,0.7625,27,40,34,40,0.7625
P3,pre,filterbank_csp_shrinkage_lda,5.0,6.0,56,80,0.7,18,40,38,40,0.7
P3,pre,filterbank_csp_shrinkage_lda,5.25,6.25,64,80,0.8,25,40,39,40,0.8
P3,pre,filterbank_csp_shrinkage_lda,5.5,6.5,55,80,0.6875,16,40,39,40,0.6875
P3,pre,filterbank_csp_shrinkage_lda,5.75,6.75,56,80,0.7,17,40,39,40,0.7
P3,pre,filterbank_csp_shrinkage_lda,6.0,7.0,49,80,0.6125,11,40,38,40,0.6125
P3,pre,filterbank_csp_shrinkage_lda,6.25,7.25,60,80,0.75,23,40,37,40,0.75
P3,pre,filterbank_csp_shrinkage_lda,6.5,7.5,63,80,0.7875,28,40,35,40,0.7875
P3,pre,filterbank_csp_shrinkage_lda,6.75,7.75,60,80,0.75,23,40,37,40,0.75
P3,pre,filterbank_csp_shrinkage_lda,7.0,8.0,60,80,0.75,24,40,36,40,0.75
P3,post,filterbank_csp_shrinkage_lda,1.5,2.5,39,80,0.4875,17,40,22,40,0.48750000000000004
P3,post,filterbank_csp_shrinkage_lda,1.75,2.75,44,80,0.55,24,40,20,40,0.55
P3,post,filterbank_csp_shrinkage_lda,2.0,3.0,40,80,0.5,22,40,18,40,0.5
P3,post,filterbank_csp_shrinkage_lda,2.25,3.25,45,80,0.5625,26,40,19,40,0.5625
P3,post,filterbank_csp_shrinkage_lda,2.5,3.5,56,80,0.7,29,40,27,40,0.7
P3,post,filterbank_csp_shrinkage_lda,2.75,3.75,59,80,0.7375,31,40,28,40,0.7375
P3,post,filterbank_csp_shrinkage_lda,3.0,4.0,66,80,0.825,32,40,34,40,0.825
P3,post,filterbank_csp_shrinkage_lda,3.25,4.25,65,80,0.8125,33,40,32,40,0.8125
P3,post,filterbank_csp_shrinkage_lda,3.5,4.5,62,80,0.775,30,40,32,40,0.775
P3,post,filterbank_csp_shrinkage_lda,3.75,4.75,65,80,0.8125,29,40,36,40,0.8125
P3,post,filterbank_csp_shrinkage_lda,4.0,5.0,65,80,0.8125,28,40,37,40,0.8125
P3,post,filterbank_csp_shrinkage_lda,4.25,5.25,62,80,0.775,28,40,34,40,0.7749999999999999
P3,post,filterbank_csp_shrinkage_lda,4.5,5.5,68,80,0.85,35,40,33,40,0.85
P3,post,filterbank_csp_shrinkage_lda,4.75,5.75,63,80,0.7875,30,40,33,40,0.7875
P3,post,filterbank_csp_shrinkage_lda,5.0,6.0,67,80,0.8375,29,40,38,40,0.8374999999999999
P3,post,filterbank_csp_shrinkage_lda,5.25,6.25,59,80,0.7375,28,40,31,40,0.7375
P3,post,filterbank_csp_shrinkage_lda,5.5,6.5,58,80,0.725,25,40,33,40,0.725
P3,post,filterbank_csp_shrinkage_lda,5.75,6.75,56,80,0.7,23,40,33,40,0.7
P3,post,filterbank_csp_shrinkage_lda,6.0,7.0,58,80,0.725,23,40,35,40,0.725
P3,post,filterbank_csp_shrinkage_lda,6.25,7.25,49,80,0.6125,17,40,32,40,0.6125
P3,post,filterbank_csp_shrinkage_lda,6.5,7.5,49,80,0.6125,18,40,31,40,0.6125
P3,post,filterbank_csp_shrinkage_lda,6.75,7.75,56,80,0.7,22,40,34,40,0.7
P3,post,filterbank_csp_shrinkage_lda,7.0,8.0,52,80,0.65,18,40,34,40,0.65
