patient,session,decision_time_s,correct,trials
P1,pre,1.0,9,20
P1,pre,1.25,11,20
P1,pre,1.5,11,20
P1,pre,1.75,13,20
P1,pre,2.0,8,20
P1,pre,2.25,6,20
P1,pre,2.5,6,20
P1,pre,2.75,9,20
P1,pre,3.0,13,20
P1,pre,3.25,13,20
P1,pre,3.5,17,20
P1,pre,3.75,20,20
P1,pre,4.0,20,20
P1,pre,4.25,17,20
P1,pre,4.5,18,20
P1,pre,4.75,17,20
P1,pre,5.0,19,20
P1,pre,5.25,19,20
P1,pre,5.5,18,20
P1,pre,5.75,18,20
P1,pre,6.0,16,20
P1,pre,6.25,14,20
P1,pre,6.5,12,20
P1,pre,6.75,11,20
P1,pre,7.0,14,20
P1,pre,7.25,12,20
P1,pre,7.5,14,20
P1,pre,7.75,14,20
P1,pre,8.0,15,20
P1,post,1.0,9,20
P1,post,1.25,9,20
P1,post,1.5,11,20
P1,post,1.75,9,20
P1,post,2.0,9,20
P1,post,2.25,9,20
P1,post,2.5,10,20
P1,post,2.75,9,20
P1,post,3.0,15,20
P1,post,3.25,18,20
P1,post,3.5,20,20
P1,post,3.75,20,20
P1,post,4.0,20,20
P1,post,4.25,20,20
P1,post,4.5,20,20
P1,post,4.75,20,20
P1,post,5.0,20,20
P1,post,5.25,19,20
P1,post,5.5,20,20
P1,post,5.75,20,20
P1,post,6.0,19,20
P1,post,6.25,19,20
P1,post,6.5,20,20
P1,post,6.75,19,20
P1,post,7.0,15,20
P1,post,7.25,14,20
P1,post,7.5,13,20
P1,post,7.75,16,20
P1,post,8.0,17,20
P2,pre,1.0,10,20
P2,pre,1.25,9,20
P2,pre,1.5,8,20
P2,pre,1.75,11,20
P2,pre,2.0,9,20
P2,pre,2.25,9,20
P2,pre,2.5,7,20
P2,pre,2.75,10,20
P2,pre,3.0,9,20
P2,pre,3.25,7,20
P2,pre,3.5,13,20
P2,pre,3.75,13,20
P2,pre,4.0,15,20
P2,pre,4.25,13,20
P2,pre,4.5,14,20
P2,pre,4.75,12,20
P2,pre,5.0,13,20
P2,pre,5.25,14,20
P2,pre,5.5,16,20
P2,pre,5.75,13,20
P2,pre,6.0,17,20
P2,pre,6.25,16,20
P2,pre,6.5,15,20
P2,pre,6.75,16,20
P2,pre,7.0,18,20
P2,pre,7.25,18,20
P2,pre,7.5,19,20
P2,pre,7.75,17,20
P2,pre,8.0,12,20
P2,post,1.0,10,20
P2,post,1.25,9,20
P2,post,1.5,8,20
P2,post,1.75,9,20
P2,post,2.0,10,20
P2,post,2.25,10,20
P2,post,2.5,7,20
P2,post,2.75,8,20
P2,post,3.0,8,20
P2,post,3.25,8,20
P2,post,3.5,12,20
P2,post,3.75,12,20
P2,post,4.0,16,20
P2,post,4.25,17,20
P2,post,4.5,16,20
P2,post,4.75,16,20
P2,post,5.0,17,20
P2,post,5.25,18,20
P2,post,5.5,18,20
P2,post,5.75,20,20
P2,post,6.0,20,20
P2,post,6.25,20,20
P2,post,6.5,20,20
P2,post,6.75,16,20
P2,post,7.0,15,20
P2,post,7.25,15,20
P2,post,7.5,16,20
P2,post,7.75,17,20
P2,post,8.0,19,20
P3,pre,1.0,16,20
P3,pre,1.25,13,20
P3,pre,1.5,12,20
P3,pre,1.75,7,20
P3,pre,2.0,8,20
P3,pre,2.25,9,20
P3,pre,2.5,11,20
P3,pre,2.75,8,20
P3,pre,3.0,10,20
P3,pre,3.25,8,20
P3,pre,3.5,9,20
P3,pre,3.75,17,20
P3,pre,4.0,16,20
P3,pre,4.25,16,20
P3,pre,4.5,18,20
P3,pre,4.75,13,20
P3,pre,5.0,15,20
P3,pre,5.25,16,20
P3,pre,5.5,17,20
P3,pre,5.75,13,20
P3,pre,6.0,17,20
P3,pre,6.25,17,20
P3,pre,6.5,17,20
P3,pre,6.75,17,20
P3,pre,7.0,19,20
P3,pre,7.25,16,20
P3,pre,7.5,16,20
P3,pre,7.75,16,20
P3,pre,8.0,17,20
P3,post,1.0,8,20
P3,post,1.25,13,20
P3,post,1.5,12,20
P3,post,1.75,11,20
P3,post,2.0,11,20
P3,post,2.25,11,20
P3,post,2.5,10,20
P3,post,2.75,9,20
P3,post,3.0,13,20
P3,post,3.25,12,20
P3,post,3.5,11,20
P3,post,3.75,14,20
P3,post,4.0,16,20
P3,post,4.25,16,20
P3,post,4.5,16,20
P3,post,4.75,16,20
P3,post,5.0,13,20
P3,post,5.25,13,20
P3,post,5.5,14,20
P3,post,5.75,16,20
P3,post,6.0,16,20
P3,post,6.25,14,20
P3,post,6.5,15,20
P3,post,6.75,13,20
P3,post,7.0,16,20
P3,post,7.25,17,20
P3,post,7.5,17,20
P3,post,7.75,17,20
P3,post,8.0,15,20
