patient,session,fold,first_trial,last_trial,n_train,n_validation,selected,inner_power,inner_csp_1pair,inner_csp_2pairs,outer_selected_correct,outer_power_correct,outer_csp_1pair_correct,outer_csp_2pairs_correct
P1,pre,1,0,15,63,16,causal_csp_2pairs,0.7301587301587301,0.7936507936507936,0.873015873015873,10,12,13,10
P1,pre,2,16,31,62,16,causal_csp_1pair,0.7419354838709677,0.8870967741935484,0.7903225806451613,12,11,12,12
P1,pre,3,32,47,62,16,causal_csp_2pairs,0.5967741935483871,0.7258064516129032,0.7903225806451613,14,12,14,14
P1,pre,4,48,63,62,16,causal_csp_2pairs,0.5806451612903226,0.6774193548387096,0.7580645161290323,15,13,16,15
P1,pre,5,64,79,63,16,causal_csp_1pair,0.6984126984126984,0.7301587301587301,0.7142857142857143,15,11,15,15
P1,post,1,0,15,63,16,causal_csp_1pair,0.8412698412698413,0.9841269841269841,0.9523809523809523,16,15,16,16
P1,post,2,16,31,62,16,causal_csp_1pair,0.8709677419354839,0.9516129032258065,0.9516129032258065,16,15,16,16
P1,post,3,32,47,62,16,causal_csp_2pairs,0.8225806451612904,0.9516129032258065,0.9838709677419355,16,15,15,16
P1,post,4,48,63,62,16,causal_csp_1pair,0.9193548387096774,1.0,1.0,14,11,14,14
P1,post,5,64,79,63,16,causal_csp_1pair,0.8571428571428571,0.9365079365079365,0.9365079365079365,15,14,15,16
P2,pre,1,0,15,63,16,causal_power,0.5555555555555556,0.5238095238095238,0.5079365079365079,6,6,7,6
P2,pre,2,16,31,62,16,causal_csp_2pairs,0.3870967741935484,0.532258064516129,0.5645161290322581,10,6,10,10
P2,pre,3,32,47,62,16,causal_csp_2pairs,0.45161290322580644,0.46774193548387094,0.5,10,9,11,10
P2,pre,4,48,63,62,16,causal_power,0.5483870967741935,0.43548387096774194,0.3870967741935484,5,5,8,8
P2,pre,5,64,79,63,16,causal_power,0.3968253968253968,0.3968253968253968,0.38095238095238093,9,9,10,9
P2,post,1,0,15,63,16,causal_csp_1pair,0.5079365079365079,0.6349206349206349,0.6349206349206349,13,6,13,13
P2,post,2,16,31,62,16,causal_csp_2pairs,0.46774193548387094,0.5645161290322581,0.6612903225806451,9,10,6,9
P2,post,3,32,47,62,16,causal_csp_1pair,0.41935483870967744,0.6935483870967742,0.6612903225806451,8,8,8,9
P2,post,4,48,63,62,16,causal_csp_2pairs,0.2903225806451613,0.5967741935483871,0.6129032258064516,10,8,11,10
P2,post,5,64,79,63,16,causal_csp_2pairs,0.47619047619047616,0.6349206349206349,0.6825396825396826,8,5,8,8
P3,pre,1,0,15,63,16,causal_csp_1pair,0.6190476190476191,0.7142857142857143,0.6825396825396826,10,8,10,10
P3,pre,2,16,31,62,16,causal_csp_2pairs,0.5806451612903226,0.6451612903225806,0.6774193548387096,12,8,12,12
P3,pre,3,32,47,62,16,causal_csp_2pairs,0.5967741935483871,0.5483870967741935,0.6935483870967742,13,11,12,13
P3,pre,4,48,63,62,16,causal_csp_1pair,0.5967741935483871,0.6935483870967742,0.6451612903225806,11,10,11,9
P3,pre,5,64,79,63,16,causal_csp_2pairs,0.5555555555555556,0.6984126984126984,0.746031746031746,9,11,11,9
P3,post,1,0,15,63,16,causal_csp_1pair,0.3968253968253968,0.5714285714285714,0.4603174603174603,13,9,13,15
P3,post,2,16,31,62,16,causal_csp_1pair,0.5161290322580645,0.532258064516129,0.5,6,7,6,8
P3,post,3,32,47,62,16,causal_csp_2pairs,0.6290322580645161,0.5645161290322581,0.6935483870967742,9,6,11,9
P3,post,4,48,63,62,16,causal_csp_2pairs,0.6129032258064516,0.6774193548387096,0.7258064516129032,7,4,8,7
P3,post,5,64,79,63,16,causal_csp_1pair,0.42857142857142855,0.5873015873015873,0.5873015873015873,8,10,8,8
