patient,session,start_s,stop_s,correct,trials,accuracy,max_decision_s
P1,pre,2.5,3.5,70,80,0.875,3.7421875
P1,pre,2.5,4.5,73,80,0.9125,4.7421875
P1,pre,2.5,5.5,75,80,0.9375,5.7421875
P1,pre,2.5,6.5,73,80,0.9125,6.7421875
P1,post,2.5,3.5,76,80,0.95,3.72265625
P1,post,2.5,4.5,77,80,0.9625,4.72265625
P1,post,2.5,5.5,80,80,1.0,5.72265625
P1,post,2.5,6.5,77,80,0.9625,6.72265625
P2,pre,2.5,3.5,46,80,0.575,3.72265625
P2,pre,2.5,4.5,52,80,0.65,4.72265625
P2,pre,2.5,5.5,60,80,0.75,5.72265625
P2,pre,2.5,6.5,71,80,0.8875,6.72265625
P2,post,2.5,3.5,46,80,0.575,3.74609375
P2,post,2.5,4.5,58,80,0.725,4.74609375
P2,post,2.5,5.5,68,80,0.85,5.74609375
P2,post,2.5,6.5,76,80,0.95,6.74609375
P3,pre,2.5,3.5,56,80,0.7,3.7421875
P3,pre,2.5,4.5,68,80,0.85,4.7421875
P3,pre,2.5,5.5,70,80,0.875,5.7421875
P3,pre,2.5,6.5,70,80,0.875,6.7421875
P3,post,2.5,3.5,46,80,0.575,3.71875
P3,post,2.5,4.5,56,80,0.7,4.71875
P3,post,2.5,5.5,65,80,0.8125,5.71875
P3,post,2.5,6.5,69,80,0.8625,6.71875
