patient,session,model,decision_time_s,window_s,correct_test_trials,test_trials
P1,pre,filterbank_csp_shrinkage_lda,1.0,1.0,38,80
P1,pre,filterbank_csp_shrinkage_lda,1.25,1.0,34,80
P1,pre,filterbank_csp_shrinkage_lda,1.5,1.0,40,80
P1,pre,filterbank_csp_shrinkage_lda,1.75,1.0,38,80
P1,pre,filterbank_csp_shrinkage_lda,2.0,1.0,39,80
P1,pre,filterbank_csp_shrinkage_lda,2.25,1.0,41,80
P1,pre,filterbank_csp_shrinkage_lda,2.5,1.0,42,80
P1,pre,filterbank_csp_shrinkage_lda,2.75,1.0,45,80
P1,pre,filterbank_csp_shrinkage_lda,3.0,1.0,53,80
P1,pre,filterbank_csp_shrinkage_lda,3.25,1.0,59,80
P1,pre,filterbank_csp_shrinkage_lda,3.5,1.0,71,80
P1,pre,filterbank_csp_shrinkage_lda,3.75,1.0,75,80
P1,pre,filterbank_csp_shrinkage_lda,4.0,1.0,73,80
P1,pre,filterbank_csp_shrinkage_lda,4.25,1.0,72,80
P1,pre,filterbank_csp_shrinkage_lda,4.5,1.0,67,80
P1,pre,filterbank_csp_shrinkage_lda,4.75,1.0,61,80
P1,pre,filterbank_csp_shrinkage_lda,5.0,1.0,67,80
P1,pre,filterbank_csp_shrinkage_lda,5.25,1.0,67,80
P1,pre,filterbank_csp_shrinkage_lda,5.5,1.0,68,80
P1,pre,filterbank_csp_shrinkage_lda,5.75,1.0,65,80
P1,pre,filterbank_csp_shrinkage_lda,6.0,1.0,54,80
P1,pre,filterbank_csp_shrinkage_lda,6.25,1.0,49,80
P1,pre,filterbank_csp_shrinkage_lda,6.5,1.0,58,80
P1,pre,filterbank_csp_shrinkage_lda,6.75,1.0,56,80
P1,pre,filterbank_csp_shrinkage_lda,7.0,1.0,58,80
P1,pre,filterbank_csp_shrinkage_lda,7.25,1.0,55,80
P1,pre,filterbank_csp_shrinkage_lda,7.5,1.0,53,80
P1,pre,filterbank_csp_shrinkage_lda,7.75,1.0,47,80
P1,pre,filterbank_csp_shrinkage_lda,8.0,1.0,56,80
P1,pre,filterbank_riemann_recentered,1.0,1.0,32,80
P1,pre,filterbank_riemann_recentered,1.25,1.0,34,80
P1,pre,filterbank_riemann_recentered,1.5,1.0,31,80
P1,pre,filterbank_riemann_recentered,1.75,1.0,33,80
P1,pre,filterbank_riemann_recentered,2.0,1.0,35,80
P1,pre,filterbank_riemann_recentered,2.25,1.0,43,80
P1,pre,filterbank_riemann_recentered,2.5,1.0,41,80
P1,pre,filterbank_riemann_recentered,2.75,1.0,44,80
P1,pre,filterbank_riemann_recentered,3.0,1.0,50,80
P1,pre,filterbank_riemann_recentered,3.25,1.0,55,80
P1,pre,filterbank_riemann_recentered,3.5,1.0,61,80
P1,pre,filterbank_riemann_recentered,3.75,1.0,70,80
P1,pre,filterbank_riemann_recentered,4.0,1.0,72,80
P1,pre,filterbank_riemann_recentered,4.25,1.0,72,80
P1,pre,filterbank_riemann_recentered,4.5,1.0,67,80
P1,pre,filterbank_riemann_recentered,4.75,1.0,73,80
P1,pre,filterbank_riemann_recentered,5.0,1.0,73,80
P1,pre,filterbank_riemann_recentered,5.25,1.0,69,80
P1,pre,filterbank_riemann_recentered,5.5,1.0,73,80
P1,pre,filterbank_riemann_recentered,5.75,1.0,76,80
P1,pre,filterbank_riemann_recentered,6.0,1.0,69,80
P1,pre,filterbank_riemann_recentered,6.25,1.0,66,80
P1,pre,filterbank_riemann_recentered,6.5,1.0,64,80
P1,pre,filterbank_riemann_recentered,6.75,1.0,62,80
P1,pre,filterbank_riemann_recentered,7.0,1.0,57,80
P1,pre,filterbank_riemann_recentered,7.25,1.0,57,80
P1,pre,filterbank_riemann_recentered,7.5,1.0,51,80
P1,pre,filterbank_riemann_recentered,7.75,1.0,47,80
P1,pre,filterbank_riemann_recentered,8.0,1.0,50,80
P1,post,filterbank_csp_shrinkage_lda,1.0,1.0,35,80
P1,post,filterbank_csp_shrinkage_lda,1.25,1.0,46,80
P1,post,filterbank_csp_shrinkage_lda,1.5,1.0,45,80
P1,post,filterbank_csp_shrinkage_lda,1.75,1.0,41,80
P1,post,filterbank_csp_shrinkage_lda,2.0,1.0,49,80
P1,post,filterbank_csp_shrinkage_lda,2.25,1.0,46,80
P1,post,filterbank_csp_shrinkage_lda,2.5,1.0,43,80
P1,post,filterbank_csp_shrinkage_lda,2.75,1.0,40,80
P1,post,filterbank_csp_shrinkage_lda,3.0,1.0,60,80
P1,post,filterbank_csp_shrinkage_lda,3.25,1.0,68,80
P1,post,filterbank_csp_shrinkage_lda,3.5,1.0,73,80
P1,post,filterbank_csp_shrinkage_lda,3.75,1.0,74,80
P1,post,filterbank_csp_shrinkage_lda,4.0,1.0,73,80
P1,post,filterbank_csp_shrinkage_lda,4.25,1.0,67,80
P1,post,filterbank_csp_shrinkage_lda,4.5,1.0,70,80
P1,post,filterbank_csp_shrinkage_lda,4.75,1.0,72,80
P1,post,filterbank_csp_shrinkage_lda,5.0,1.0,72,80
P1,post,filterbank_csp_shrinkage_lda,5.25,1.0,75,80
P1,post,filterbank_csp_shrinkage_lda,5.5,1.0,69,80
P1,post,filterbank_csp_shrinkage_lda,5.75,1.0,70,80
P1,post,filterbank_csp_shrinkage_lda,6.0,1.0,66,80
P1,post,filterbank_csp_shrinkage_lda,6.25,1.0,70,80
P1,post,filterbank_csp_shrinkage_lda,6.5,1.0,65,80
P1,post,filterbank_csp_shrinkage_lda,6.75,1.0,64,80
P1,post,filterbank_csp_shrinkage_lda,7.0,1.0,65,80
P1,post,filterbank_csp_shrinkage_lda,7.25,1.0,60,80
P1,post,filterbank_csp_shrinkage_lda,7.5,1.0,62,80
P1,post,filterbank_csp_shrinkage_lda,7.75,1.0,60,80
P1,post,filterbank_csp_shrinkage_lda,8.0,1.0,59,80
P1,post,filterbank_riemann_recentered,1.0,1.0,41,80
P1,post,filterbank_riemann_recentered,1.25,1.0,42,80
P1,post,filterbank_riemann_recentered,1.5,1.0,46,80
P1,post,filterbank_riemann_recentered,1.75,1.0,43,80
P1,post,filterbank_riemann_recentered,2.0,1.0,43,80
P1,post,filterbank_riemann_recentered,2.25,1.0,47,80
P1,post,filterbank_riemann_recentered,2.5,1.0,48,80
P1,post,filterbank_riemann_recentered,2.75,1.0,45,80
P1,post,filterbank_riemann_recentered,3.0,1.0,61,80
P1,post,filterbank_riemann_recentered,3.25,1.0,74,80
P1,post,filterbank_riemann_recentered,3.5,1.0,73,80
P1,post,filterbank_riemann_recentered,3.75,1.0,76,80
P1,post,filterbank_riemann_recentered,4.0,1.0,73,80
P1,post,filterbank_riemann_recentered,4.25,1.0,74,80
P1,post,filterbank_riemann_recentered,4.5,1.0,74,80
P1,post,filterbank_riemann_recentered,4.75,1.0,71,80
P1,post,filterbank_riemann_recentered,5.0,1.0,73,80
P1,post,filterbank_riemann_recentered,5.25,1.0,73,80
P1,post,filterbank_riemann_recentered,5.5,1.0,73,80
P1,post,filterbank_riemann_recentered,5.75,1.0,72,80
P1,post,filterbank_riemann_recentered,6.0,1.0,72,80
P1,post,filterbank_riemann_recentered,6.25,1.0,75,80
P1,post,filterbank_riemann_recentered,6.5,1.0,74,80
P1,post,filterbank_riemann_recentered,6.75,1.0,66,80
P1,post,filterbank_riemann_recentered,7.0,1.0,67,80
P1,post,filterbank_riemann_recentered,7.25,1.0,64,80
P1,post,filterbank_riemann_recentered,7.5,1.0,70,80
P1,post,filterbank_riemann_recentered,7.75,1.0,64,80
P1,post,filterbank_riemann_recentered,8.0,1.0,63,80
P2,pre,filterbank_csp_shrinkage_lda,1.0,1.0,40,80
P2,pre,filterbank_csp_shrinkage_lda,1.25,1.0,40,80
P2,pre,filterbank_csp_shrinkage_lda,1.5,1.0,45,80
P2,pre,filterbank_csp_shrinkage_lda,1.75,1.0,37,80
P2,pre,filterbank_csp_shrinkage_lda,2.0,1.0,33,80
P2,pre,filterbank_csp_shrinkage_lda,2.25,1.0,35,80
P2,pre,filterbank_csp_shrinkage_lda,2.5,1.0,35,80
P2,pre,filterbank_csp_shrinkage_lda,2.75,1.0,38,80
P2,pre,filterbank_csp_shrinkage_lda,3.0,1.0,41,80
P2,pre,filterbank_csp_shrinkage_lda,3.25,1.0,41,80
P2,pre,filterbank_csp_shrinkage_lda,3.5,1.0,52,80
P2,pre,filterbank_csp_shrinkage_lda,3.75,1.0,56,80
P2,pre,filterbank_csp_shrinkage_lda,4.0,1.0,62,80
P2,pre,filterbank_csp_shrinkage_lda,4.25,1.0,64,80
P2,pre,filterbank_csp_shrinkage_lda,4.5,1.0,56,80
P2,pre,filterbank_csp_shrinkage_lda,4.75,1.0,58,80
P2,pre,filterbank_csp_shrinkage_lda,5.0,1.0,55,80
P2,pre,filterbank_csp_shrinkage_lda,5.25,1.0,55,80
P2,pre,filterbank_csp_shrinkage_lda,5.5,1.0,54,80
P2,pre,filterbank_csp_shrinkage_lda,5.75,1.0,55,80
P2,pre,filterbank_csp_shrinkage_lda,6.0,1.0,60,80
P2,pre,filterbank_csp_shrinkage_lda,6.25,1.0,61,80
P2,pre,filterbank_csp_shrinkage_lda,6.5,1.0,62,80
P2,pre,filterbank_csp_shrinkage_lda,6.75,1.0,61,80
P2,pre,filterbank_csp_shrinkage_lda,7.0,1.0,55,80
P2,pre,filterbank_csp_shrinkage_lda,7.25,1.0,58,80
P2,pre,filterbank_csp_shrinkage_lda,7.5,1.0,50,80
P2,pre,filterbank_csp_shrinkage_lda,7.75,1.0,51,80
P2,pre,filterbank_csp_shrinkage_lda,8.0,1.0,55,80
P2,pre,filterbank_riemann_recentered,1.0,1.0,50,80
P2,pre,filterbank_riemann_recentered,1.25,1.0,44,80
P2,pre,filterbank_riemann_recentered,1.5,1.0,49,80
P2,pre,filterbank_riemann_recentered,1.75,1.0,43,80
P2,pre,filterbank_riemann_recentered,2.0,1.0,41,80
P2,pre,filterbank_riemann_recentered,2.25,1.0,47,80
P2,pre,filterbank_riemann_recentered,2.5,1.0,45,80
P2,pre,filterbank_riemann_recentered,2.75,1.0,42,80
P2,pre,filterbank_riemann_recentered,3.0,1.0,35,80
P2,pre,filterbank_riemann_recentered,3.25,1.0,35,80
P2,pre,filterbank_riemann_recentered,3.5,1.0,40,80
P2,pre,filterbank_riemann_recentered,3.75,1.0,51,80
P2,pre,filterbank_riemann_recentered,4.0,1.0,56,80
P2,pre,filterbank_riemann_recentered,4.25,1.0,60,80
P2,pre,filterbank_riemann_recentered,4.5,1.0,58,80
P2,pre,filterbank_riemann_recentered,4.75,1.0,59,80
P2,pre,filterbank_riemann_recentered,5.0,1.0,56,80
P2,pre,filterbank_riemann_recentered,5.25,1.0,49,80
P2,pre,filterbank_riemann_recentered,5.5,1.0,52,80
P2,pre,filterbank_riemann_recentered,5.75,1.0,44,80
P2,pre,filterbank_riemann_recentered,6.0,1.0,49,80
P2,pre,filterbank_riemann_recentered,6.25,1.0,50,80
P2,pre,filterbank_riemann_recentered,6.5,1.0,59,80
P2,pre,filterbank_riemann_recentered,6.75,1.0,56,80
P2,pre,filterbank_riemann_recentered,7.0,1.0,54,80
P2,pre,filterbank_riemann_recentered,7.25,1.0,55,80
P2,pre,filterbank_riemann_recentered,7.5,1.0,47,80
P2,pre,filterbank_riemann_recentered,7.75,1.0,48,80
P2,pre,filterbank_riemann_recentered,8.0,1.0,53,80
P2,post,filterbank_csp_shrinkage_lda,1.0,1.0,31,80
P2,post,filterbank_csp_shrinkage_lda,1.25,1.0,36,80
P2,post,filterbank_csp_shrinkage_lda,1.5,1.0,42,80
P2,post,filterbank_csp_shrinkage_lda,1.75,1.0,37,80
P2,post,filterbank_csp_shrinkage_lda,2.0,1.0,45,80
P2,post,filterbank_csp_shrinkage_lda,2.25,1.0,46,80
P2,post,filterbank_csp_shrinkage_lda,2.5,1.0,49,80
P2,post,filterbank_csp_shrinkage_lda,2.75,1.0,41,80
P2,post,filterbank_csp_shrinkage_lda,3.0,1.0,46,80
P2,post,filterbank_csp_shrinkage_lda,3.25,1.0,43,80
P2,post,filterbank_csp_shrinkage_lda,3.5,1.0,59,80
P2,post,filterbank_csp_shrinkage_lda,3.75,1.0,70,80
P2,post,filterbank_csp_shrinkage_lda,4.0,1.0,71,80
P2,post,filterbank_csp_shrinkage_lda,4.25,1.0,73,80
P2,post,filterbank_csp_shrinkage_lda,4.5,1.0,73,80
P2,post,filterbank_csp_shrinkage_lda,4.75,1.0,72,80
P2,post,filterbank_csp_shrinkage_lda,5.0,1.0,72,80
P2,post,filterbank_csp_shrinkage_lda,5.25,1.0,73,80
P2,post,filterbank_csp_shrinkage_lda,5.5,1.0,76,80
P2,post,filterbank_csp_shrinkage_lda,5.75,1.0,75,80
P2,post,filterbank_csp_shrinkage_lda,6.0,1.0,74,80
P2,post,filterbank_csp_shrinkage_lda,6.25,1.0,77,80
P2,post,filterbank_csp_shrinkage_lda,6.5,1.0,75,80
P2,post,filterbank_csp_shrinkage_lda,6.75,1.0,79,80
P2,post,filterbank_csp_shrinkage_lda,7.0,1.0,77,80
P2,post,filterbank_csp_shrinkage_lda,7.25,1.0,74,80
P2,post,filterbank_csp_shrinkage_lda,7.5,1.0,72,80
P2,post,filterbank_csp_shrinkage_lda,7.75,1.0,73,80
P2,post,filterbank_csp_shrinkage_lda,8.0,1.0,66,80
P2,post,filterbank_riemann_recentered,1.0,1.0,31,80
P2,post,filterbank_riemann_recentered,1.25,1.0,44,80
P2,post,filterbank_riemann_recentered,1.5,1.0,42,80
P2,post,filterbank_riemann_recentered,1.75,1.0,40,80
P2,post,filterbank_riemann_recentered,2.0,1.0,50,80
P2,post,filterbank_riemann_recentered,2.25,1.0,46,80
P2,post,filterbank_riemann_recentered,2.5,1.0,46,80
P2,post,filterbank_riemann_recentered,2.75,1.0,45,80
P2,post,filterbank_riemann_recentered,3.0,1.0,39,80
P2,post,filterbank_riemann_recentered,3.25,1.0,53,80
P2,post,filterbank_riemann_recentered,3.5,1.0,56,80
P2,post,filterbank_riemann_recentered,3.75,1.0,64,80
P2,post,filterbank_riemann_recentered,4.0,1.0,71,80
P2,post,filterbank_riemann_recentered,4.25,1.0,75,80
P2,post,filterbank_riemann_recentered,4.5,1.0,74,80
P2,post,filterbank_riemann_recentered,4.75,1.0,72,80
P2,post,filterbank_riemann_recentered,5.0,1.0,73,80
P2,post,filterbank_riemann_recentered,5.25,1.0,73,80
P2,post,filterbank_riemann_recentered,5.5,1.0,73,80
P2,post,filterbank_riemann_recentered,5.75,1.0,74,80
P2,post,filterbank_riemann_recentered,6.0,1.0,77,80
P2,post,filterbank_riemann_recentered,6.25,1.0,74,80
P2,post,filterbank_riemann_recentered,6.5,1.0,74,80
P2,post,filterbank_riemann_recentered,6.75,1.0,75,80
P2,post,filterbank_riemann_recentered,7.0,1.0,76,80
P2,post,filterbank_riemann_recentered,7.25,1.0,74,80
P2,post,filterbank_riemann_recentered,7.5,1.0,71,80
P2,post,filterbank_riemann_recentered,7.75,1.0,76,80
P2,post,filterbank_riemann_recentered,8.0,1.0,72,80
P3,pre,filterbank_csp_shrinkage_lda,1.0,1.0,38,80
P3,pre,filterbank_csp_shrinkage_lda,1.25,1.0,41,80
P3,pre,filterbank_csp_shrinkage_lda,1.5,1.0,46,80
P3,pre,filterbank_csp_shrinkage_lda,1.75,1.0,38,80
P3,pre,filterbank_csp_shrinkage_lda,2.0,1.0,31,80
P3,pre,filterbank_csp_shrinkage_lda,2.25,1.0,37,80
P3,pre,filterbank_csp_shrinkage_lda,2.5,1.0,46,80
P3,pre,filterbank_csp_shrinkage_lda,2.75,1.0,42,80
P3,pre,filterbank_csp_shrinkage_lda,3.0,1.0,45,80
P3,pre,filterbank_csp_shrinkage_lda,3.25,1.0,50,80
P3,pre,filterbank_csp_shrinkage_lda,3.5,1.0,47,80
P3,pre,filterbank_csp_shrinkage_lda,3.75,1.0,57,80
P3,pre,filterbank_csp_shrinkage_lda,4.0,1.0,60,80
P3,pre,filterbank_csp_shrinkage_lda,4.25,1.0,66,80
P3,pre,filterbank_csp_shrinkage_lda,4.5,1.0,62,80
P3,pre,filterbank_csp_shrinkage_lda,4.75,1.0,60,80
P3,pre,filterbank_csp_shrinkage_lda,5.0,1.0,60,80
P3,pre,filterbank_csp_shrinkage_lda,5.25,1.0,64,80
P3,pre,filterbank_csp_shrinkage_lda,5.5,1.0,59,80
P3,pre,filterbank_csp_shrinkage_lda,5.75,1.0,61,80
P3,pre,filterbank_csp_shrinkage_lda,6.0,1.0,56,80
P3,pre,filterbank_csp_shrinkage_lda,6.25,1.0,64,80
P3,pre,filterbank_csp_shrinkage_lda,6.5,1.0,55,80
P3,pre,filterbank_csp_shrinkage_lda,6.75,1.0,56,80
P3,pre,filterbank_csp_shrinkage_lda,7.0,1.0,49,80
P3,pre,filterbank_csp_shrinkage_lda,7.25,1.0,60,80
P3,pre,filterbank_csp_shrinkage_lda,7.5,1.0,63,80
P3,pre,filterbank_csp_shrinkage_lda,7.75,1.0,60,80
P3,pre,filterbank_csp_shrinkage_lda,8.0,1.0,60,80
P3,pre,filterbank_riemann_recentered,1.0,1.0,42,80
P3,pre,filterbank_riemann_recentered,1.25,1.0,45,80
P3,pre,filterbank_riemann_recentered,1.5,1.0,40,80
P3,pre,filterbank_riemann_recentered,1.75,1.0,37,80
P3,pre,filterbank_riemann_recentered,2.0,1.0,37,80
P3,pre,filterbank_riemann_recentered,2.25,1.0,36,80
P3,pre,filterbank_riemann_recentered,2.5,1.0,43,80
P3,pre,filterbank_riemann_recentered,2.75,1.0,43,80
P3,pre,filterbank_riemann_recentered,3.0,1.0,41,80
P3,pre,filterbank_riemann_recentered,3.25,1.0,50,80
P3,pre,filterbank_riemann_recentered,3.5,1.0,59,80
P3,pre,filterbank_riemann_recentered,3.75,1.0,60,80
P3,pre,filterbank_riemann_recentered,4.0,1.0,68,80
P3,pre,filterbank_riemann_recentered,4.25,1.0,64,80
P3,pre,filterbank_riemann_recentered,4.5,1.0,61,80
P3,pre,filterbank_riemann_recentered,4.75,1.0,61,80
P3,pre,filterbank_riemann_recentered,5.0,1.0,65,80
P3,pre,filterbank_riemann_recentered,5.25,1.0,59,80
P3,pre,filterbank_riemann_recentered,5.5,1.0,60,80
P3,pre,filterbank_riemann_recentered,5.75,1.0,60,80
P3,pre,filterbank_riemann_recentered,6.0,1.0,62,80
P3,pre,filterbank_riemann_recentered,6.25,1.0,62,80
P3,pre,filterbank_riemann_recentered,6.5,1.0,65,80
P3,pre,filterbank_riemann_recentered,6.75,1.0,61,80
P3,pre,filterbank_riemann_recentered,7.0,1.0,61,80
P3,pre,filterbank_riemann_recentered,7.25,1.0,56,80
P3,pre,filterbank_riemann_recentered,7.5,1.0,55,80
P3,pre,filterbank_riemann_recentered,7.75,1.0,62,80
P3,pre,filterbank_riemann_recentered,8.0,1.0,56,80
P3,post,filterbank_csp_shrinkage_lda,1.0,1.0,37,80
P3,post,filterbank_csp_shrinkage_lda,1.25,1.0,36,80
P3,post,filterbank_csp_shrinkage_lda,1.5,1.0,33,80
P3,post,filterbank_csp_shrinkage_lda,1.75,1.0,34,80
P3,post,filterbank_csp_shrinkage_lda,2.0,1.0,34,80
P3,post,filterbank_csp_shrinkage_lda,2.25,1.0,31,80
P3,post,filterbank_csp_shrinkage_lda,2.5,1.0,39,80
P3,post,filterbank_csp_shrinkage_lda,2.75,1.0,44,80
P3,post,filterbank_csp_shrinkage_lda,3.0,1.0,40,80
P3,post,filterbank_csp_shrinkage_lda,3.25,1.0,45,80
P3,post,filterbank_csp_shrinkage_lda,3.5,1.0,56,80
P3,post,filterbank_csp_shrinkage_lda,3.75,1.0,59,80
P3,post,filterbank_csp_shrinkage_lda,4.0,1.0,66,80
P3,post,filterbank_csp_shrinkage_lda,4.25,1.0,65,80
P3,post,filterbank_csp_shrinkage_lda,4.5,1.0,62,80
P3,post,filterbank_csp_shrinkage_lda,4.75,1.0,65,80
P3,post,filterbank_csp_shrinkage_lda,5.0,1.0,65,80
P3,post,filterbank_csp_shrinkage_lda,5.25,1.0,62,80
P3,post,filterbank_csp_shrinkage_lda,5.5,1.0,68,80
P3,post,filterbank_csp_shrinkage_lda,5.75,1.0,63,80
P3,post,filterbank_csp_shrinkage_lda,6.0,1.0,67,80
P3,post,filterbank_csp_shrinkage_lda,6.25,1.0,59,80
P3,post,filterbank_csp_shrinkage_lda,6.5,1.0,58,80
P3,post,filterbank_csp_shrinkage_lda,6.75,1.0,56,80
P3,post,filterbank_csp_shrinkage_lda,7.0,1.0,58,80
P3,post,filterbank_csp_shrinkage_lda,7.25,1.0,49,80
P3,post,filterbank_csp_shrinkage_lda,7.5,1.0,49,80
P3,post,filterbank_csp_shrinkage_lda,7.75,1.0,56,80
P3,post,filterbank_csp_shrinkage_lda,8.0,1.0,52,80
P3,post,filterbank_riemann_recentered,1.0,1.0,41,80
P3,post,filterbank_riemann_recentered,1.25,1.0,43,80
P3,post,filterbank_riemann_recentered,1.5,1.0,33,80
P3,post,filterbank_riemann_recentered,1.75,1.0,34,80
P3,post,filterbank_riemann_recentered,2.0,1.0,37,80
P3,post,filterbank_riemann_recentered,2.25,1.0,34,80
P3,post,filterbank_riemann_recentered,2.5,1.0,33,80
P3,post,filterbank_riemann_recentered,2.75,1.0,47,80
P3,post,filterbank_riemann_recentered,3.0,1.0,41,80
P3,post,filterbank_riemann_recentered,3.25,1.0,52,80
P3,post,filterbank_riemann_recentered,3.5,1.0,53,80
P3,post,filterbank_riemann_recentered,3.75,1.0,61,80
P3,post,filterbank_riemann_recentered,4.0,1.0,65,80
P3,post,filterbank_riemann_recentered,4.25,1.0,69,80
P3,post,filterbank_riemann_recentered,4.5,1.0,70,80
P3,post,filterbank_riemann_recentered,4.75,1.0,67,80
P3,post,filterbank_riemann_recentered,5.0,1.0,69,80
P3,post,filterbank_riemann_recentered,5.25,1.0,73,80
P3,post,filterbank_riemann_recentered,5.5,1.0,70,80
P3,post,filterbank_riemann_recentered,5.75,1.0,69,80
P3,post,filterbank_riemann_recentered,6.0,1.0,67,80
P3,post,filterbank_riemann_recentered,6.25,1.0,66,80
P3,post,filterbank_riemann_recentered,6.5,1.0,69,80
P3,post,filterbank_riemann_recentered,6.75,1.0,67,80
P3,post,filterbank_riemann_recentered,7.0,1.0,66,80
P3,post,filterbank_riemann_recentered,7.25,1.0,61,80
P3,post,filterbank_riemann_recentered,7.5,1.0,59,80
P3,post,filterbank_riemann_recentered,7.75,1.0,60,80
P3,post,filterbank_riemann_recentered,8.0,1.0,62,80
