patient,session,interval,hand,trials,c3_db,c3_db_ci_low,c3_db_ci_high,c4_db,c4_db_ci_low,c4_db_ci_high,contra_minus_ipsi_db,contra_minus_ipsi_db_ci_low,contra_minus_ipsi_db_ci_high,pre_vs_post_mannwhitney_p
P1,pre,early_2p0_to_3p5s,left,80,0.02,-0.59,0.24,-2.03,-2.56,-1.28,-1.58,-2.09,-1.21,0.2161
P1,pre,early_2p0_to_3p5s,right,80,-0.24,-0.72,0.19,0.47,-0.21,1.01,-0.44,-0.9,0.12,0.4518
P1,pre,late_3p5_to_8p0s,left,80,0.06,-0.91,0.46,-3.27,-3.99,-2.71,-2.99,-3.64,-2.28,0.8099
P1,pre,late_3p5_to_8p0s,right,80,-1.08,-1.49,-0.48,-2.44,-3.01,-1.97,1.2,0.65,1.9,0.2073
P1,post,early_2p0_to_3p5s,left,80,-0.07,-0.66,0.58,-2.37,-2.95,-1.84,-2.16,-2.66,-1.37,0.2161
P1,post,early_2p0_to_3p5s,right,80,-1.22,-1.68,-0.75,-1.27,-1.82,-0.32,-0.33,-0.98,0.48,0.4518
P1,post,late_3p5_to_8p0s,left,80,-0.14,-0.57,0.46,-3.13,-3.67,-2.25,-3.0,-3.49,-2.24,0.8099
P1,post,late_3p5_to_8p0s,right,80,-1.21,-1.83,-0.69,-2.72,-3.32,-1.46,0.7,-0.03,1.66,0.2073
P2,pre,early_2p0_to_3p5s,left,80,0.03,-0.51,0.44,0.89,-2.18,2.72,0.02,-0.98,1.1,0.5402
P2,pre,early_2p0_to_3p5s,right,80,-0.38,-0.96,0.08,1.11,-0.87,2.31,-1.14,-2.18,-0.19,0.9063
P2,pre,late_3p5_to_8p0s,left,80,-1.06,-1.77,-0.76,-4.44,-4.79,-3.99,-2.88,-3.37,-2.49,0.0
P2,pre,late_3p5_to_8p0s,right,80,-1.64,-2.28,-1.32,-3.86,-4.18,-3.39,1.85,1.23,2.27,0.0
P2,post,early_2p0_to_3p5s,left,80,-0.69,-1.34,-0.21,-0.44,-0.67,-0.09,0.48,-0.11,0.85,0.5402
P2,post,early_2p0_to_3p5s,right,80,-1.47,-1.84,-0.7,-0.28,-0.72,-0.04,-0.7,-1.44,-0.18,0.9063
P2,post,late_3p5_to_8p0s,left,80,-1.23,-1.66,-0.79,-1.23,-1.61,-0.92,0.2,-0.44,0.75,0.0
P2,post,late_3p5_to_8p0s,right,80,-2.74,-3.27,-2.27,-0.76,-1.28,-0.44,-1.98,-2.43,-1.24,0.0
P3,pre,early_2p0_to_3p5s,left,80,-0.86,-1.19,-0.29,-0.53,-0.77,0.16,-0.07,-0.5,0.62,0.0724
P3,pre,early_2p0_to_3p5s,right,80,-0.89,-1.4,-0.43,0.05,-0.29,0.22,-1.11,-1.56,-0.16,0.9524
P3,pre,late_3p5_to_8p0s,left,80,-2.41,-2.83,-1.67,-0.66,-0.99,-0.32,1.61,0.92,2.02,0.0468
P3,pre,late_3p5_to_8p0s,right,80,-2.13,-2.75,-1.61,-0.03,-0.32,0.27,-2.1,-2.7,-1.58,0.0062
P3,post,early_2p0_to_3p5s,left,80,-0.19,-0.79,0.34,-0.9,-1.18,-0.48,-0.48,-1.14,0.02,0.0724
P3,post,early_2p0_to_3p5s,right,80,-0.71,-1.24,0.11,0.28,0.03,0.56,-0.74,-1.71,-0.08,0.9524
P3,post,late_3p5_to_8p0s,left,80,-1.88,-2.9,-1.31,-1.27,-1.68,-0.76,0.66,-0.26,1.28,0.0468
P3,post,late_3p5_to_8p0s,right,80,-2.76,-3.34,-2.39,0.66,0.14,0.79,-3.48,-3.92,-2.83,0.0062
