patient,session,method,first_validation_trial_1based,last_validation_trial_1based,correct,trials,accuracy,balanced_accuracy,left_trials,right_trials,correct_left,correct_right,feature_stop_s,max_replayed_decision_s,feature_family
P1,pre,pre_instruction_power,21,80,28,60,0.4666666666666667,0.49714285714285716,35,25,11,17,1.5,1.7421875,causal_bandpower
P1,pre,early_postcue_power,21,80,42,60,0.7,0.72,35,25,21,21,3.5,3.7421875,causal_bandpower
P1,pre,pre_instruction_csp,21,80,32,60,0.5333333333333333,0.5485714285714286,35,25,16,16,1.5,1.7421875,causal_csp
P1,pre,early_postcue_csp,21,80,49,60,0.8166666666666667,0.8257142857142857,35,25,27,22,3.5,3.7421875,causal_csp
P1,pre,pre_instruction_voltage,21,80,24,60,0.4,0.4342857142857143,35,25,8,16,1.54,,causal_cue_voltage
P1,pre,early_cue_voltage,21,80,29,60,0.48333333333333334,0.5285714285714286,35,25,9,20,2.54,,causal_cue_voltage
P1,pre,previous_label,21,80,30,60,0.5,0.4857142857142857,35,25,20,10,,,label_only
P1,pre,prefix_majority,21,80,24,60,0.4,0.4514285714285714,35,25,5,19,,,label_only
P1,post,pre_instruction_power,21,80,32,60,0.5333333333333333,0.5328142380422691,31,29,17,15,1.5,1.72265625,causal_bandpower
P1,post,early_postcue_power,21,80,52,60,0.8666666666666667,0.8654060066740823,31,29,28,24,3.5,3.72265625,causal_bandpower
P1,post,pre_instruction_csp,21,80,27,60,0.45,0.4454949944382648,31,29,18,9,1.5,1.72265625,causal_csp
P1,post,early_postcue_csp,21,80,60,60,1.0,1.0,31,29,31,29,3.5,3.72265625,causal_csp
P1,post,pre_instruction_voltage,21,80,30,60,0.5,0.4983314794215795,31,29,17,13,1.54,,causal_cue_voltage
P1,post,early_cue_voltage,21,80,52,60,0.8666666666666667,0.8654060066740823,31,29,28,24,2.54,,causal_cue_voltage
P1,post,previous_label,21,80,25,60,0.4166666666666667,0.41657397107897665,31,29,13,12,,,label_only
P1,post,prefix_majority,21,80,22,60,0.36666666666666664,0.37486095661846497,31,29,4,18,,,label_only
P2,pre,pre_instruction_power,21,80,25,60,0.4166666666666667,0.42592592592592593,27,33,14,11,1.5,1.72265625,causal_bandpower
P2,pre,early_postcue_power,21,80,23,60,0.38333333333333336,0.3855218855218855,27,33,11,12,3.5,3.72265625,causal_bandpower
P2,pre,pre_instruction_csp,21,80,26,60,0.43333333333333335,0.4377104377104377,27,33,13,13,1.5,1.72265625,causal_csp
P2,pre,early_postcue_csp,21,80,29,60,0.48333333333333334,0.48316498316498313,27,33,13,16,3.5,3.72265625,causal_csp
P2,pre,pre_instruction_voltage,21,80,32,60,0.5333333333333333,0.5420875420875421,27,33,17,15,1.54,,causal_cue_voltage
P2,pre,early_cue_voltage,21,80,25,60,0.4166666666666667,0.4225589225589226,27,33,13,12,2.54,,causal_cue_voltage
P2,pre,previous_label,21,80,30,60,0.5,0.4949494949494949,27,33,12,18,,,label_only
P2,pre,prefix_majority,21,80,22,60,0.36666666666666664,0.3939393939393939,27,33,18,4,,,label_only
P2,post,pre_instruction_power,21,80,25,60,0.4166666666666667,0.41657397107897665,29,31,12,13,1.5,1.74609375,causal_bandpower
P2,post,early_postcue_power,21,80,30,60,0.5,0.5016685205784205,29,31,16,14,3.5,3.74609375,causal_bandpower
P2,post,pre_instruction_csp,21,80,31,60,0.5166666666666667,0.5166852057842046,29,31,15,16,1.5,1.74609375,causal_csp
P2,post,early_postcue_csp,21,80,36,60,0.6,0.6006674082313682,29,31,18,18,3.5,3.74609375,causal_csp
P2,post,pre_instruction_voltage,21,80,33,60,0.55,0.5433815350389322,29,31,10,23,1.54,,causal_cue_voltage
P2,post,early_cue_voltage,21,80,30,60,0.5,0.4983314794215795,29,31,13,17,2.54,,causal_cue_voltage
P2,post,previous_label,21,80,33,60,0.55,0.550055617352614,29,31,16,17,,,label_only
P2,post,prefix_majority,21,80,23,60,0.38333333333333336,0.3776418242491657,29,31,6,17,,,label_only
P3,pre,pre_instruction_power,21,80,27,60,0.45,0.45,30,30,12,15,1.5,1.7421875,causal_bandpower
P3,pre,early_postcue_power,21,80,36,60,0.6,0.6,30,30,16,20,3.5,3.7421875,causal_bandpower
P3,pre,pre_instruction_csp,21,80,24,60,0.4,0.4,30,30,12,12,1.5,1.7421875,causal_csp
P3,pre,early_postcue_csp,21,80,42,60,0.7,0.7,30,30,19,23,3.5,3.7421875,causal_csp
P3,pre,pre_instruction_voltage,21,80,31,60,0.5166666666666667,0.5166666666666666,30,30,16,15,1.54,,causal_cue_voltage
P3,pre,early_cue_voltage,21,80,34,60,0.5666666666666667,0.5666666666666667,30,30,15,19,2.54,,causal_cue_voltage
P3,pre,previous_label,21,80,29,60,0.48333333333333334,0.48333333333333334,30,30,15,14,,,label_only
P3,pre,prefix_majority,21,80,24,60,0.4,0.39999999999999997,30,30,5,19,,,label_only
P3,post,pre_instruction_power,21,80,25,60,0.4166666666666667,0.4158249158249158,33,27,14,11,1.5,1.71875,causal_bandpower
P3,post,early_postcue_power,21,80,31,60,0.5166666666666667,0.5235690235690236,33,27,15,16,3.5,3.71875,causal_bandpower
P3,post,pre_instruction_csp,21,80,29,60,0.48333333333333334,0.5033670033670034,33,27,10,19,1.5,1.71875,causal_csp
P3,post,early_postcue_csp,21,80,29,60,0.48333333333333334,0.48989898989898994,33,27,14,15,3.5,3.71875,causal_csp
P3,post,pre_instruction_voltage,21,80,28,60,0.4666666666666667,0.47474747474747475,33,27,13,15,1.54,,causal_cue_voltage
P3,post,early_cue_voltage,21,80,27,60,0.45,0.4562289562289562,33,27,13,14,2.54,,causal_cue_voltage
P3,post,previous_label,21,80,32,60,0.5333333333333333,0.5286195286195287,33,27,19,13,,,label_only
P3,post,prefix_majority,21,80,27,60,0.45,0.5,33,27,0,27,,,label_only
