patient,session,interval,model,train_cv_correct,train_trials,correct_test_trials,test_trials
P1,pre,main_2p5_to_6p5s,filterbank_csp_shrinkage_lda,77,80,74,80
P1,pre,main_2p5_to_6p5s,filterbank_riemann_recentered,76,80,77,80
P1,pre,early_2p5_to_3p5s,filterbank_csp_shrinkage_lda,71,80,72,80
P1,pre,early_2p5_to_3p5s,filterbank_riemann_recentered,73,80,69,80
P1,pre,late_4p5_to_6p5s,filterbank_csp_shrinkage_lda,71,80,63,80
P1,pre,late_4p5_to_6p5s,filterbank_riemann_recentered,71,80,75,80
P1,post,main_2p5_to_6p5s,filterbank_csp_shrinkage_lda,79,80,74,80
P1,post,main_2p5_to_6p5s,filterbank_riemann_recentered,79,80,76,80
P1,post,early_2p5_to_3p5s,filterbank_csp_shrinkage_lda,79,80,73,80
P1,post,early_2p5_to_3p5s,filterbank_riemann_recentered,76,80,75,80
P1,post,late_4p5_to_6p5s,filterbank_csp_shrinkage_lda,77,80,72,80
P1,post,late_4p5_to_6p5s,filterbank_riemann_recentered,78,80,74,80
P2,pre,main_2p5_to_6p5s,filterbank_csp_shrinkage_lda,71,80,66,80
P2,pre,main_2p5_to_6p5s,filterbank_riemann_recentered,65,80,65,80
P2,pre,early_2p5_to_3p5s,filterbank_csp_shrinkage_lda,40,80,52,80
P2,pre,early_2p5_to_3p5s,filterbank_riemann_recentered,38,80,47,80
P2,pre,late_4p5_to_6p5s,filterbank_csp_shrinkage_lda,70,80,66,80
P2,pre,late_4p5_to_6p5s,filterbank_riemann_recentered,69,80,53,80
P2,post,main_2p5_to_6p5s,filterbank_csp_shrinkage_lda,74,80,79,80
P2,post,main_2p5_to_6p5s,filterbank_riemann_recentered,72,80,80,80
P2,post,early_2p5_to_3p5s,filterbank_csp_shrinkage_lda,52,80,60,80
P2,post,early_2p5_to_3p5s,filterbank_riemann_recentered,50,80,58,80
P2,post,late_4p5_to_6p5s,filterbank_csp_shrinkage_lda,78,80,79,80
P2,post,late_4p5_to_6p5s,filterbank_riemann_recentered,77,80,78,80
P3,pre,main_2p5_to_6p5s,filterbank_csp_shrinkage_lda,72,80,70,80
P3,pre,main_2p5_to_6p5s,filterbank_riemann_recentered,78,80,74,80
P3,pre,early_2p5_to_3p5s,filterbank_csp_shrinkage_lda,61,80,49,80
P3,pre,early_2p5_to_3p5s,filterbank_riemann_recentered,63,80,66,80
P3,pre,late_4p5_to_6p5s,filterbank_csp_shrinkage_lda,70,80,66,80
P3,pre,late_4p5_to_6p5s,filterbank_riemann_recentered,76,80,66,80
P3,post,main_2p5_to_6p5s,filterbank_csp_shrinkage_lda,68,80,70,80
P3,post,main_2p5_to_6p5s,filterbank_riemann_recentered,72,80,77,80
P3,post,early_2p5_to_3p5s,filterbank_csp_shrinkage_lda,56,80,58,80
P3,post,early_2p5_to_3p5s,filterbank_riemann_recentered,45,80,61,80
P3,post,late_4p5_to_6p5s,filterbank_csp_shrinkage_lda,61,80,66,80
P3,post,late_4p5_to_6p5s,filterbank_riemann_recentered,70,80,71,80
