patient,session,method,first_validation_trial_1based,last_validation_trial_1based,correct,trials,accuracy,balanced_accuracy,left_trials,right_trials
P1,pre,pre_instruction_power,21,80,28,60,0.4666666666666667,0.49714285714285716,35,25
P1,pre,post_instruction_power,21,80,42,60,0.7,0.72,35,25
P1,pre,previous_label,21,80,30,60,0.5,0.4857142857142857,35,25
P1,pre,prefix_majority,21,80,24,60,0.4,0.4514285714285714,35,25
P1,post,pre_instruction_power,21,80,32,60,0.5333333333333333,0.5328142380422691,31,29
P1,post,post_instruction_power,21,80,52,60,0.8666666666666667,0.8654060066740823,31,29
P1,post,previous_label,21,80,25,60,0.4166666666666667,0.41657397107897665,31,29
P1,post,prefix_majority,21,80,22,60,0.36666666666666664,0.37486095661846497,31,29
P2,pre,pre_instruction_power,21,80,25,60,0.4166666666666667,0.42592592592592593,27,33
P2,pre,post_instruction_power,21,80,23,60,0.38333333333333336,0.3855218855218855,27,33
P2,pre,previous_label,21,80,30,60,0.5,0.4949494949494949,27,33
P2,pre,prefix_majority,21,80,22,60,0.36666666666666664,0.3939393939393939,27,33
P2,post,pre_instruction_power,21,80,25,60,0.4166666666666667,0.41657397107897665,29,31
P2,post,post_instruction_power,21,80,30,60,0.5,0.5016685205784205,29,31
P2,post,previous_label,21,80,33,60,0.55,0.550055617352614,29,31
P2,post,prefix_majority,21,80,23,60,0.38333333333333336,0.3776418242491657,29,31
P3,pre,pre_instruction_power,21,80,27,60,0.45,0.45,30,30
P3,pre,post_instruction_power,21,80,36,60,0.6,0.6,30,30
P3,pre,previous_label,21,80,29,60,0.48333333333333334,0.48333333333333334,30,30
P3,pre,prefix_majority,21,80,24,60,0.4,0.39999999999999997,30,30
P3,post,pre_instruction_power,21,80,25,60,0.4166666666666667,0.4158249158249158,33,27
P3,post,post_instruction_power,21,80,31,60,0.5166666666666667,0.5235690235690236,33,27
P3,post,previous_label,21,80,32,60,0.5333333333333333,0.5286195286195287,33,27
P3,post,prefix_majority,21,80,27,60,0.45,0.5,33,27
