patient,session,interval,train_cv_accuracy,test_accuracy,correct_test_trials,test_trials
P1,pre,early_2p5_to_3p5s,0.8875,0.9,72,80
P1,pre,late_4p5_to_6p5s,0.8875,0.7875,63,80
P1,post,early_2p5_to_3p5s,0.9875,0.9125,73,80
P1,post,late_4p5_to_6p5s,0.9625,0.9,72,80
P2,pre,early_2p5_to_3p5s,0.5,0.65,52,80
P2,pre,late_4p5_to_6p5s,0.875,0.825,66,80
P2,post,early_2p5_to_3p5s,0.65,0.75,60,80
P2,post,late_4p5_to_6p5s,0.975,0.9875,79,80
P3,pre,early_2p5_to_3p5s,0.7625,0.6125,49,80
P3,pre,late_4p5_to_6p5s,0.875,0.825,66,80
P3,post,early_2p5_to_3p5s,0.7,0.725,58,80
P3,post,late_4p5_to_6p5s,0.7625,0.825,66,80
