patient,session,feature,split,correct,trials,accuracy,balanced_accuracy,seed,folds,purge_trials
P1,pre,pre_cue_causal_power,random,46,80,0.575,0.575,27,5,0
P1,pre,pre_cue_causal_power,blocked_purged,39,80,0.4875,0.4875,27,5,1
P1,pre,post_cue_offline_csp,random,77,80,0.9625,0.9624999999999999,27,5,0
P1,pre,post_cue_offline_csp,blocked_purged,75,80,0.9375,0.9375,27,5,1
P1,post,pre_cue_causal_power,random,33,80,0.4125,0.4125,27,5,0
P1,post,pre_cue_causal_power,blocked_purged,31,80,0.3875,0.38749999999999996,27,5,1
P1,post,post_cue_offline_csp,random,79,80,0.9875,0.9875,27,5,0
P1,post,post_cue_offline_csp,blocked_purged,79,80,0.9875,0.9875,27,5,1
P2,pre,pre_cue_causal_power,random,35,80,0.4375,0.4375,27,5,0
P2,pre,pre_cue_causal_power,blocked_purged,34,80,0.425,0.425,27,5,1
P2,pre,post_cue_offline_csp,random,71,80,0.8875,0.8875,27,5,0
P2,pre,post_cue_offline_csp,blocked_purged,71,80,0.8875,0.8875,27,5,1
P2,post,pre_cue_causal_power,random,37,80,0.4625,0.4625,27,5,0
P2,post,pre_cue_causal_power,blocked_purged,33,80,0.4125,0.4125,27,5,1
P2,post,post_cue_offline_csp,random,74,80,0.925,0.925,27,5,0
P2,post,post_cue_offline_csp,blocked_purged,74,80,0.925,0.925,27,5,1
P3,pre,pre_cue_causal_power,random,30,80,0.375,0.375,27,5,0
P3,pre,pre_cue_causal_power,blocked_purged,31,80,0.3875,0.38749999999999996,27,5,1
P3,pre,post_cue_offline_csp,random,72,80,0.9,0.9,27,5,0
P3,pre,post_cue_offline_csp,blocked_purged,72,80,0.9,0.8999999999999999,27,5,1
P3,post,pre_cue_causal_power,random,36,80,0.45,0.45,27,5,0
P3,post,pre_cue_causal_power,blocked_purged,36,80,0.45,0.45,27,5,1
P3,post,post_cue_offline_csp,random,68,80,0.85,0.8500000000000001,27,5,0
P3,post,post_cue_offline_csp,blocked_purged,68,80,0.85,0.85,27,5,1
