patient,session,phase,correct,trials,accuracy,null_median_correct,null_p95_correct,p_upper,p_lower,p_two_sided,permutations,seed,folds,purge_trials
P1,pre,pre_instruction_0p5_1p75,38,80,0.475,39.0,48.0,0.63,0.45,0.9,99,27,5,1
P1,pre,early_postcue_2p5_3p5,70,80,0.875,41.0,49.0,0.01,1.0,0.02,99,27,5,1
P1,post,pre_instruction_0p5_1p75,39,80,0.4875,42.0,50.0,0.68,0.39,0.78,99,27,5,1
P1,post,early_postcue_2p5_3p5,76,80,0.95,40.0,48.0,0.01,1.0,0.02,99,27,5,1
P2,pre,pre_instruction_0p5_1p75,37,80,0.4625,40.0,47.0,0.77,0.28,0.56,99,27,5,1
P2,pre,early_postcue_2p5_3p5,46,80,0.575,39.0,48.0,0.14,0.89,0.28,99,27,5,1
P2,post,pre_instruction_0p5_1p75,29,80,0.3625,38.0,48.0,0.99,0.03,0.06,99,27,5,1
P2,post,early_postcue_2p5_3p5,46,80,0.575,38.0,47.0,0.12,0.93,0.24,99,27,5,1
P3,pre,pre_instruction_0p5_1p75,33,80,0.4125,39.0,51.0,0.91,0.16,0.32,99,27,5,1
P3,pre,early_postcue_2p5_3p5,56,80,0.7,39.0,46.0,0.01,1.0,0.02,99,27,5,1
P3,post,pre_instruction_0p5_1p75,39,80,0.4875,41.0,50.0,0.67,0.39,0.78,99,27,5,1
P3,post,early_postcue_2p5_3p5,46,80,0.575,40.0,51.0,0.17,0.85,0.34,99,27,5,1
