patient,session,target_run,source_session,source_run,channels,n_channels,correct,trials
P1,pre,training,post,training,common_names,10,66,80
P1,pre,test,post,training,common_names,10,68,80
P1,post,training,pre,training,common_names,10,78,80
P1,post,test,pre,training,common_names,10,73,80
P2,pre,training,post,training,common_names,10,62,80
P2,pre,test,post,training,common_names,10,64,80
P2,post,training,pre,training,common_names,10,68,80
P2,post,test,pre,training,common_names,10,68,80
P3,pre,training,post,training,common_names,10,75,80
P3,pre,test,post,training,common_names,10,72,80
P3,post,training,pre,training,common_names,10,63,80
P3,post,test,pre,training,common_names,10,72,80
P1,pre,training,post,training,columns_as_stored,16,43,80
P1,pre,test,post,training,columns_as_stored,16,56,80
P1,post,training,pre,training,columns_as_stored,16,41,80
P1,post,test,pre,training,columns_as_stored,16,53,80
P2,pre,training,post,training,columns_as_stored,16,69,80
P2,pre,test,post,training,columns_as_stored,16,67,80
P2,post,training,pre,training,columns_as_stored,16,71,80
P2,post,test,pre,training,columns_as_stored,16,69,80
P3,pre,training,post,training,columns_as_stored,16,75,80
P3,pre,test,post,training,columns_as_stored,16,73,80
P3,post,training,pre,training,columns_as_stored,16,63,80
P3,post,test,pre,training,columns_as_stored,16,75,80
