patient,session,strategy,calibration_trials,chosen_model,decision_time_s,correct,trials,accuracy,balanced_accuracy,left_recall,right_recall,predicted_left_fraction,calibration_majority_agreement,left_trials,right_trials
P1,post,calibration_majority,10,filterbank_csp_shrinkage_lda,3.5,11,20,0.55,0.5,1.0,0.0,1.0,1.0,11,9
P1,post,calibration_majority,20,filterbank_csp_shrinkage_lda,3.5,9,20,0.45,0.5,0.0,1.0,0.0,1.0,11,9
P1,post,calibration_majority,40,filterbank_csp_shrinkage_lda,3.5,9,20,0.45,0.5,0.0,1.0,0.0,1.0,11,9
P1,post,calibration_majority,60,filterbank_csp_shrinkage_lda,3.5,9,20,0.45,0.5,0.0,1.0,0.0,1.0,11,9
P1,post,filterbank_csp_shrinkage_lda,10,filterbank_csp_shrinkage_lda,3.5,18,20,0.9,0.8888888888888888,1.0,0.7777777777777778,0.65,0.65,11,9
P1,post,filterbank_csp_shrinkage_lda,20,filterbank_csp_shrinkage_lda,3.5,19,20,0.95,0.9444444444444444,1.0,0.8888888888888888,0.6,0.4,11,9
P1,post,filterbank_csp_shrinkage_lda,40,filterbank_csp_shrinkage_lda,3.5,19,20,0.95,0.9444444444444444,1.0,0.8888888888888888,0.6,0.4,11,9
P1,post,filterbank_csp_shrinkage_lda,60,filterbank_csp_shrinkage_lda,3.5,20,20,1.0,1.0,1.0,1.0,0.55,0.45,11,9
P1,post,filterbank_riemann_recentered,10,filterbank_csp_shrinkage_lda,3.5,13,20,0.65,0.6111111111111112,1.0,0.2222222222222222,0.9,0.9,11,9
P1,post,filterbank_riemann_recentered,20,filterbank_csp_shrinkage_lda,3.5,16,20,0.8,0.8080808080808081,0.7272727272727273,0.8888888888888888,0.45,0.55,11,9
P1,post,filterbank_riemann_recentered,40,filterbank_csp_shrinkage_lda,3.5,18,20,0.9,0.898989898989899,0.9090909090909091,0.8888888888888888,0.55,0.45,11,9
P1,post,filterbank_riemann_recentered,60,filterbank_csp_shrinkage_lda,3.5,19,20,0.95,0.9545454545454546,0.9090909090909091,1.0,0.5,0.5,11,9
P1,post,training_selected,10,filterbank_csp_shrinkage_lda,3.5,18,20,0.9,0.8888888888888888,1.0,0.7777777777777778,0.65,0.65,11,9
P1,post,training_selected,20,filterbank_csp_shrinkage_lda,3.5,19,20,0.95,0.9444444444444444,1.0,0.8888888888888888,0.6,0.4,11,9
P1,post,training_selected,40,filterbank_csp_shrinkage_lda,3.5,19,20,0.95,0.9444444444444444,1.0,0.8888888888888888,0.6,0.4,11,9
P1,post,training_selected,60,filterbank_csp_shrinkage_lda,3.5,20,20,1.0,1.0,1.0,1.0,0.55,0.45,11,9
P1,pre,calibration_majority,10,filterbank_csp_shrinkage_lda,3.5,8,20,0.4,0.5,0.0,1.0,0.0,1.0,12,8
P1,pre,calibration_majority,20,filterbank_csp_shrinkage_lda,3.5,8,20,0.4,0.5,0.0,1.0,0.0,1.0,12,8
P1,pre,calibration_majority,40,filterbank_csp_shrinkage_lda,3.5,8,20,0.4,0.5,0.0,1.0,0.0,1.0,12,8
P1,pre,calibration_majority,60,filterbank_csp_shrinkage_lda,3.5,8,20,0.4,0.5,0.0,1.0,0.0,1.0,12,8
P1,pre,filterbank_csp_shrinkage_lda,10,filterbank_csp_shrinkage_lda,3.5,8,20,0.4,0.5,0.0,1.0,0.0,1.0,12,8
P1,pre,filterbank_csp_shrinkage_lda,20,filterbank_csp_shrinkage_lda,3.5,8,20,0.4,0.5,0.0,1.0,0.0,1.0,12,8
P1,pre,filterbank_csp_shrinkage_lda,40,filterbank_csp_shrinkage_lda,3.5,18,20,0.9,0.9166666666666667,0.8333333333333334,1.0,0.5,0.5,12,8
P1,pre,filterbank_csp_shrinkage_lda,60,filterbank_csp_shrinkage_lda,3.5,17,20,0.85,0.875,0.75,1.0,0.45,0.55,12,8
P1,pre,filterbank_riemann_recentered,10,filterbank_csp_shrinkage_lda,3.5,8,20,0.4,0.5,0.0,1.0,0.0,1.0,12,8
P1,pre,filterbank_riemann_recentered,20,filterbank_csp_shrinkage_lda,3.5,8,20,0.4,0.5,0.0,1.0,0.0,1.0,12,8
P1,pre,filterbank_riemann_recentered,40,filterbank_csp_shrinkage_lda,3.5,9,20,0.45,0.5416666666666666,0.08333333333333333,1.0,0.05,0.95,12,8
P1,pre,filterbank_riemann_recentered,60,filterbank_csp_shrinkage_lda,3.5,16,20,0.8,0.8333333333333333,0.6666666666666666,1.0,0.4,0.6,12,8
P1,pre,training_selected,10,filterbank_csp_shrinkage_lda,3.5,8,20,0.4,0.5,0.0,1.0,0.0,1.0,12,8
P1,pre,training_selected,20,filterbank_csp_shrinkage_lda,3.5,8,20,0.4,0.5,0.0,1.0,0.0,1.0,12,8
P1,pre,training_selected,40,filterbank_csp_shrinkage_lda,3.5,18,20,0.9,0.9166666666666667,0.8333333333333334,1.0,0.5,0.5,12,8
P1,pre,training_selected,60,filterbank_csp_shrinkage_lda,3.5,17,20,0.85,0.875,0.75,1.0,0.45,0.55,12,8
P2,post,calibration_majority,10,filterbank_csp_shrinkage_lda,3.5,8,20,0.4,0.5,0.0,1.0,0.0,1.0,12,8
P2,post,calibration_majority,20,filterbank_csp_shrinkage_lda,3.5,12,20,0.6,0.5,1.0,0.0,1.0,1.0,12,8
P2,post,calibration_majority,40,filterbank_riemann_recentered,3.5,12,20,0.6,0.5,1.0,0.0,1.0,1.0,12,8
P2,post,calibration_majority,60,filterbank_riemann_recentered,3.5,8,20,0.4,0.5,0.0,1.0,0.0,1.0,12,8
P2,post,filterbank_csp_shrinkage_lda,10,filterbank_csp_shrinkage_lda,3.5,9,20,0.45,0.5416666666666666,0.08333333333333333,1.0,0.05,0.95,12,8
P2,post,filterbank_csp_shrinkage_lda,20,filterbank_csp_shrinkage_lda,3.5,9,20,0.45,0.4166666666666667,0.5833333333333334,0.25,0.65,0.65,12,8
P2,post,filterbank_csp_shrinkage_lda,40,filterbank_riemann_recentered,3.5,14,20,0.7,0.7291666666666667,0.5833333333333334,0.875,0.4,0.4,12,8
P2,post,filterbank_csp_shrinkage_lda,60,filterbank_riemann_recentered,3.5,12,20,0.6,0.6458333333333334,0.4166666666666667,0.875,0.3,0.7,12,8
P2,post,filterbank_riemann_recentered,10,filterbank_csp_shrinkage_lda,3.5,8,20,0.4,0.5,0.0,1.0,0.0,1.0,12,8
P2,post,filterbank_riemann_recentered,20,filterbank_csp_shrinkage_lda,3.5,10,20,0.5,0.4583333333333333,0.6666666666666666,0.25,0.7,0.7,12,8
P2,post,filterbank_riemann_recentered,40,filterbank_riemann_recentered,3.5,10,20,0.5,0.4791666666666667,0.5833333333333334,0.375,0.6,0.6,12,8
P2,post,filterbank_riemann_recentered,60,filterbank_riemann_recentered,3.5,10,20,0.5,0.5416666666666666,0.3333333333333333,0.75,0.3,0.7,12,8
P2,post,training_selected,10,filterbank_csp_shrinkage_lda,3.5,9,20,0.45,0.5416666666666666,0.08333333333333333,1.0,0.05,0.95,12,8
P2,post,training_selected,20,filterbank_csp_shrinkage_lda,3.5,9,20,0.45,0.4166666666666667,0.5833333333333334,0.25,0.65,0.65,12,8
P2,post,training_selected,40,filterbank_riemann_recentered,3.5,10,20,0.5,0.4791666666666667,0.5833333333333334,0.375,0.6,0.6,12,8
P2,post,training_selected,60,filterbank_riemann_recentered,3.5,10,20,0.5,0.5416666666666666,0.3333333333333333,0.75,0.3,0.7,12,8
P2,pre,calibration_majority,10,filterbank_csp_shrinkage_lda,3.5,9,20,0.45,0.5,1.0,0.0,1.0,1.0,9,11
P2,pre,calibration_majority,20,filterbank_csp_shrinkage_lda,3.5,9,20,0.45,0.5,1.0,0.0,1.0,1.0,9,11
P2,pre,calibration_majority,40,filterbank_riemann_recentered,3.5,11,20,0.55,0.5,0.0,1.0,0.0,1.0,9,11
P2,pre,calibration_majority,60,filterbank_riemann_recentered,3.5,9,20,0.45,0.5,1.0,0.0,1.0,1.0,9,11
P2,pre,filterbank_csp_shrinkage_lda,10,filterbank_csp_shrinkage_lda,3.5,9,20,0.45,0.5,1.0,0.0,1.0,1.0,9,11
P2,pre,filterbank_csp_shrinkage_lda,20,filterbank_csp_shrinkage_lda,3.5,8,20,0.4,0.43434343434343436,0.7777777777777778,0.09090909090909091,0.85,0.85,9,11
P2,pre,filterbank_csp_shrinkage_lda,40,filterbank_riemann_recentered,3.5,8,20,0.4,0.40404040404040403,0.4444444444444444,0.36363636363636365,0.55,0.45,9,11
P2,pre,filterbank_csp_shrinkage_lda,60,filterbank_riemann_recentered,3.5,13,20,0.65,0.6515151515151515,0.6666666666666666,0.6363636363636364,0.5,0.5,9,11
P2,pre,filterbank_riemann_recentered,10,filterbank_csp_shrinkage_lda,3.5,9,20,0.45,0.5,1.0,0.0,1.0,1.0,9,11
P2,pre,filterbank_riemann_recentered,20,filterbank_csp_shrinkage_lda,3.5,9,20,0.45,0.5,1.0,0.0,1.0,1.0,9,11
P2,pre,filterbank_riemann_recentered,40,filterbank_riemann_recentered,3.5,10,20,0.5,0.4949494949494949,0.4444444444444444,0.5454545454545454,0.45,0.55,9,11
P2,pre,filterbank_riemann_recentered,60,filterbank_riemann_recentered,3.5,8,20,0.4,0.40404040404040403,0.4444444444444444,0.36363636363636365,0.55,0.55,9,11
P2,pre,training_selected,10,filterbank_csp_shrinkage_lda,3.5,9,20,0.45,0.5,1.0,0.0,1.0,1.0,9,11
P2,pre,training_selected,20,filterbank_csp_shrinkage_lda,3.5,8,20,0.4,0.43434343434343436,0.7777777777777778,0.09090909090909091,0.85,0.85,9,11
P2,pre,training_selected,40,filterbank_riemann_recentered,3.5,10,20,0.5,0.4949494949494949,0.4444444444444444,0.5454545454545454,0.45,0.55,9,11
P2,pre,training_selected,60,filterbank_riemann_recentered,3.5,8,20,0.4,0.40404040404040403,0.4444444444444444,0.36363636363636365,0.55,0.55,9,11
P3,post,calibration_majority,10,filterbank_csp_shrinkage_lda,3.5,7,20,0.35,0.5,0.0,1.0,0.0,1.0,13,7
P3,post,calibration_majority,20,filterbank_csp_shrinkage_lda,3.5,7,20,0.35,0.5,0.0,1.0,0.0,1.0,13,7
P3,post,calibration_majority,40,filterbank_csp_shrinkage_lda,3.5,7,20,0.35,0.5,0.0,1.0,0.0,1.0,13,7
P3,post,calibration_majority,60,filterbank_csp_shrinkage_lda,3.5,7,20,0.35,0.5,0.0,1.0,0.0,1.0,13,7
P3,post,filterbank_csp_shrinkage_lda,10,filterbank_csp_shrinkage_lda,3.5,11,20,0.55,0.6538461538461539,0.3076923076923077,1.0,0.2,0.8,13,7
P3,post,filterbank_csp_shrinkage_lda,20,filterbank_csp_shrinkage_lda,3.5,10,20,0.5,0.6153846153846154,0.23076923076923078,1.0,0.15,0.85,13,7
P3,post,filterbank_csp_shrinkage_lda,40,filterbank_csp_shrinkage_lda,3.5,12,20,0.6,0.6593406593406593,0.46153846153846156,0.8571428571428571,0.35,0.65,13,7
P3,post,filterbank_csp_shrinkage_lda,60,filterbank_csp_shrinkage_lda,3.5,11,20,0.55,0.5879120879120879,0.46153846153846156,0.7142857142857143,0.4,0.6,13,7
P3,post,filterbank_riemann_recentered,10,filterbank_csp_shrinkage_lda,3.5,7,20,0.35,0.5,0.0,1.0,0.0,1.0,13,7
P3,post,filterbank_riemann_recentered,20,filterbank_csp_shrinkage_lda,3.5,8,20,0.4,0.5384615384615384,0.07692307692307693,1.0,0.05,0.95,13,7
P3,post,filterbank_riemann_recentered,40,filterbank_csp_shrinkage_lda,3.5,11,20,0.55,0.6538461538461539,0.3076923076923077,1.0,0.2,0.8,13,7
P3,post,filterbank_riemann_recentered,60,filterbank_csp_shrinkage_lda,3.5,10,20,0.5,0.5494505494505495,0.38461538461538464,0.7142857142857143,0.35,0.65,13,7
P3,post,training_selected,10,filterbank_csp_shrinkage_lda,3.5,11,20,0.55,0.6538461538461539,0.3076923076923077,1.0,0.2,0.8,13,7
P3,post,training_selected,20,filterbank_csp_shrinkage_lda,3.5,10,20,0.5,0.6153846153846154,0.23076923076923078,1.0,0.15,0.85,13,7
P3,post,training_selected,40,filterbank_csp_shrinkage_lda,3.5,12,20,0.6,0.6593406593406593,0.46153846153846156,0.8571428571428571,0.35,0.65,13,7
P3,post,training_selected,60,filterbank_csp_shrinkage_lda,3.5,11,20,0.55,0.5879120879120879,0.46153846153846156,0.7142857142857143,0.4,0.6,13,7
P3,pre,calibration_majority,10,filterbank_csp_shrinkage_lda,3.5,10,20,0.5,0.5,0.0,1.0,0.0,1.0,10,10
P3,pre,calibration_majority,20,filterbank_csp_shrinkage_lda,3.5,10,20,0.5,0.5,0.0,1.0,0.0,1.0,10,10
P3,pre,calibration_majority,40,filterbank_csp_shrinkage_lda,3.5,10,20,0.5,0.5,0.0,1.0,0.0,1.0,10,10
P3,pre,calibration_majority,60,filterbank_csp_shrinkage_lda,3.5,10,20,0.5,0.5,0.0,1.0,0.0,1.0,10,10
P3,pre,filterbank_csp_shrinkage_lda,10,filterbank_csp_shrinkage_lda,3.5,8,20,0.4,0.4,0.0,0.8,0.1,0.9,10,10
P3,pre,filterbank_csp_shrinkage_lda,20,filterbank_csp_shrinkage_lda,3.5,14,20,0.7,0.7,0.8,0.6,0.6,0.4,10,10
P3,pre,filterbank_csp_shrinkage_lda,40,filterbank_csp_shrinkage_lda,3.5,11,20,0.55,0.55,1.0,0.1,0.95,0.05,10,10
P3,pre,filterbank_csp_shrinkage_lda,60,filterbank_csp_shrinkage_lda,3.5,9,20,0.45,0.45,0.8,0.1,0.85,0.15,10,10
P3,pre,filterbank_riemann_recentered,10,filterbank_csp_shrinkage_lda,3.5,11,20,0.55,0.55,0.1,1.0,0.05,0.95,10,10
P3,pre,filterbank_riemann_recentered,20,filterbank_csp_shrinkage_lda,3.5,11,20,0.55,0.55,0.6,0.5,0.55,0.45,10,10
P3,pre,filterbank_riemann_recentered,40,filterbank_csp_shrinkage_lda,3.5,9,20,0.45,0.45,0.5,0.4,0.55,0.45,10,10
P3,pre,filterbank_riemann_recentered,60,filterbank_csp_shrinkage_lda,3.5,12,20,0.6,0.6,0.7,0.5,0.6,0.4,10,10
P3,pre,training_selected,10,filterbank_csp_shrinkage_lda,3.5,8,20,0.4,0.4,0.0,0.8,0.1,0.9,10,10
P3,pre,training_selected,20,filterbank_csp_shrinkage_lda,3.5,14,20,0.7,0.7,0.8,0.6,0.6,0.4,10,10
P3,pre,training_selected,40,filterbank_csp_shrinkage_lda,3.5,11,20,0.55,0.55,1.0,0.1,0.95,0.05,10,10
P3,pre,training_selected,60,filterbank_csp_shrinkage_lda,3.5,9,20,0.45,0.45,0.8,0.1,0.85,0.15,10,10
