patient,session,calibration_trials,model,fit_stop_trial_1based,validation_trial_1based,true_label,predicted_label
P1,pre,20,filterbank_csp_shrinkage_lda,10,11,-1,-1
P1,pre,20,filterbank_csp_shrinkage_lda,10,12,-1,-1
P1,pre,20,filterbank_csp_shrinkage_lda,10,13,-1,-1
P1,pre,20,filterbank_csp_shrinkage_lda,10,14,1,-1
P1,pre,20,filterbank_csp_shrinkage_lda,10,15,-1,-1
P1,pre,20,filterbank_csp_shrinkage_lda,10,16,-1,-1
P1,pre,20,filterbank_csp_shrinkage_lda,10,17,-1,-1
P1,pre,20,filterbank_csp_shrinkage_lda,10,18,-1,-1
P1,pre,20,filterbank_csp_shrinkage_lda,10,19,1,-1
P1,pre,20,filterbank_csp_shrinkage_lda,10,20,-1,-1
P1,pre,20,filterbank_riemann_recentered,10,11,-1,-1
P1,pre,20,filterbank_riemann_recentered,10,12,-1,-1
P1,pre,20,filterbank_riemann_recentered,10,13,-1,-1
P1,pre,20,filterbank_riemann_recentered,10,14,1,-1
P1,pre,20,filterbank_riemann_recentered,10,15,-1,-1
P1,pre,20,filterbank_riemann_recentered,10,16,-1,-1
P1,pre,20,filterbank_riemann_recentered,10,17,-1,-1
P1,pre,20,filterbank_riemann_recentered,10,18,-1,-1
P1,pre,20,filterbank_riemann_recentered,10,19,1,-1
P1,pre,20,filterbank_riemann_recentered,10,20,-1,-1
P1,pre,40,filterbank_csp_shrinkage_lda,10,11,-1,-1
P1,pre,40,filterbank_csp_shrinkage_lda,10,12,-1,-1
P1,pre,40,filterbank_csp_shrinkage_lda,10,13,-1,-1
P1,pre,40,filterbank_csp_shrinkage_lda,10,14,1,-1
P1,pre,40,filterbank_csp_shrinkage_lda,10,15,-1,-1
P1,pre,40,filterbank_csp_shrinkage_lda,10,16,-1,-1
P1,pre,40,filterbank_csp_shrinkage_lda,10,17,-1,-1
P1,pre,40,filterbank_csp_shrinkage_lda,10,18,-1,-1
P1,pre,40,filterbank_csp_shrinkage_lda,10,19,1,-1
P1,pre,40,filterbank_csp_shrinkage_lda,10,20,-1,-1
P1,pre,40,filterbank_riemann_recentered,10,11,-1,-1
P1,pre,40,filterbank_riemann_recentered,10,12,-1,-1
P1,pre,40,filterbank_riemann_recentered,10,13,-1,-1
P1,pre,40,filterbank_riemann_recentered,10,14,1,-1
P1,pre,40,filterbank_riemann_recentered,10,15,-1,-1
P1,pre,40,filterbank_riemann_recentered,10,16,-1,-1
P1,pre,40,filterbank_riemann_recentered,10,17,-1,-1
P1,pre,40,filterbank_riemann_recentered,10,18,-1,-1
P1,pre,40,filterbank_riemann_recentered,10,19,1,-1
P1,pre,40,filterbank_riemann_recentered,10,20,-1,-1
P1,pre,40,filterbank_csp_shrinkage_lda,20,21,1,-1
P1,pre,40,filterbank_csp_shrinkage_lda,20,22,1,-1
P1,pre,40,filterbank_csp_shrinkage_lda,20,23,1,-1
P1,pre,40,filterbank_csp_shrinkage_lda,20,24,-1,-1
P1,pre,40,filterbank_csp_shrinkage_lda,20,25,1,-1
P1,pre,40,filterbank_csp_shrinkage_lda,20,26,1,-1
P1,pre,40,filterbank_csp_shrinkage_lda,20,27,-1,-1
P1,pre,40,filterbank_csp_shrinkage_lda,20,28,-1,-1
P1,pre,40,filterbank_csp_shrinkage_lda,20,29,1,-1
P1,pre,40,filterbank_csp_shrinkage_lda,20,30,-1,-1
P1,pre,40,filterbank_riemann_recentered,20,21,1,-1
P1,pre,40,filterbank_riemann_recentered,20,22,1,-1
P1,pre,40,filterbank_riemann_recentered,20,23,1,1
P1,pre,40,filterbank_riemann_recentered,20,24,-1,-1
P1,pre,40,filterbank_riemann_recentered,20,25,1,1
P1,pre,40,filterbank_riemann_recentered,20,26,1,-1
P1,pre,40,filterbank_riemann_recentered,20,27,-1,-1
P1,pre,40,filterbank_riemann_recentered,20,28,-1,-1
P1,pre,40,filterbank_riemann_recentered,20,29,1,-1
P1,pre,40,filterbank_riemann_recentered,20,30,-1,-1
P1,pre,40,filterbank_csp_shrinkage_lda,30,31,-1,1
P1,pre,40,filterbank_csp_shrinkage_lda,30,32,-1,-1
P1,pre,40,filterbank_csp_shrinkage_lda,30,33,1,-1
P1,pre,40,filterbank_csp_shrinkage_lda,30,34,-1,-1
P1,pre,40,filterbank_csp_shrinkage_lda,30,35,1,1
P1,pre,40,filterbank_csp_shrinkage_lda,30,36,1,1
P1,pre,40,filterbank_csp_shrinkage_lda,30,37,-1,-1
P1,pre,40,filterbank_csp_shrinkage_lda,30,38,1,1
P1,pre,40,filterbank_csp_shrinkage_lda,30,39,1,1
P1,pre,40,filterbank_csp_shrinkage_lda,30,40,1,-1
P1,pre,40,filterbank_riemann_recentered,30,31,-1,-1
P1,pre,40,filterbank_riemann_recentered,30,32,-1,-1
P1,pre,40,filterbank_riemann_recentered,30,33,1,-1
P1,pre,40,filterbank_riemann_recentered,30,34,-1,-1
P1,pre,40,filterbank_riemann_recentered,30,35,1,-1
P1,pre,40,filterbank_riemann_recentered,30,36,1,-1
P1,pre,40,filterbank_riemann_recentered,30,37,-1,-1
P1,pre,40,filterbank_riemann_recentered,30,38,1,-1
P1,pre,40,filterbank_riemann_recentered,30,39,1,-1
P1,pre,40,filterbank_riemann_recentered,30,40,1,-1
P1,pre,60,filterbank_csp_shrinkage_lda,10,11,-1,-1
P1,pre,60,filterbank_csp_shrinkage_lda,10,12,-1,-1
P1,pre,60,filterbank_csp_shrinkage_lda,10,13,-1,-1
P1,pre,60,filterbank_csp_shrinkage_lda,10,14,1,-1
P1,pre,60,filterbank_csp_shrinkage_lda,10,15,-1,-1
P1,pre,60,filterbank_csp_shrinkage_lda,10,16,-1,-1
P1,pre,60,filterbank_csp_shrinkage_lda,10,17,-1,-1
P1,pre,60,filterbank_csp_shrinkage_lda,10,18,-1,-1
P1,pre,60,filterbank_csp_shrinkage_lda,10,19,1,-1
P1,pre,60,filterbank_csp_shrinkage_lda,10,20,-1,-1
P1,pre,60,filterbank_riemann_recentered,10,11,-1,-1
P1,pre,60,filterbank_riemann_recentered,10,12,-1,-1
P1,pre,60,filterbank_riemann_recentered,10,13,-1,-1
P1,pre,60,filterbank_riemann_recentered,10,14,1,-1
P1,pre,60,filterbank_riemann_recentered,10,15,-1,-1
P1,pre,60,filterbank_riemann_recentered,10,16,-1,-1
P1,pre,60,filterbank_riemann_recentered,10,17,-1,-1
P1,pre,60,filterbank_riemann_recentered,10,18,-1,-1
P1,pre,60,filterbank_riemann_recentered,10,19,1,-1
P1,pre,60,filterbank_riemann_recentered,10,20,-1,-1
P1,pre,60,filterbank_csp_shrinkage_lda,20,21,1,-1
P1,pre,60,filterbank_csp_shrinkage_lda,20,22,1,-1
P1,pre,60,filterbank_csp_shrinkage_lda,20,23,1,-1
P1,pre,60,filterbank_csp_shrinkage_lda,20,24,-1,-1
P1,pre,60,filterbank_csp_shrinkage_lda,20,25,1,-1
P1,pre,60,filterbank_csp_shrinkage_lda,20,26,1,-1
P1,pre,60,filterbank_csp_shrinkage_lda,20,27,-1,-1
P1,pre,60,filterbank_csp_shrinkage_lda,20,28,-1,-1
P1,pre,60,filterbank_csp_shrinkage_lda,20,29,1,-1
P1,pre,60,filterbank_csp_shrinkage_lda,20,30,-1,-1
P1,pre,60,filterbank_riemann_recentered,20,21,1,-1
P1,pre,60,filterbank_riemann_recentered,20,22,1,-1
P1,pre,60,filterbank_riemann_recentered,20,23,1,1
P1,pre,60,filterbank_riemann_recentered,20,24,-1,-1
P1,pre,60,filterbank_riemann_recentered,20,25,1,1
P1,pre,60,filterbank_riemann_recentered,20,26,1,-1
P1,pre,60,filterbank_riemann_recentered,20,27,-1,-1
P1,pre,60,filterbank_riemann_recentered,20,28,-1,-1
P1,pre,60,filterbank_riemann_recentered,20,29,1,-1
P1,pre,60,filterbank_riemann_recentered,20,30,-1,-1
P1,pre,60,filterbank_csp_shrinkage_lda,30,31,-1,1
P1,pre,60,filterbank_csp_shrinkage_lda,30,32,-1,-1
P1,pre,60,filterbank_csp_shrinkage_lda,30,33,1,-1
P1,pre,60,filterbank_csp_shrinkage_lda,30,34,-1,-1
P1,pre,60,filterbank_csp_shrinkage_lda,30,35,1,1
P1,pre,60,filterbank_csp_shrinkage_lda,30,36,1,1
P1,pre,60,filterbank_csp_shrinkage_lda,30,37,-1,-1
P1,pre,60,filterbank_csp_shrinkage_lda,30,38,1,1
P1,pre,60,filterbank_csp_shrinkage_lda,30,39,1,1
P1,pre,60,filterbank_csp_shrinkage_lda,30,40,1,-1
P1,pre,60,filterbank_riemann_recentered,30,31,-1,-1
P1,pre,60,filterbank_riemann_recentered,30,32,-1,-1
P1,pre,60,filterbank_riemann_recentered,30,33,1,-1
P1,pre,60,filterbank_riemann_recentered,30,34,-1,-1
P1,pre,60,filterbank_riemann_recentered,30,35,1,-1
P1,pre,60,filterbank_riemann_recentered,30,36,1,-1
P1,pre,60,filterbank_riemann_recentered,30,37,-1,-1
P1,pre,60,filterbank_riemann_recentered,30,38,1,-1
P1,pre,60,filterbank_riemann_recentered,30,39,1,-1
P1,pre,60,filterbank_riemann_recentered,30,40,1,-1
P1,pre,60,filterbank_csp_shrinkage_lda,40,41,-1,-1
P1,pre,60,filterbank_csp_shrinkage_lda,40,42,-1,-1
P1,pre,60,filterbank_csp_shrinkage_lda,40,43,1,1
P1,pre,60,filterbank_csp_shrinkage_lda,40,44,1,1
P1,pre,60,filterbank_csp_shrinkage_lda,40,45,1,1
P1,pre,60,filterbank_csp_shrinkage_lda,40,46,-1,1
P1,pre,60,filterbank_csp_shrinkage_lda,40,47,1,1
P1,pre,60,filterbank_csp_shrinkage_lda,40,48,-1,-1
P1,pre,60,filterbank_csp_shrinkage_lda,40,49,-1,1
P1,pre,60,filterbank_csp_shrinkage_lda,40,50,1,1
P1,pre,60,filterbank_riemann_recentered,40,41,-1,-1
P1,pre,60,filterbank_riemann_recentered,40,42,-1,-1
P1,pre,60,filterbank_riemann_recentered,40,43,1,-1
P1,pre,60,filterbank_riemann_recentered,40,44,1,-1
P1,pre,60,filterbank_riemann_recentered,40,45,1,-1
P1,pre,60,filterbank_riemann_recentered,40,46,-1,-1
P1,pre,60,filterbank_riemann_recentered,40,47,1,-1
P1,pre,60,filterbank_riemann_recentered,40,48,-1,-1
P1,pre,60,filterbank_riemann_recentered,40,49,-1,-1
P1,pre,60,filterbank_riemann_recentered,40,50,1,-1
P1,pre,60,filterbank_csp_shrinkage_lda,50,51,-1,-1
P1,pre,60,filterbank_csp_shrinkage_lda,50,52,1,1
P1,pre,60,filterbank_csp_shrinkage_lda,50,53,1,1
P1,pre,60,filterbank_csp_shrinkage_lda,50,54,-1,-1
P1,pre,60,filterbank_csp_shrinkage_lda,50,55,-1,-1
P1,pre,60,filterbank_csp_shrinkage_lda,50,56,1,1
P1,pre,60,filterbank_csp_shrinkage_lda,50,57,-1,-1
P1,pre,60,filterbank_csp_shrinkage_lda,50,58,1,1
P1,pre,60,filterbank_csp_shrinkage_lda,50,59,1,1
P1,pre,60,filterbank_csp_shrinkage_lda,50,60,1,-1
P1,pre,60,filterbank_riemann_recentered,50,51,-1,-1
P1,pre,60,filterbank_riemann_recentered,50,52,1,-1
P1,pre,60,filterbank_riemann_recentered,50,53,1,-1
P1,pre,60,filterbank_riemann_recentered,50,54,-1,-1
P1,pre,60,filterbank_riemann_recentered,50,55,-1,1
P1,pre,60,filterbank_riemann_recentered,50,56,1,1
P1,pre,60,filterbank_riemann_recentered,50,57,-1,-1
P1,pre,60,filterbank_riemann_recentered,50,58,1,1
P1,pre,60,filterbank_riemann_recentered,50,59,1,-1
P1,pre,60,filterbank_riemann_recentered,50,60,1,-1
P1,post,20,filterbank_csp_shrinkage_lda,10,11,-1,-1
P1,post,20,filterbank_csp_shrinkage_lda,10,12,-1,-1
P1,post,20,filterbank_csp_shrinkage_lda,10,13,1,1
P1,post,20,filterbank_csp_shrinkage_lda,10,14,-1,-1
P1,post,20,filterbank_csp_shrinkage_lda,10,15,1,1
P1,post,20,filterbank_csp_shrinkage_lda,10,16,-1,-1
P1,post,20,filterbank_csp_shrinkage_lda,10,17,-1,-1
P1,post,20,filterbank_csp_shrinkage_lda,10,18,1,1
P1,post,20,filterbank_csp_shrinkage_lda,10,19,-1,-1
P1,post,20,filterbank_csp_shrinkage_lda,10,20,-1,-1
P1,post,20,filterbank_riemann_recentered,10,11,-1,1
P1,post,20,filterbank_riemann_recentered,10,12,-1,1
P1,post,20,filterbank_riemann_recentered,10,13,1,1
P1,post,20,filterbank_riemann_recentered,10,14,-1,1
P1,post,20,filterbank_riemann_recentered,10,15,1,1
P1,post,20,filterbank_riemann_recentered,10,16,-1,1
P1,post,20,filterbank_riemann_recentered,10,17,-1,-1
P1,post,20,filterbank_riemann_recentered,10,18,1,1
P1,post,20,filterbank_riemann_recentered,10,19,-1,1
P1,post,20,filterbank_riemann_recentered,10,20,-1,1
P1,post,40,filterbank_csp_shrinkage_lda,10,11,-1,-1
P1,post,40,filterbank_csp_shrinkage_lda,10,12,-1,-1
P1,post,40,filterbank_csp_shrinkage_lda,10,13,1,1
P1,post,40,filterbank_csp_shrinkage_lda,10,14,-1,-1
P1,post,40,filterbank_csp_shrinkage_lda,10,15,1,1
P1,post,40,filterbank_csp_shrinkage_lda,10,16,-1,-1
P1,post,40,filterbank_csp_shrinkage_lda,10,17,-1,-1
P1,post,40,filterbank_csp_shrinkage_lda,10,18,1,1
P1,post,40,filterbank_csp_shrinkage_lda,10,19,-1,-1
P1,post,40,filterbank_csp_shrinkage_lda,10,20,-1,-1
P1,post,40,filterbank_riemann_recentered,10,11,-1,1
P1,post,40,filterbank_riemann_recentered,10,12,-1,1
P1,post,40,filterbank_riemann_recentered,10,13,1,1
P1,post,40,filterbank_riemann_recentered,10,14,-1,1
P1,post,40,filterbank_riemann_recentered,10,15,1,1
P1,post,40,filterbank_riemann_recentered,10,16,-1,1
P1,post,40,filterbank_riemann_recentered,10,17,-1,-1
P1,post,40,filterbank_riemann_recentered,10,18,1,1
P1,post,40,filterbank_riemann_recentered,10,19,-1,1
P1,post,40,filterbank_riemann_recentered,10,20,-1,1
P1,post,40,filterbank_csp_shrinkage_lda,20,21,1,1
P1,post,40,filterbank_csp_shrinkage_lda,20,22,1,1
P1,post,40,filterbank_csp_shrinkage_lda,20,23,1,1
P1,post,40,filterbank_csp_shrinkage_lda,20,24,-1,-1
P1,post,40,filterbank_csp_shrinkage_lda,20,25,1,1
P1,post,40,filterbank_csp_shrinkage_lda,20,26,1,1
P1,post,40,filterbank_csp_shrinkage_lda,20,27,-1,-1
P1,post,40,filterbank_csp_shrinkage_lda,20,28,1,1
P1,post,40,filterbank_csp_shrinkage_lda,20,29,1,1
P1,post,40,filterbank_csp_shrinkage_lda,20,30,-1,-1
P1,post,40,filterbank_riemann_recentered,20,21,1,1
P1,post,40,filterbank_riemann_recentered,20,22,1,1
P1,post,40,filterbank_riemann_recentered,20,23,1,-1
P1,post,40,filterbank_riemann_recentered,20,24,-1,-1
P1,post,40,filterbank_riemann_recentered,20,25,1,1
P1,post,40,filterbank_riemann_recentered,20,26,1,-1
P1,post,40,filterbank_riemann_recentered,20,27,-1,-1
P1,post,40,filterbank_riemann_recentered,20,28,1,1
P1,post,40,filterbank_riemann_recentered,20,29,1,1
P1,post,40,filterbank_riemann_recentered,20,30,-1,-1
P1,post,40,filterbank_csp_shrinkage_lda,30,31,-1,-1
P1,post,40,filterbank_csp_shrinkage_lda,30,32,-1,-1
P1,post,40,filterbank_csp_shrinkage_lda,30,33,1,1
P1,post,40,filterbank_csp_shrinkage_lda,30,34,-1,-1
P1,post,40,filterbank_csp_shrinkage_lda,30,35,-1,-1
P1,post,40,filterbank_csp_shrinkage_lda,30,36,1,1
P1,post,40,filterbank_csp_shrinkage_lda,30,37,-1,-1
P1,post,40,filterbank_csp_shrinkage_lda,30,38,1,1
P1,post,40,filterbank_csp_shrinkage_lda,30,39,1,1
P1,post,40,filterbank_csp_shrinkage_lda,30,40,-1,-1
P1,post,40,filterbank_riemann_recentered,30,31,-1,-1
P1,post,40,filterbank_riemann_recentered,30,32,-1,1
P1,post,40,filterbank_riemann_recentered,30,33,1,1
P1,post,40,filterbank_riemann_recentered,30,34,-1,-1
P1,post,40,filterbank_riemann_recentered,30,35,-1,-1
P1,post,40,filterbank_riemann_recentered,30,36,1,1
P1,post,40,filterbank_riemann_recentered,30,37,-1,-1
P1,post,40,filterbank_riemann_recentered,30,38,1,1
P1,post,40,filterbank_riemann_recentered,30,39,1,1
P1,post,40,filterbank_riemann_recentered,30,40,-1,-1
P1,post,60,filterbank_csp_shrinkage_lda,10,11,-1,-1
P1,post,60,filterbank_csp_shrinkage_lda,10,12,-1,-1
P1,post,60,filterbank_csp_shrinkage_lda,10,13,1,1
P1,post,60,filterbank_csp_shrinkage_lda,10,14,-1,-1
P1,post,60,filterbank_csp_shrinkage_lda,10,15,1,1
P1,post,60,filterbank_csp_shrinkage_lda,10,16,-1,-1
P1,post,60,filterbank_csp_shrinkage_lda,10,17,-1,-1
P1,post,60,filterbank_csp_shrinkage_lda,10,18,1,1
P1,post,60,filterbank_csp_shrinkage_lda,10,19,-1,-1
P1,post,60,filterbank_csp_shrinkage_lda,10,20,-1,-1
P1,post,60,filterbank_riemann_recentered,10,11,-1,1
P1,post,60,filterbank_riemann_recentered,10,12,-1,1
P1,post,60,filterbank_riemann_recentered,10,13,1,1
P1,post,60,filterbank_riemann_recentered,10,14,-1,1
P1,post,60,filterbank_riemann_recentered,10,15,1,1
P1,post,60,filterbank_riemann_recentered,10,16,-1,1
P1,post,60,filterbank_riemann_recentered,10,17,-1,-1
P1,post,60,filterbank_riemann_recentered,10,18,1,1
P1,post,60,filterbank_riemann_recentered,10,19,-1,1
P1,post,60,filterbank_riemann_recentered,10,20,-1,1
P1,post,60,filterbank_csp_shrinkage_lda,20,21,1,1
P1,post,60,filterbank_csp_shrinkage_lda,20,22,1,1
P1,post,60,filterbank_csp_shrinkage_lda,20,23,1,1
P1,post,60,filterbank_csp_shrinkage_lda,20,24,-1,-1
P1,post,60,filterbank_csp_shrinkage_lda,20,25,1,1
P1,post,60,filterbank_csp_shrinkage_lda,20,26,1,1
P1,post,60,filterbank_csp_shrinkage_lda,20,27,-1,-1
P1,post,60,filterbank_csp_shrinkage_lda,20,28,1,1
P1,post,60,filterbank_csp_shrinkage_lda,20,29,1,1
P1,post,60,filterbank_csp_shrinkage_lda,20,30,-1,-1
P1,post,60,filterbank_riemann_recentered,20,21,1,1
P1,post,60,filterbank_riemann_recentered,20,22,1,1
P1,post,60,filterbank_riemann_recentered,20,23,1,-1
P1,post,60,filterbank_riemann_recentered,20,24,-1,-1
P1,post,60,filterbank_riemann_recentered,20,25,1,1
P1,post,60,filterbank_riemann_recentered,20,26,1,-1
P1,post,60,filterbank_riemann_recentered,20,27,-1,-1
P1,post,60,filterbank_riemann_recentered,20,28,1,1
P1,post,60,filterbank_riemann_recentered,20,29,1,1
P1,post,60,filterbank_riemann_recentered,20,30,-1,-1
P1,post,60,filterbank_csp_shrinkage_lda,30,31,-1,-1
P1,post,60,filterbank_csp_shrinkage_lda,30,32,-1,-1
P1,post,60,filterbank_csp_shrinkage_lda,30,33,1,1
P1,post,60,filterbank_csp_shrinkage_lda,30,34,-1,-1
P1,post,60,filterbank_csp_shrinkage_lda,30,35,-1,-1
P1,post,60,filterbank_csp_shrinkage_lda,30,36,1,1
P1,post,60,filterbank_csp_shrinkage_lda,30,37,-1,-1
P1,post,60,filterbank_csp_shrinkage_lda,30,38,1,1
P1,post,60,filterbank_csp_shrinkage_lda,30,39,1,1
P1,post,60,filterbank_csp_shrinkage_lda,30,40,-1,-1
P1,post,60,filterbank_riemann_recentered,30,31,-1,-1
P1,post,60,filterbank_riemann_recentered,30,32,-1,1
P1,post,60,filterbank_riemann_recentered,30,33,1,1
P1,post,60,filterbank_riemann_recentered,30,34,-1,-1
P1,post,60,filterbank_riemann_recentered,30,35,-1,-1
P1,post,60,filterbank_riemann_recentered,30,36,1,1
P1,post,60,filterbank_riemann_recentered,30,37,-1,-1
P1,post,60,filterbank_riemann_recentered,30,38,1,1
P1,post,60,filterbank_riemann_recentered,30,39,1,1
P1,post,60,filterbank_riemann_recentered,30,40,-1,-1
P1,post,60,filterbank_csp_shrinkage_lda,40,41,1,1
P1,post,60,filterbank_csp_shrinkage_lda,40,42,1,1
P1,post,60,filterbank_csp_shrinkage_lda,40,43,-1,-1
P1,post,60,filterbank_csp_shrinkage_lda,40,44,-1,-1
P1,post,60,filterbank_csp_shrinkage_lda,40,45,1,1
P1,post,60,filterbank_csp_shrinkage_lda,40,46,-1,-1
P1,post,60,filterbank_csp_shrinkage_lda,40,47,1,1
P1,post,60,filterbank_csp_shrinkage_lda,40,48,-1,-1
P1,post,60,filterbank_csp_shrinkage_lda,40,49,-1,1
P1,post,60,filterbank_csp_shrinkage_lda,40,50,1,1
P1,post,60,filterbank_riemann_recentered,40,41,1,-1
P1,post,60,filterbank_riemann_recentered,40,42,1,1
P1,post,60,filterbank_riemann_recentered,40,43,-1,-1
P1,post,60,filterbank_riemann_recentered,40,44,-1,-1
P1,post,60,filterbank_riemann_recentered,40,45,1,1
P1,post,60,filterbank_riemann_recentered,40,46,-1,-1
P1,post,60,filterbank_riemann_recentered,40,47,1,1
P1,post,60,filterbank_riemann_recentered,40,48,-1,-1
P1,post,60,filterbank_riemann_recentered,40,49,-1,1
P1,post,60,filterbank_riemann_recentered,40,50,1,1
P1,post,60,filterbank_csp_shrinkage_lda,50,51,-1,-1
P1,post,60,filterbank_csp_shrinkage_lda,50,52,-1,-1
P1,post,60,filterbank_csp_shrinkage_lda,50,53,1,1
P1,post,60,filterbank_csp_shrinkage_lda,50,54,1,1
P1,post,60,filterbank_csp_shrinkage_lda,50,55,-1,-1
P1,post,60,filterbank_csp_shrinkage_lda,50,56,-1,-1
P1,post,60,filterbank_csp_shrinkage_lda,50,57,1,1
P1,post,60,filterbank_csp_shrinkage_lda,50,58,1,1
P1,post,60,filterbank_csp_shrinkage_lda,50,59,-1,-1
P1,post,60,filterbank_csp_shrinkage_lda,50,60,-1,-1
P1,post,60,filterbank_riemann_recentered,50,51,-1,-1
P1,post,60,filterbank_riemann_recentered,50,52,-1,-1
P1,post,60,filterbank_riemann_recentered,50,53,1,1
P1,post,60,filterbank_riemann_recentered,50,54,1,1
P1,post,60,filterbank_riemann_recentered,50,55,-1,-1
P1,post,60,filterbank_riemann_recentered,50,56,-1,-1
P1,post,60,filterbank_riemann_recentered,50,57,1,1
P1,post,60,filterbank_riemann_recentered,50,58,1,1
P1,post,60,filterbank_riemann_recentered,50,59,-1,-1
P1,post,60,filterbank_riemann_recentered,50,60,-1,-1
P2,pre,20,filterbank_csp_shrinkage_lda,10,11,-1,1
P2,pre,20,filterbank_csp_shrinkage_lda,10,12,-1,1
P2,pre,20,filterbank_csp_shrinkage_lda,10,13,-1,1
P2,pre,20,filterbank_csp_shrinkage_lda,10,14,1,1
P2,pre,20,filterbank_csp_shrinkage_lda,10,15,1,1
P2,pre,20,filterbank_csp_shrinkage_lda,10,16,-1,1
P2,pre,20,filterbank_csp_shrinkage_lda,10,17,1,1
P2,pre,20,filterbank_csp_shrinkage_lda,10,18,1,1
P2,pre,20,filterbank_csp_shrinkage_lda,10,19,1,1
P2,pre,20,filterbank_csp_shrinkage_lda,10,20,1,1
P2,pre,20,filterbank_riemann_recentered,10,11,-1,1
P2,pre,20,filterbank_riemann_recentered,10,12,-1,1
P2,pre,20,filterbank_riemann_recentered,10,13,-1,1
P2,pre,20,filterbank_riemann_recentered,10,14,1,1
P2,pre,20,filterbank_riemann_recentered,10,15,1,1
P2,pre,20,filterbank_riemann_recentered,10,16,-1,1
P2,pre,20,filterbank_riemann_recentered,10,17,1,1
P2,pre,20,filterbank_riemann_recentered,10,18,1,1
P2,pre,20,filterbank_riemann_recentered,10,19,1,1
P2,pre,20,filterbank_riemann_recentered,10,20,1,1
P2,pre,40,filterbank_csp_shrinkage_lda,10,11,-1,1
P2,pre,40,filterbank_csp_shrinkage_lda,10,12,-1,1
P2,pre,40,filterbank_csp_shrinkage_lda,10,13,-1,1
P2,pre,40,filterbank_csp_shrinkage_lda,10,14,1,1
P2,pre,40,filterbank_csp_shrinkage_lda,10,15,1,1
P2,pre,40,filterbank_csp_shrinkage_lda,10,16,-1,1
P2,pre,40,filterbank_csp_shrinkage_lda,10,17,1,1
P2,pre,40,filterbank_csp_shrinkage_lda,10,18,1,1
P2,pre,40,filterbank_csp_shrinkage_lda,10,19,1,1
P2,pre,40,filterbank_csp_shrinkage_lda,10,20,1,1
P2,pre,40,filterbank_riemann_recentered,10,11,-1,1
P2,pre,40,filterbank_riemann_recentered,10,12,-1,1
P2,pre,40,filterbank_riemann_recentered,10,13,-1,1
P2,pre,40,filterbank_riemann_recentered,10,14,1,1
P2,pre,40,filterbank_riemann_recentered,10,15,1,1
P2,pre,40,filterbank_riemann_recentered,10,16,-1,1
P2,pre,40,filterbank_riemann_recentered,10,17,1,1
P2,pre,40,filterbank_riemann_recentered,10,18,1,1
P2,pre,40,filterbank_riemann_recentered,10,19,1,1
P2,pre,40,filterbank_riemann_recentered,10,20,1,1
P2,pre,40,filterbank_csp_shrinkage_lda,20,21,-1,1
P2,pre,40,filterbank_csp_shrinkage_lda,20,22,-1,1
P2,pre,40,filterbank_csp_shrinkage_lda,20,23,1,1
P2,pre,40,filterbank_csp_shrinkage_lda,20,24,-1,1
P2,pre,40,filterbank_csp_shrinkage_lda,20,25,1,1
P2,pre,40,filterbank_csp_shrinkage_lda,20,26,-1,1
P2,pre,40,filterbank_csp_shrinkage_lda,20,27,1,1
P2,pre,40,filterbank_csp_shrinkage_lda,20,28,-1,1
P2,pre,40,filterbank_csp_shrinkage_lda,20,29,1,1
P2,pre,40,filterbank_csp_shrinkage_lda,20,30,-1,1
P2,pre,40,filterbank_riemann_recentered,20,21,-1,1
P2,pre,40,filterbank_riemann_recentered,20,22,-1,1
P2,pre,40,filterbank_riemann_recentered,20,23,1,1
P2,pre,40,filterbank_riemann_recentered,20,24,-1,1
P2,pre,40,filterbank_riemann_recentered,20,25,1,1
P2,pre,40,filterbank_riemann_recentered,20,26,-1,1
P2,pre,40,filterbank_riemann_recentered,20,27,1,1
P2,pre,40,filterbank_riemann_recentered,20,28,-1,1
P2,pre,40,filterbank_riemann_recentered,20,29,1,1
P2,pre,40,filterbank_riemann_recentered,20,30,-1,1
P2,pre,40,filterbank_csp_shrinkage_lda,30,31,-1,-1
P2,pre,40,filterbank_csp_shrinkage_lda,30,32,-1,-1
P2,pre,40,filterbank_csp_shrinkage_lda,30,33,-1,1
P2,pre,40,filterbank_csp_shrinkage_lda,30,34,-1,-1
P2,pre,40,filterbank_csp_shrinkage_lda,30,35,-1,-1
P2,pre,40,filterbank_csp_shrinkage_lda,30,36,1,1
P2,pre,40,filterbank_csp_shrinkage_lda,30,37,1,-1
P2,pre,40,filterbank_csp_shrinkage_lda,30,38,1,-1
P2,pre,40,filterbank_csp_shrinkage_lda,30,39,-1,-1
P2,pre,40,filterbank_csp_shrinkage_lda,30,40,-1,-1
P2,pre,40,filterbank_riemann_recentered,30,31,-1,1
P2,pre,40,filterbank_riemann_recentered,30,32,-1,-1
P2,pre,40,filterbank_riemann_recentered,30,33,-1,1
P2,pre,40,filterbank_riemann_recentered,30,34,-1,-1
P2,pre,40,filterbank_riemann_recentered,30,35,-1,-1
P2,pre,40,filterbank_riemann_recentered,30,36,1,1
P2,pre,40,filterbank_riemann_recentered,30,37,1,1
P2,pre,40,filterbank_riemann_recentered,30,38,1,1
P2,pre,40,filterbank_riemann_recentered,30,39,-1,-1
P2,pre,40,filterbank_riemann_recentered,30,40,-1,1
P2,pre,60,filterbank_csp_shrinkage_lda,10,11,-1,1
P2,pre,60,filterbank_csp_shrinkage_lda,10,12,-1,1
P2,pre,60,filterbank_csp_shrinkage_lda,10,13,-1,1
P2,pre,60,filterbank_csp_shrinkage_lda,10,14,1,1
P2,pre,60,filterbank_csp_shrinkage_lda,10,15,1,1
P2,pre,60,filterbank_csp_shrinkage_lda,10,16,-1,1
P2,pre,60,filterbank_csp_shrinkage_lda,10,17,1,1
P2,pre,60,filterbank_csp_shrinkage_lda,10,18,1,1
P2,pre,60,filterbank_csp_shrinkage_lda,10,19,1,1
P2,pre,60,filterbank_csp_shrinkage_lda,10,20,1,1
P2,pre,60,filterbank_riemann_recentered,10,11,-1,1
P2,pre,60,filterbank_riemann_recentered,10,12,-1,1
P2,pre,60,filterbank_riemann_recentered,10,13,-1,1
P2,pre,60,filterbank_riemann_recentered,10,14,1,1
P2,pre,60,filterbank_riemann_recentered,10,15,1,1
P2,pre,60,filterbank_riemann_recentered,10,16,-1,1
P2,pre,60,filterbank_riemann_recentered,10,17,1,1
P2,pre,60,filterbank_riemann_recentered,10,18,1,1
P2,pre,60,filterbank_riemann_recentered,10,19,1,1
P2,pre,60,filterbank_riemann_recentered,10,20,1,1
P2,pre,60,filterbank_csp_shrinkage_lda,20,21,-1,1
P2,pre,60,filterbank_csp_shrinkage_lda,20,22,-1,1
P2,pre,60,filterbank_csp_shrinkage_lda,20,23,1,1
P2,pre,60,filterbank_csp_shrinkage_lda,20,24,-1,1
P2,pre,60,filterbank_csp_shrinkage_lda,20,25,1,1
P2,pre,60,filterbank_csp_shrinkage_lda,20,26,-1,1
P2,pre,60,filterbank_csp_shrinkage_lda,20,27,1,1
P2,pre,60,filterbank_csp_shrinkage_lda,20,28,-1,1
P2,pre,60,filterbank_csp_shrinkage_lda,20,29,1,1
P2,pre,60,filterbank_csp_shrinkage_lda,20,30,-1,1
P2,pre,60,filterbank_riemann_recentered,20,21,-1,1
P2,pre,60,filterbank_riemann_recentered,20,22,-1,1
P2,pre,60,filterbank_riemann_recentered,20,23,1,1
P2,pre,60,filterbank_riemann_recentered,20,24,-1,1
P2,pre,60,filterbank_riemann_recentered,20,25,1,1
P2,pre,60,filterbank_riemann_recentered,20,26,-1,1
P2,pre,60,filterbank_riemann_recentered,20,27,1,1
P2,pre,60,filterbank_riemann_recentered,20,28,-1,1
P2,pre,60,filterbank_riemann_recentered,20,29,1,1
P2,pre,60,filterbank_riemann_recentered,20,30,-1,1
P2,pre,60,filterbank_csp_shrinkage_lda,30,31,-1,-1
P2,pre,60,filterbank_csp_shrinkage_lda,30,32,-1,-1
P2,pre,60,filterbank_csp_shrinkage_lda,30,33,-1,1
P2,pre,60,filterbank_csp_shrinkage_lda,30,34,-1,-1
P2,pre,60,filterbank_csp_shrinkage_lda,30,35,-1,-1
P2,pre,60,filterbank_csp_shrinkage_lda,30,36,1,1
P2,pre,60,filterbank_csp_shrinkage_lda,30,37,1,-1
P2,pre,60,filterbank_csp_shrinkage_lda,30,38,1,-1
P2,pre,60,filterbank_csp_shrinkage_lda,30,39,-1,-1
P2,pre,60,filterbank_csp_shrinkage_lda,30,40,-1,-1
P2,pre,60,filterbank_riemann_recentered,30,31,-1,1
P2,pre,60,filterbank_riemann_recentered,30,32,-1,-1
P2,pre,60,filterbank_riemann_recentered,30,33,-1,1
P2,pre,60,filterbank_riemann_recentered,30,34,-1,-1
P2,pre,60,filterbank_riemann_recentered,30,35,-1,-1
P2,pre,60,filterbank_riemann_recentered,30,36,1,1
P2,pre,60,filterbank_riemann_recentered,30,37,1,1
P2,pre,60,filterbank_riemann_recentered,30,38,1,1
P2,pre,60,filterbank_riemann_recentered,30,39,-1,-1
P2,pre,60,filterbank_riemann_recentered,30,40,-1,1
P2,pre,60,filterbank_csp_shrinkage_lda,40,41,1,-1
P2,pre,60,filterbank_csp_shrinkage_lda,40,42,1,1
P2,pre,60,filterbank_csp_shrinkage_lda,40,43,1,1
P2,pre,60,filterbank_csp_shrinkage_lda,40,44,1,-1
P2,pre,60,filterbank_csp_shrinkage_lda,40,45,1,1
P2,pre,60,filterbank_csp_shrinkage_lda,40,46,1,1
P2,pre,60,filterbank_csp_shrinkage_lda,40,47,-1,1
P2,pre,60,filterbank_csp_shrinkage_lda,40,48,-1,-1
P2,pre,60,filterbank_csp_shrinkage_lda,40,49,-1,1
P2,pre,60,filterbank_csp_shrinkage_lda,40,50,-1,-1
P2,pre,60,filterbank_riemann_recentered,40,41,1,-1
P2,pre,60,filterbank_riemann_recentered,40,42,1,-1
P2,pre,60,filterbank_riemann_recentered,40,43,1,1
P2,pre,60,filterbank_riemann_recentered,40,44,1,1
P2,pre,60,filterbank_riemann_recentered,40,45,1,-1
P2,pre,60,filterbank_riemann_recentered,40,46,1,1
P2,pre,60,filterbank_riemann_recentered,40,47,-1,1
P2,pre,60,filterbank_riemann_recentered,40,48,-1,-1
P2,pre,60,filterbank_riemann_recentered,40,49,-1,1
P2,pre,60,filterbank_riemann_recentered,40,50,-1,-1
P2,pre,60,filterbank_csp_shrinkage_lda,50,51,-1,1
P2,pre,60,filterbank_csp_shrinkage_lda,50,52,1,1
P2,pre,60,filterbank_csp_shrinkage_lda,50,53,1,-1
P2,pre,60,filterbank_csp_shrinkage_lda,50,54,1,-1
P2,pre,60,filterbank_csp_shrinkage_lda,50,55,-1,1
P2,pre,60,filterbank_csp_shrinkage_lda,50,56,-1,1
P2,pre,60,filterbank_csp_shrinkage_lda,50,57,-1,1
P2,pre,60,filterbank_csp_shrinkage_lda,50,58,1,1
P2,pre,60,filterbank_csp_shrinkage_lda,50,59,-1,1
P2,pre,60,filterbank_csp_shrinkage_lda,50,60,1,-1
P2,pre,60,filterbank_riemann_recentered,50,51,-1,1
P2,pre,60,filterbank_riemann_recentered,50,52,1,-1
P2,pre,60,filterbank_riemann_recentered,50,53,1,-1
P2,pre,60,filterbank_riemann_recentered,50,54,1,1
P2,pre,60,filterbank_riemann_recentered,50,55,-1,1
P2,pre,60,filterbank_riemann_recentered,50,56,-1,1
P2,pre,60,filterbank_riemann_recentered,50,57,-1,1
P2,pre,60,filterbank_riemann_recentered,50,58,1,1
P2,pre,60,filterbank_riemann_recentered,50,59,-1,-1
P2,pre,60,filterbank_riemann_recentered,50,60,1,-1
P2,post,20,filterbank_csp_shrinkage_lda,10,11,-1,-1
P2,post,20,filterbank_csp_shrinkage_lda,10,12,-1,-1
P2,post,20,filterbank_csp_shrinkage_lda,10,13,1,-1
P2,post,20,filterbank_csp_shrinkage_lda,10,14,-1,-1
P2,post,20,filterbank_csp_shrinkage_lda,10,15,1,-1
P2,post,20,filterbank_csp_shrinkage_lda,10,16,1,-1
P2,post,20,filterbank_csp_shrinkage_lda,10,17,1,-1
P2,post,20,filterbank_csp_shrinkage_lda,10,18,1,-1
P2,post,20,filterbank_csp_shrinkage_lda,10,19,1,-1
P2,post,20,filterbank_csp_shrinkage_lda,10,20,1,-1
P2,post,20,filterbank_riemann_recentered,10,11,-1,-1
P2,post,20,filterbank_riemann_recentered,10,12,-1,-1
P2,post,20,filterbank_riemann_recentered,10,13,1,-1
P2,post,20,filterbank_riemann_recentered,10,14,-1,-1
P2,post,20,filterbank_riemann_recentered,10,15,1,-1
P2,post,20,filterbank_riemann_recentered,10,16,1,-1
P2,post,20,filterbank_riemann_recentered,10,17,1,-1
P2,post,20,filterbank_riemann_recentered,10,18,1,-1
P2,post,20,filterbank_riemann_recentered,10,19,1,-1
P2,post,20,filterbank_riemann_recentered,10,20,1,-1
P2,post,40,filterbank_csp_shrinkage_lda,10,11,-1,-1
P2,post,40,filterbank_csp_shrinkage_lda,10,12,-1,-1
P2,post,40,filterbank_csp_shrinkage_lda,10,13,1,-1
P2,post,40,filterbank_csp_shrinkage_lda,10,14,-1,-1
P2,post,40,filterbank_csp_shrinkage_lda,10,15,1,-1
P2,post,40,filterbank_csp_shrinkage_lda,10,16,1,-1
P2,post,40,filterbank_csp_shrinkage_lda,10,17,1,-1
P2,post,40,filterbank_csp_shrinkage_lda,10,18,1,-1
P2,post,40,filterbank_csp_shrinkage_lda,10,19,1,-1
P2,post,40,filterbank_csp_shrinkage_lda,10,20,1,-1
P2,post,40,filterbank_riemann_recentered,10,11,-1,-1
P2,post,40,filterbank_riemann_recentered,10,12,-1,-1
P2,post,40,filterbank_riemann_recentered,10,13,1,-1
P2,post,40,filterbank_riemann_recentered,10,14,-1,-1
P2,post,40,filterbank_riemann_recentered,10,15,1,-1
P2,post,40,filterbank_riemann_recentered,10,16,1,-1
P2,post,40,filterbank_riemann_recentered,10,17,1,-1
P2,post,40,filterbank_riemann_recentered,10,18,1,-1
P2,post,40,filterbank_riemann_recentered,10,19,1,-1
P2,post,40,filterbank_riemann_recentered,10,20,1,-1
P2,post,40,filterbank_csp_shrinkage_lda,20,21,1,1
P2,post,40,filterbank_csp_shrinkage_lda,20,22,-1,1
P2,post,40,filterbank_csp_shrinkage_lda,20,23,-1,1
P2,post,40,filterbank_csp_shrinkage_lda,20,24,-1,1
P2,post,40,filterbank_csp_shrinkage_lda,20,25,-1,1
P2,post,40,filterbank_csp_shrinkage_lda,20,26,-1,1
P2,post,40,filterbank_csp_shrinkage_lda,20,27,1,1
P2,post,40,filterbank_csp_shrinkage_lda,20,28,-1,1
P2,post,40,filterbank_csp_shrinkage_lda,20,29,1,1
P2,post,40,filterbank_csp_shrinkage_lda,20,30,1,1
P2,post,40,filterbank_riemann_recentered,20,21,1,1
P2,post,40,filterbank_riemann_recentered,20,22,-1,-1
P2,post,40,filterbank_riemann_recentered,20,23,-1,1
P2,post,40,filterbank_riemann_recentered,20,24,-1,1
P2,post,40,filterbank_riemann_recentered,20,25,-1,1
P2,post,40,filterbank_riemann_recentered,20,26,-1,1
P2,post,40,filterbank_riemann_recentered,20,27,1,1
P2,post,40,filterbank_riemann_recentered,20,28,-1,-1
P2,post,40,filterbank_riemann_recentered,20,29,1,1
P2,post,40,filterbank_riemann_recentered,20,30,1,1
P2,post,40,filterbank_csp_shrinkage_lda,30,31,1,-1
P2,post,40,filterbank_csp_shrinkage_lda,30,32,1,-1
P2,post,40,filterbank_csp_shrinkage_lda,30,33,-1,-1
P2,post,40,filterbank_csp_shrinkage_lda,30,34,1,1
P2,post,40,filterbank_csp_shrinkage_lda,30,35,-1,1
P2,post,40,filterbank_csp_shrinkage_lda,30,36,-1,1
P2,post,40,filterbank_csp_shrinkage_lda,30,37,-1,1
P2,post,40,filterbank_csp_shrinkage_lda,30,38,1,1
P2,post,40,filterbank_csp_shrinkage_lda,30,39,1,1
P2,post,40,filterbank_csp_shrinkage_lda,30,40,1,-1
P2,post,40,filterbank_riemann_recentered,30,31,1,1
P2,post,40,filterbank_riemann_recentered,30,32,1,-1
P2,post,40,filterbank_riemann_recentered,30,33,-1,-1
P2,post,40,filterbank_riemann_recentered,30,34,1,1
P2,post,40,filterbank_riemann_recentered,30,35,-1,-1
P2,post,40,filterbank_riemann_recentered,30,36,-1,1
P2,post,40,filterbank_riemann_recentered,30,37,-1,-1
P2,post,40,filterbank_riemann_recentered,30,38,1,1
P2,post,40,filterbank_riemann_recentered,30,39,1,-1
P2,post,40,filterbank_riemann_recentered,30,40,1,1
P2,post,60,filterbank_csp_shrinkage_lda,10,11,-1,-1
P2,post,60,filterbank_csp_shrinkage_lda,10,12,-1,-1
P2,post,60,filterbank_csp_shrinkage_lda,10,13,1,-1
P2,post,60,filterbank_csp_shrinkage_lda,10,14,-1,-1
P2,post,60,filterbank_csp_shrinkage_lda,10,15,1,-1
P2,post,60,filterbank_csp_shrinkage_lda,10,16,1,-1
P2,post,60,filterbank_csp_shrinkage_lda,10,17,1,-1
P2,post,60,filterbank_csp_shrinkage_lda,10,18,1,-1
P2,post,60,filterbank_csp_shrinkage_lda,10,19,1,-1
P2,post,60,filterbank_csp_shrinkage_lda,10,20,1,-1
P2,post,60,filterbank_riemann_recentered,10,11,-1,-1
P2,post,60,filterbank_riemann_recentered,10,12,-1,-1
P2,post,60,filterbank_riemann_recentered,10,13,1,-1
P2,post,60,filterbank_riemann_recentered,10,14,-1,-1
P2,post,60,filterbank_riemann_recentered,10,15,1,-1
P2,post,60,filterbank_riemann_recentered,10,16,1,-1
P2,post,60,filterbank_riemann_recentered,10,17,1,-1
P2,post,60,filterbank_riemann_recentered,10,18,1,-1
P2,post,60,filterbank_riemann_recentered,10,19,1,-1
P2,post,60,filterbank_riemann_recentered,10,20,1,-1
P2,post,60,filterbank_csp_shrinkage_lda,20,21,1,1
P2,post,60,filterbank_csp_shrinkage_lda,20,22,-1,1
P2,post,60,filterbank_csp_shrinkage_lda,20,23,-1,1
P2,post,60,filterbank_csp_shrinkage_lda,20,24,-1,1
P2,post,60,filterbank_csp_shrinkage_lda,20,25,-1,1
P2,post,60,filterbank_csp_shrinkage_lda,20,26,-1,1
P2,post,60,filterbank_csp_shrinkage_lda,20,27,1,1
P2,post,60,filterbank_csp_shrinkage_lda,20,28,-1,1
P2,post,60,filterbank_csp_shrinkage_lda,20,29,1,1
P2,post,60,filterbank_csp_shrinkage_lda,20,30,1,1
P2,post,60,filterbank_riemann_recentered,20,21,1,1
P2,post,60,filterbank_riemann_recentered,20,22,-1,-1
P2,post,60,filterbank_riemann_recentered,20,23,-1,1
P2,post,60,filterbank_riemann_recentered,20,24,-1,1
P2,post,60,filterbank_riemann_recentered,20,25,-1,1
P2,post,60,filterbank_riemann_recentered,20,26,-1,1
P2,post,60,filterbank_riemann_recentered,20,27,1,1
P2,post,60,filterbank_riemann_recentered,20,28,-1,-1
P2,post,60,filterbank_riemann_recentered,20,29,1,1
P2,post,60,filterbank_riemann_recentered,20,30,1,1
P2,post,60,filterbank_csp_shrinkage_lda,30,31,1,-1
P2,post,60,filterbank_csp_shrinkage_lda,30,32,1,-1
P2,post,60,filterbank_csp_shrinkage_lda,30,33,-1,-1
P2,post,60,filterbank_csp_shrinkage_lda,30,34,1,1
P2,post,60,filterbank_csp_shrinkage_lda,30,35,-1,1
P2,post,60,filterbank_csp_shrinkage_lda,30,36,-1,1
P2,post,60,filterbank_csp_shrinkage_lda,30,37,-1,1
P2,post,60,filterbank_csp_shrinkage_lda,30,38,1,1
P2,post,60,filterbank_csp_shrinkage_lda,30,39,1,1
P2,post,60,filterbank_csp_shrinkage_lda,30,40,1,-1
P2,post,60,filterbank_riemann_recentered,30,31,1,1
P2,post,60,filterbank_riemann_recentered,30,32,1,-1
P2,post,60,filterbank_riemann_recentered,30,33,-1,-1
P2,post,60,filterbank_riemann_recentered,30,34,1,1
P2,post,60,filterbank_riemann_recentered,30,35,-1,-1
P2,post,60,filterbank_riemann_recentered,30,36,-1,1
P2,post,60,filterbank_riemann_recentered,30,37,-1,-1
P2,post,60,filterbank_riemann_recentered,30,38,1,1
P2,post,60,filterbank_riemann_recentered,30,39,1,-1
P2,post,60,filterbank_riemann_recentered,30,40,1,1
P2,post,60,filterbank_csp_shrinkage_lda,40,41,-1,1
P2,post,60,filterbank_csp_shrinkage_lda,40,42,-1,1
P2,post,60,filterbank_csp_shrinkage_lda,40,43,-1,1
P2,post,60,filterbank_csp_shrinkage_lda,40,44,1,1
P2,post,60,filterbank_csp_shrinkage_lda,40,45,1,1
P2,post,60,filterbank_csp_shrinkage_lda,40,46,1,1
P2,post,60,filterbank_csp_shrinkage_lda,40,47,1,1
P2,post,60,filterbank_csp_shrinkage_lda,40,48,-1,-1
P2,post,60,filterbank_csp_shrinkage_lda,40,49,-1,1
P2,post,60,filterbank_csp_shrinkage_lda,40,50,-1,-1
P2,post,60,filterbank_riemann_recentered,40,41,-1,1
P2,post,60,filterbank_riemann_recentered,40,42,-1,1
P2,post,60,filterbank_riemann_recentered,40,43,-1,1
P2,post,60,filterbank_riemann_recentered,40,44,1,1
P2,post,60,filterbank_riemann_recentered,40,45,1,1
P2,post,60,filterbank_riemann_recentered,40,46,1,-1
P2,post,60,filterbank_riemann_recentered,40,47,1,1
P2,post,60,filterbank_riemann_recentered,40,48,-1,-1
P2,post,60,filterbank_riemann_recentered,40,49,-1,1
P2,post,60,filterbank_riemann_recentered,40,50,-1,-1
P2,post,60,filterbank_csp_shrinkage_lda,50,51,1,1
P2,post,60,filterbank_csp_shrinkage_lda,50,52,-1,-1
P2,post,60,filterbank_csp_shrinkage_lda,50,53,-1,-1
P2,post,60,filterbank_csp_shrinkage_lda,50,54,1,1
P2,post,60,filterbank_csp_shrinkage_lda,50,55,-1,1
P2,post,60,filterbank_csp_shrinkage_lda,50,56,-1,1
P2,post,60,filterbank_csp_shrinkage_lda,50,57,1,1
P2,post,60,filterbank_csp_shrinkage_lda,50,58,-1,-1
P2,post,60,filterbank_csp_shrinkage_lda,50,59,-1,-1
P2,post,60,filterbank_csp_shrinkage_lda,50,60,-1,-1
P2,post,60,filterbank_riemann_recentered,50,51,1,1
P2,post,60,filterbank_riemann_recentered,50,52,-1,-1
P2,post,60,filterbank_riemann_recentered,50,53,-1,1
P2,post,60,filterbank_riemann_recentered,50,54,1,1
P2,post,60,filterbank_riemann_recentered,50,55,-1,-1
P2,post,60,filterbank_riemann_recentered,50,56,-1,-1
P2,post,60,filterbank_riemann_recentered,50,57,1,-1
P2,post,60,filterbank_riemann_recentered,50,58,-1,-1
P2,post,60,filterbank_riemann_recentered,50,59,-1,-1
P2,post,60,filterbank_riemann_recentered,50,60,-1,1
P3,pre,20,filterbank_csp_shrinkage_lda,10,11,1,-1
P3,pre,20,filterbank_csp_shrinkage_lda,10,12,1,-1
P3,pre,20,filterbank_csp_shrinkage_lda,10,13,1,-1
P3,pre,20,filterbank_csp_shrinkage_lda,10,14,-1,-1
P3,pre,20,filterbank_csp_shrinkage_lda,10,15,-1,-1
P3,pre,20,filterbank_csp_shrinkage_lda,10,16,1,-1
P3,pre,20,filterbank_csp_shrinkage_lda,10,17,-1,-1
P3,pre,20,filterbank_csp_shrinkage_lda,10,18,1,-1
P3,pre,20,filterbank_csp_shrinkage_lda,10,19,-1,-1
P3,pre,20,filterbank_csp_shrinkage_lda,10,20,1,1
P3,pre,20,filterbank_riemann_recentered,10,11,1,-1
P3,pre,20,filterbank_riemann_recentered,10,12,1,-1
P3,pre,20,filterbank_riemann_recentered,10,13,1,-1
P3,pre,20,filterbank_riemann_recentered,10,14,-1,-1
P3,pre,20,filterbank_riemann_recentered,10,15,-1,-1
P3,pre,20,filterbank_riemann_recentered,10,16,1,-1
P3,pre,20,filterbank_riemann_recentered,10,17,-1,-1
P3,pre,20,filterbank_riemann_recentered,10,18,1,-1
P3,pre,20,filterbank_riemann_recentered,10,19,-1,-1
P3,pre,20,filterbank_riemann_recentered,10,20,1,-1
P3,pre,40,filterbank_csp_shrinkage_lda,10,11,1,-1
P3,pre,40,filterbank_csp_shrinkage_lda,10,12,1,-1
P3,pre,40,filterbank_csp_shrinkage_lda,10,13,1,-1
P3,pre,40,filterbank_csp_shrinkage_lda,10,14,-1,-1
P3,pre,40,filterbank_csp_shrinkage_lda,10,15,-1,-1
P3,pre,40,filterbank_csp_shrinkage_lda,10,16,1,-1
P3,pre,40,filterbank_csp_shrinkage_lda,10,17,-1,-1
P3,pre,40,filterbank_csp_shrinkage_lda,10,18,1,-1
P3,pre,40,filterbank_csp_shrinkage_lda,10,19,-1,-1
P3,pre,40,filterbank_csp_shrinkage_lda,10,20,1,1
P3,pre,40,filterbank_riemann_recentered,10,11,1,-1
P3,pre,40,filterbank_riemann_recentered,10,12,1,-1
P3,pre,40,filterbank_riemann_recentered,10,13,1,-1
P3,pre,40,filterbank_riemann_recentered,10,14,-1,-1
P3,pre,40,filterbank_riemann_recentered,10,15,-1,-1
P3,pre,40,filterbank_riemann_recentered,10,16,1,-1
P3,pre,40,filterbank_riemann_recentered,10,17,-1,-1
P3,pre,40,filterbank_riemann_recentered,10,18,1,-1
P3,pre,40,filterbank_riemann_recentered,10,19,-1,-1
P3,pre,40,filterbank_riemann_recentered,10,20,1,-1
P3,pre,40,filterbank_csp_shrinkage_lda,20,21,-1,-1
P3,pre,40,filterbank_csp_shrinkage_lda,20,22,-1,-1
P3,pre,40,filterbank_csp_shrinkage_lda,20,23,-1,-1
P3,pre,40,filterbank_csp_shrinkage_lda,20,24,-1,1
P3,pre,40,filterbank_csp_shrinkage_lda,20,25,1,-1
P3,pre,40,filterbank_csp_shrinkage_lda,20,26,-1,-1
P3,pre,40,filterbank_csp_shrinkage_lda,20,27,1,1
P3,pre,40,filterbank_csp_shrinkage_lda,20,28,-1,-1
P3,pre,40,filterbank_csp_shrinkage_lda,20,29,1,1
P3,pre,40,filterbank_csp_shrinkage_lda,20,30,-1,1
P3,pre,40,filterbank_riemann_recentered,20,21,-1,-1
P3,pre,40,filterbank_riemann_recentered,20,22,-1,-1
P3,pre,40,filterbank_riemann_recentered,20,23,-1,-1
P3,pre,40,filterbank_riemann_recentered,20,24,-1,1
P3,pre,40,filterbank_riemann_recentered,20,25,1,-1
P3,pre,40,filterbank_riemann_recentered,20,26,-1,-1
P3,pre,40,filterbank_riemann_recentered,20,27,1,1
P3,pre,40,filterbank_riemann_recentered,20,28,-1,-1
P3,pre,40,filterbank_riemann_recentered,20,29,1,1
P3,pre,40,filterbank_riemann_recentered,20,30,-1,1
P3,pre,40,filterbank_csp_shrinkage_lda,30,31,-1,1
P3,pre,40,filterbank_csp_shrinkage_lda,30,32,-1,-1
P3,pre,40,filterbank_csp_shrinkage_lda,30,33,1,-1
P3,pre,40,filterbank_csp_shrinkage_lda,30,34,1,-1
P3,pre,40,filterbank_csp_shrinkage_lda,30,35,1,-1
P3,pre,40,filterbank_csp_shrinkage_lda,30,36,1,-1
P3,pre,40,filterbank_csp_shrinkage_lda,30,37,1,1
P3,pre,40,filterbank_csp_shrinkage_lda,30,38,1,1
P3,pre,40,filterbank_csp_shrinkage_lda,30,39,-1,-1
P3,pre,40,filterbank_csp_shrinkage_lda,30,40,1,1
P3,pre,40,filterbank_riemann_recentered,30,31,-1,-1
P3,pre,40,filterbank_riemann_recentered,30,32,-1,-1
P3,pre,40,filterbank_riemann_recentered,30,33,1,-1
P3,pre,40,filterbank_riemann_recentered,30,34,1,-1
P3,pre,40,filterbank_riemann_recentered,30,35,1,1
P3,pre,40,filterbank_riemann_recentered,30,36,1,-1
P3,pre,40,filterbank_riemann_recentered,30,37,1,-1
P3,pre,40,filterbank_riemann_recentered,30,38,1,-1
P3,pre,40,filterbank_riemann_recentered,30,39,-1,-1
P3,pre,40,filterbank_riemann_recentered,30,40,1,-1
P3,pre,60,filterbank_csp_shrinkage_lda,10,11,1,-1
P3,pre,60,filterbank_csp_shrinkage_lda,10,12,1,-1
P3,pre,60,filterbank_csp_shrinkage_lda,10,13,1,-1
P3,pre,60,filterbank_csp_shrinkage_lda,10,14,-1,-1
P3,pre,60,filterbank_csp_shrinkage_lda,10,15,-1,-1
P3,pre,60,filterbank_csp_shrinkage_lda,10,16,1,-1
P3,pre,60,filterbank_csp_shrinkage_lda,10,17,-1,-1
P3,pre,60,filterbank_csp_shrinkage_lda,10,18,1,-1
P3,pre,60,filterbank_csp_shrinkage_lda,10,19,-1,-1
P3,pre,60,filterbank_csp_shrinkage_lda,10,20,1,1
P3,pre,60,filterbank_riemann_recentered,10,11,1,-1
P3,pre,60,filterbank_riemann_recentered,10,12,1,-1
P3,pre,60,filterbank_riemann_recentered,10,13,1,-1
P3,pre,60,filterbank_riemann_recentered,10,14,-1,-1
P3,pre,60,filterbank_riemann_recentered,10,15,-1,-1
P3,pre,60,filterbank_riemann_recentered,10,16,1,-1
P3,pre,60,filterbank_riemann_recentered,10,17,-1,-1
P3,pre,60,filterbank_riemann_recentered,10,18,1,-1
P3,pre,60,filterbank_riemann_recentered,10,19,-1,-1
P3,pre,60,filterbank_riemann_recentered,10,20,1,-1
P3,pre,60,filterbank_csp_shrinkage_lda,20,21,-1,-1
P3,pre,60,filterbank_csp_shrinkage_lda,20,22,-1,-1
P3,pre,60,filterbank_csp_shrinkage_lda,20,23,-1,-1
P3,pre,60,filterbank_csp_shrinkage_lda,20,24,-1,1
P3,pre,60,filterbank_csp_shrinkage_lda,20,25,1,-1
P3,pre,60,filterbank_csp_shrinkage_lda,20,26,-1,-1
P3,pre,60,filterbank_csp_shrinkage_lda,20,27,1,1
P3,pre,60,filterbank_csp_shrinkage_lda,20,28,-1,-1
P3,pre,60,filterbank_csp_shrinkage_lda,20,29,1,1
P3,pre,60,filterbank_csp_shrinkage_lda,20,30,-1,1
P3,pre,60,filterbank_riemann_recentered,20,21,-1,-1
P3,pre,60,filterbank_riemann_recentered,20,22,-1,-1
P3,pre,60,filterbank_riemann_recentered,20,23,-1,-1
P3,pre,60,filterbank_riemann_recentered,20,24,-1,1
P3,pre,60,filterbank_riemann_recentered,20,25,1,-1
P3,pre,60,filterbank_riemann_recentered,20,26,-1,-1
P3,pre,60,filterbank_riemann_recentered,20,27,1,1
P3,pre,60,filterbank_riemann_recentered,20,28,-1,-1
P3,pre,60,filterbank_riemann_recentered,20,29,1,1
P3,pre,60,filterbank_riemann_recentered,20,30,-1,1
P3,pre,60,filterbank_csp_shrinkage_lda,30,31,-1,1
P3,pre,60,filterbank_csp_shrinkage_lda,30,32,-1,-1
P3,pre,60,filterbank_csp_shrinkage_lda,30,33,1,-1
P3,pre,60,filterbank_csp_shrinkage_lda,30,34,1,-1
P3,pre,60,filterbank_csp_shrinkage_lda,30,35,1,-1
P3,pre,60,filterbank_csp_shrinkage_lda,30,36,1,-1
P3,pre,60,filterbank_csp_shrinkage_lda,30,37,1,1
P3,pre,60,filterbank_csp_shrinkage_lda,30,38,1,1
P3,pre,60,filterbank_csp_shrinkage_lda,30,39,-1,-1
P3,pre,60,filterbank_csp_shrinkage_lda,30,40,1,1
P3,pre,60,filterbank_riemann_recentered,30,31,-1,-1
P3,pre,60,filterbank_riemann_recentered,30,32,-1,-1
P3,pre,60,filterbank_riemann_recentered,30,33,1,-1
P3,pre,60,filterbank_riemann_recentered,30,34,1,-1
P3,pre,60,filterbank_riemann_recentered,30,35,1,1
P3,pre,60,filterbank_riemann_recentered,30,36,1,-1
P3,pre,60,filterbank_riemann_recentered,30,37,1,-1
P3,pre,60,filterbank_riemann_recentered,30,38,1,-1
P3,pre,60,filterbank_riemann_recentered,30,39,-1,-1
P3,pre,60,filterbank_riemann_recentered,30,40,1,-1
P3,pre,60,filterbank_csp_shrinkage_lda,40,41,-1,-1
P3,pre,60,filterbank_csp_shrinkage_lda,40,42,-1,1
P3,pre,60,filterbank_csp_shrinkage_lda,40,43,-1,-1
P3,pre,60,filterbank_csp_shrinkage_lda,40,44,1,1
P3,pre,60,filterbank_csp_shrinkage_lda,40,45,-1,-1
P3,pre,60,filterbank_csp_shrinkage_lda,40,46,1,1
P3,pre,60,filterbank_csp_shrinkage_lda,40,47,1,1
P3,pre,60,filterbank_csp_shrinkage_lda,40,48,-1,-1
P3,pre,60,filterbank_csp_shrinkage_lda,40,49,1,1
P3,pre,60,filterbank_csp_shrinkage_lda,40,50,1,-1
P3,pre,60,filterbank_riemann_recentered,40,41,-1,-1
P3,pre,60,filterbank_riemann_recentered,40,42,-1,1
P3,pre,60,filterbank_riemann_recentered,40,43,-1,-1
P3,pre,60,filterbank_riemann_recentered,40,44,1,1
P3,pre,60,filterbank_riemann_recentered,40,45,-1,-1
P3,pre,60,filterbank_riemann_recentered,40,46,1,1
P3,pre,60,filterbank_riemann_recentered,40,47,1,-1
P3,pre,60,filterbank_riemann_recentered,40,48,-1,-1
P3,pre,60,filterbank_riemann_recentered,40,49,1,1
P3,pre,60,filterbank_riemann_recentered,40,50,1,-1
P3,pre,60,filterbank_csp_shrinkage_lda,50,51,1,-1
P3,pre,60,filterbank_csp_shrinkage_lda,50,52,1,-1
P3,pre,60,filterbank_csp_shrinkage_lda,50,53,1,1
P3,pre,60,filterbank_csp_shrinkage_lda,50,54,-1,-1
P3,pre,60,filterbank_csp_shrinkage_lda,50,55,-1,-1
P3,pre,60,filterbank_csp_shrinkage_lda,50,56,1,1
P3,pre,60,filterbank_csp_shrinkage_lda,50,57,-1,-1
P3,pre,60,filterbank_csp_shrinkage_lda,50,58,1,1
P3,pre,60,filterbank_csp_shrinkage_lda,50,59,-1,-1
P3,pre,60,filterbank_csp_shrinkage_lda,50,60,-1,-1
P3,pre,60,filterbank_riemann_recentered,50,51,1,1
P3,pre,60,filterbank_riemann_recentered,50,52,1,-1
P3,pre,60,filterbank_riemann_recentered,50,53,1,1
P3,pre,60,filterbank_riemann_recentered,50,54,-1,-1
P3,pre,60,filterbank_riemann_recentered,50,55,-1,1
P3,pre,60,filterbank_riemann_recentered,50,56,1,1
P3,pre,60,filterbank_riemann_recentered,50,57,-1,-1
P3,pre,60,filterbank_riemann_recentered,50,58,1,1
P3,pre,60,filterbank_riemann_recentered,50,59,-1,-1
P3,pre,60,filterbank_riemann_recentered,50,60,-1,-1
P3,post,20,filterbank_csp_shrinkage_lda,10,11,-1,-1
P3,post,20,filterbank_csp_shrinkage_lda,10,12,-1,-1
P3,post,20,filterbank_csp_shrinkage_lda,10,13,-1,-1
P3,post,20,filterbank_csp_shrinkage_lda,10,14,-1,-1
P3,post,20,filterbank_csp_shrinkage_lda,10,15,-1,-1
P3,post,20,filterbank_csp_shrinkage_lda,10,16,1,-1
P3,post,20,filterbank_csp_shrinkage_lda,10,17,1,-1
P3,post,20,filterbank_csp_shrinkage_lda,10,18,-1,-1
P3,post,20,filterbank_csp_shrinkage_lda,10,19,1,-1
P3,post,20,filterbank_csp_shrinkage_lda,10,20,1,-1
P3,post,20,filterbank_riemann_recentered,10,11,-1,-1
P3,post,20,filterbank_riemann_recentered,10,12,-1,-1
P3,post,20,filterbank_riemann_recentered,10,13,-1,-1
P3,post,20,filterbank_riemann_recentered,10,14,-1,-1
P3,post,20,filterbank_riemann_recentered,10,15,-1,-1
P3,post,20,filterbank_riemann_recentered,10,16,1,-1
P3,post,20,filterbank_riemann_recentered,10,17,1,-1
P3,post,20,filterbank_riemann_recentered,10,18,-1,-1
P3,post,20,filterbank_riemann_recentered,10,19,1,-1
P3,post,20,filterbank_riemann_recentered,10,20,1,-1
P3,post,40,filterbank_csp_shrinkage_lda,10,11,-1,-1
P3,post,40,filterbank_csp_shrinkage_lda,10,12,-1,-1
P3,post,40,filterbank_csp_shrinkage_lda,10,13,-1,-1
P3,post,40,filterbank_csp_shrinkage_lda,10,14,-1,-1
P3,post,40,filterbank_csp_shrinkage_lda,10,15,-1,-1
P3,post,40,filterbank_csp_shrinkage_lda,10,16,1,-1
P3,post,40,filterbank_csp_shrinkage_lda,10,17,1,-1
P3,post,40,filterbank_csp_shrinkage_lda,10,18,-1,-1
P3,post,40,filterbank_csp_shrinkage_lda,10,19,1,-1
P3,post,40,filterbank_csp_shrinkage_lda,10,20,1,-1
P3,post,40,filterbank_riemann_recentered,10,11,-1,-1
P3,post,40,filterbank_riemann_recentered,10,12,-1,-1
P3,post,40,filterbank_riemann_recentered,10,13,-1,-1
P3,post,40,filterbank_riemann_recentered,10,14,-1,-1
P3,post,40,filterbank_riemann_recentered,10,15,-1,-1
P3,post,40,filterbank_riemann_recentered,10,16,1,-1
P3,post,40,filterbank_riemann_recentered,10,17,1,-1
P3,post,40,filterbank_riemann_recentered,10,18,-1,-1
P3,post,40,filterbank_riemann_recentered,10,19,1,-1
P3,post,40,filterbank_riemann_recentered,10,20,1,-1
P3,post,40,filterbank_csp_shrinkage_lda,20,21,-1,-1
P3,post,40,filterbank_csp_shrinkage_lda,20,22,1,-1
P3,post,40,filterbank_csp_shrinkage_lda,20,23,1,-1
P3,post,40,filterbank_csp_shrinkage_lda,20,24,1,-1
P3,post,40,filterbank_csp_shrinkage_lda,20,25,-1,-1
P3,post,40,filterbank_csp_shrinkage_lda,20,26,-1,-1
P3,post,40,filterbank_csp_shrinkage_lda,20,27,-1,-1
P3,post,40,filterbank_csp_shrinkage_lda,20,28,1,1
P3,post,40,filterbank_csp_shrinkage_lda,20,29,-1,-1
P3,post,40,filterbank_csp_shrinkage_lda,20,30,1,1
P3,post,40,filterbank_riemann_recentered,20,21,-1,-1
P3,post,40,filterbank_riemann_recentered,20,22,1,-1
P3,post,40,filterbank_riemann_recentered,20,23,1,-1
P3,post,40,filterbank_riemann_recentered,20,24,1,-1
P3,post,40,filterbank_riemann_recentered,20,25,-1,-1
P3,post,40,filterbank_riemann_recentered,20,26,-1,-1
P3,post,40,filterbank_riemann_recentered,20,27,-1,-1
P3,post,40,filterbank_riemann_recentered,20,28,1,-1
P3,post,40,filterbank_riemann_recentered,20,29,-1,-1
P3,post,40,filterbank_riemann_recentered,20,30,1,-1
P3,post,40,filterbank_csp_shrinkage_lda,30,31,-1,-1
P3,post,40,filterbank_csp_shrinkage_lda,30,32,-1,-1
P3,post,40,filterbank_csp_shrinkage_lda,30,33,1,1
P3,post,40,filterbank_csp_shrinkage_lda,30,34,1,-1
P3,post,40,filterbank_csp_shrinkage_lda,30,35,1,1
P3,post,40,filterbank_csp_shrinkage_lda,30,36,1,-1
P3,post,40,filterbank_csp_shrinkage_lda,30,37,-1,-1
P3,post,40,filterbank_csp_shrinkage_lda,30,38,1,1
P3,post,40,filterbank_csp_shrinkage_lda,30,39,-1,-1
P3,post,40,filterbank_csp_shrinkage_lda,30,40,-1,-1
P3,post,40,filterbank_riemann_recentered,30,31,-1,-1
P3,post,40,filterbank_riemann_recentered,30,32,-1,-1
P3,post,40,filterbank_riemann_recentered,30,33,1,-1
P3,post,40,filterbank_riemann_recentered,30,34,1,1
P3,post,40,filterbank_riemann_recentered,30,35,1,-1
P3,post,40,filterbank_riemann_recentered,30,36,1,-1
P3,post,40,filterbank_riemann_recentered,30,37,-1,-1
P3,post,40,filterbank_riemann_recentered,30,38,1,-1
P3,post,40,filterbank_riemann_recentered,30,39,-1,-1
P3,post,40,filterbank_riemann_recentered,30,40,-1,1
P3,post,60,filterbank_csp_shrinkage_lda,10,11,-1,-1
P3,post,60,filterbank_csp_shrinkage_lda,10,12,-1,-1
P3,post,60,filterbank_csp_shrinkage_lda,10,13,-1,-1
P3,post,60,filterbank_csp_shrinkage_lda,10,14,-1,-1
P3,post,60,filterbank_csp_shrinkage_lda,10,15,-1,-1
P3,post,60,filterbank_csp_shrinkage_lda,10,16,1,-1
P3,post,60,filterbank_csp_shrinkage_lda,10,17,1,-1
P3,post,60,filterbank_csp_shrinkage_lda,10,18,-1,-1
P3,post,60,filterbank_csp_shrinkage_lda,10,19,1,-1
P3,post,60,filterbank_csp_shrinkage_lda,10,20,1,-1
P3,post,60,filterbank_riemann_recentered,10,11,-1,-1
P3,post,60,filterbank_riemann_recentered,10,12,-1,-1
P3,post,60,filterbank_riemann_recentered,10,13,-1,-1
P3,post,60,filterbank_riemann_recentered,10,14,-1,-1
P3,post,60,filterbank_riemann_recentered,10,15,-1,-1
P3,post,60,filterbank_riemann_recentered,10,16,1,-1
P3,post,60,filterbank_riemann_recentered,10,17,1,-1
P3,post,60,filterbank_riemann_recentered,10,18,-1,-1
P3,post,60,filterbank_riemann_recentered,10,19,1,-1
P3,post,60,filterbank_riemann_recentered,10,20,1,-1
P3,post,60,filterbank_csp_shrinkage_lda,20,21,-1,-1
P3,post,60,filterbank_csp_shrinkage_lda,20,22,1,-1
P3,post,60,filterbank_csp_shrinkage_lda,20,23,1,-1
P3,post,60,filterbank_csp_shrinkage_lda,20,24,1,-1
P3,post,60,filterbank_csp_shrinkage_lda,20,25,-1,-1
P3,post,60,filterbank_csp_shrinkage_lda,20,26,-1,-1
P3,post,60,filterbank_csp_shrinkage_lda,20,27,-1,-1
P3,post,60,filterbank_csp_shrinkage_lda,20,28,1,1
P3,post,60,filterbank_csp_shrinkage_lda,20,29,-1,-1
P3,post,60,filterbank_csp_shrinkage_lda,20,30,1,1
P3,post,60,filterbank_riemann_recentered,20,21,-1,-1
P3,post,60,filterbank_riemann_recentered,20,22,1,-1
P3,post,60,filterbank_riemann_recentered,20,23,1,-1
P3,post,60,filterbank_riemann_recentered,20,24,1,-1
P3,post,60,filterbank_riemann_recentered,20,25,-1,-1
P3,post,60,filterbank_riemann_recentered,20,26,-1,-1
P3,post,60,filterbank_riemann_recentered,20,27,-1,-1
P3,post,60,filterbank_riemann_recentered,20,28,1,-1
P3,post,60,filterbank_riemann_recentered,20,29,-1,-1
P3,post,60,filterbank_riemann_recentered,20,30,1,-1
P3,post,60,filterbank_csp_shrinkage_lda,30,31,-1,-1
P3,post,60,filterbank_csp_shrinkage_lda,30,32,-1,-1
P3,post,60,filterbank_csp_shrinkage_lda,30,33,1,1
P3,post,60,filterbank_csp_shrinkage_lda,30,34,1,-1
P3,post,60,filterbank_csp_shrinkage_lda,30,35,1,1
P3,post,60,filterbank_csp_shrinkage_lda,30,36,1,-1
P3,post,60,filterbank_csp_shrinkage_lda,30,37,-1,-1
P3,post,60,filterbank_csp_shrinkage_lda,30,38,1,1
P3,post,60,filterbank_csp_shrinkage_lda,30,39,-1,-1
P3,post,60,filterbank_csp_shrinkage_lda,30,40,-1,-1
P3,post,60,filterbank_riemann_recentered,30,31,-1,-1
P3,post,60,filterbank_riemann_recentered,30,32,-1,-1
P3,post,60,filterbank_riemann_recentered,30,33,1,-1
P3,post,60,filterbank_riemann_recentered,30,34,1,1
P3,post,60,filterbank_riemann_recentered,30,35,1,-1
P3,post,60,filterbank_riemann_recentered,30,36,1,-1
P3,post,60,filterbank_riemann_recentered,30,37,-1,-1
P3,post,60,filterbank_riemann_recentered,30,38,1,-1
P3,post,60,filterbank_riemann_recentered,30,39,-1,-1
P3,post,60,filterbank_riemann_recentered,30,40,-1,1
P3,post,60,filterbank_csp_shrinkage_lda,40,41,1,1
P3,post,60,filterbank_csp_shrinkage_lda,40,42,-1,1
P3,post,60,filterbank_csp_shrinkage_lda,40,43,-1,-1
P3,post,60,filterbank_csp_shrinkage_lda,40,44,-1,-1
P3,post,60,filterbank_csp_shrinkage_lda,40,45,1,1
P3,post,60,filterbank_csp_shrinkage_lda,40,46,-1,-1
P3,post,60,filterbank_csp_shrinkage_lda,40,47,1,1
P3,post,60,filterbank_csp_shrinkage_lda,40,48,1,1
P3,post,60,filterbank_csp_shrinkage_lda,40,49,1,-1
P3,post,60,filterbank_csp_shrinkage_lda,40,50,-1,-1
P3,post,60,filterbank_riemann_recentered,40,41,1,-1
P3,post,60,filterbank_riemann_recentered,40,42,-1,-1
P3,post,60,filterbank_riemann_recentered,40,43,-1,-1
P3,post,60,filterbank_riemann_recentered,40,44,-1,1
P3,post,60,filterbank_riemann_recentered,40,45,1,-1
P3,post,60,filterbank_riemann_recentered,40,46,-1,-1
P3,post,60,filterbank_riemann_recentered,40,47,1,-1
P3,post,60,filterbank_riemann_recentered,40,48,1,-1
P3,post,60,filterbank_riemann_recentered,40,49,1,-1
P3,post,60,filterbank_riemann_recentered,40,50,-1,-1
P3,post,60,filterbank_csp_shrinkage_lda,50,51,-1,-1
P3,post,60,filterbank_csp_shrinkage_lda,50,52,1,1
P3,post,60,filterbank_csp_shrinkage_lda,50,53,-1,1
P3,post,60,filterbank_csp_shrinkage_lda,50,54,-1,-1
P3,post,60,filterbank_csp_shrinkage_lda,50,55,-1,1
P3,post,60,filterbank_csp_shrinkage_lda,50,56,1,-1
P3,post,60,filterbank_csp_shrinkage_lda,50,57,1,1
P3,post,60,filterbank_csp_shrinkage_lda,50,58,1,-1
P3,post,60,filterbank_csp_shrinkage_lda,50,59,-1,-1
P3,post,60,filterbank_csp_shrinkage_lda,50,60,1,-1
P3,post,60,filterbank_riemann_recentered,50,51,-1,-1
P3,post,60,filterbank_riemann_recentered,50,52,1,-1
P3,post,60,filterbank_riemann_recentered,50,53,-1,-1
P3,post,60,filterbank_riemann_recentered,50,54,-1,-1
P3,post,60,filterbank_riemann_recentered,50,55,-1,1
P3,post,60,filterbank_riemann_recentered,50,56,1,-1
P3,post,60,filterbank_riemann_recentered,50,57,1,-1
P3,post,60,filterbank_riemann_recentered,50,58,1,-1
P3,post,60,filterbank_riemann_recentered,50,59,-1,-1
P3,post,60,filterbank_riemann_recentered,50,60,1,-1
