session,protocol,trial,label,p_left
P1_pre,shuffled_inner,0,-1,0.7055732613272084
P1_pre,shuffled_inner,1,-1,0.5400194144025766
P1_pre,shuffled_inner,2,-1,0.6109500829432472
P1_pre,shuffled_inner,3,-1,0.5315380460855299
P1_pre,shuffled_inner,4,-1,0.6902246090569114
P1_pre,shuffled_inner,5,1,0.9159107872940987
P1_pre,shuffled_inner,6,-1,0.8598161818443059
P1_pre,shuffled_inner,7,1,0.9950459356052417
P1_pre,shuffled_inner,8,-1,0.5938681325240446
P1_pre,shuffled_inner,9,1,0.9212269409960381
P1_pre,shuffled_inner,10,-1,0.4177446263346025
P1_pre,shuffled_inner,11,-1,0.3491658014769194
P1_pre,shuffled_inner,12,-1,0.5120994210557407
P1_pre,shuffled_inner,13,1,0.9115463900267182
P1_pre,shuffled_inner,14,-1,0.19331172019362866
P1_pre,shuffled_inner,15,-1,0.044898355345122695
P1_pre,shuffled_inner,16,-1,0.32472346490449894
P1_pre,shuffled_inner,17,-1,0.16230203563123177
P1_pre,shuffled_inner,18,1,0.8706840732964718
P1_pre,shuffled_inner,19,-1,0.029434543521258412
P1_pre,shuffled_inner,20,1,0.8992091433769613
P1_pre,shuffled_inner,21,1,0.8006339980454462
P1_pre,shuffled_inner,22,1,0.3055384456858045
P1_pre,shuffled_inner,23,-1,0.08418020488062042
P1_pre,shuffled_inner,24,1,0.6694176247135044
P1_pre,shuffled_inner,25,1,0.5868177701891845
P1_pre,shuffled_inner,26,-1,0.004754242766951415
P1_pre,shuffled_inner,27,-1,0.028464367560177357
P1_pre,shuffled_inner,28,1,0.9990410554825587
P1_pre,shuffled_inner,29,-1,0.3999259829871794
P1_pre,shuffled_inner,30,-1,0.26636790167562346
P1_pre,shuffled_inner,31,-1,0.21179643606536397
P1_pre,shuffled_inner,32,1,0.7993702805775666
P1_pre,shuffled_inner,33,-1,0.3838995780428944
P1_pre,shuffled_inner,34,1,0.8538658968494435
P1_pre,shuffled_inner,35,1,0.771392889620677
P1_pre,shuffled_inner,36,-1,0.12989239653616147
P1_pre,shuffled_inner,37,1,0.953435289095943
P1_pre,shuffled_inner,38,1,0.6979056276082405
P1_pre,shuffled_inner,39,1,0.8676325872661731
P1_pre,shuffled_inner,40,-1,0.12048405660862543
P1_pre,shuffled_inner,41,-1,0.01804926972879918
P1_pre,shuffled_inner,42,1,0.7635963721633304
P1_pre,shuffled_inner,43,1,0.6269352198611196
P1_pre,shuffled_inner,44,1,0.46200577037391055
P1_pre,shuffled_inner,45,-1,0.20423698619794078
P1_pre,shuffled_inner,46,1,0.6197445921256169
P1_pre,shuffled_inner,47,-1,0.15455573274645737
P1_pre,shuffled_inner,48,-1,0.0015663826237856408
P1_pre,shuffled_inner,49,1,0.9999959592115721
P1_pre,shuffled_inner,50,-1,0.013304343398166397
P1_pre,shuffled_inner,51,1,0.999999888562092
P1_pre,shuffled_inner,52,1,0.1695839313202325
P1_pre,shuffled_inner,53,-1,0.47223116075816235
P1_pre,shuffled_inner,54,-1,0.025960600227190225
P1_pre,shuffled_inner,55,1,0.9609134880954936
P1_pre,shuffled_inner,56,-1,0.003087322114518654
P1_pre,shuffled_inner,57,1,0.9944944183691448
P1_pre,shuffled_inner,58,1,0.4203814796344625
P1_pre,shuffled_inner,59,1,0.9981271518233685
P1_pre,shuffled_inner,60,-1,0.03986976961021216
P1_pre,shuffled_inner,61,1,0.9998683561891966
P1_pre,shuffled_inner,62,1,0.999659222072679
P1_pre,shuffled_inner,63,-1,0.21128668664134082
P1_pre,shuffled_inner,64,1,0.6573000957741814
P1_pre,shuffled_inner,65,1,0.5358868073574263
P1_pre,shuffled_inner,66,1,0.5391599735103835
P1_pre,shuffled_inner,67,1,0.5441531156857695
P1_pre,shuffled_inner,68,1,0.5431772548720878
P1_pre,shuffled_inner,69,1,0.64559964347997
P1_pre,shuffled_inner,70,1,0.7893411189795264
P1_pre,shuffled_inner,71,-1,0.2214189194679858
P1_pre,shuffled_inner,72,1,0.848822099086635
P1_pre,shuffled_inner,73,1,0.45432144154878257
P1_pre,shuffled_inner,74,1,0.8014159873973926
P1_pre,shuffled_inner,75,-1,0.2326335732232298
P1_pre,shuffled_inner,76,-1,0.21625110026740643
P1_pre,shuffled_inner,77,-1,0.19831250718760313
P1_pre,shuffled_inner,78,-1,0.366453727622602
P1_pre,shuffled_inner,79,-1,0.3783255110280297
P1_pre,blocked_inner,0,-1,0.1165699380194218
P1_pre,blocked_inner,1,-1,0.06585692087046134
P1_pre,blocked_inner,2,-1,0.3780477025074528
P1_pre,blocked_inner,3,-1,0.20189993879898532
P1_pre,blocked_inner,4,-1,0.19840903937642745
P1_pre,blocked_inner,5,1,0.9895096684466514
P1_pre,blocked_inner,6,-1,0.28779656469193154
P1_pre,blocked_inner,7,1,0.9020016231331179
P1_pre,blocked_inner,8,-1,0.6079273532467028
P1_pre,blocked_inner,9,1,0.9671699409557335
P1_pre,blocked_inner,10,-1,0.009122619273826545
P1_pre,blocked_inner,11,-1,0.27867304796078357
P1_pre,blocked_inner,12,-1,0.8709980340741936
P1_pre,blocked_inner,13,1,0.886851122789291
P1_pre,blocked_inner,14,-1,0.0167868134391141
P1_pre,blocked_inner,15,-1,0.1555014598077555
P1_pre,blocked_inner,16,-1,0.0013007601811057768
P1_pre,blocked_inner,17,-1,0.0006326614746055609
P1_pre,blocked_inner,18,1,0.9999871460649464
P1_pre,blocked_inner,19,-1,3.531734224437279e-10
P1_pre,blocked_inner,20,1,0.9999993543978818
P1_pre,blocked_inner,21,1,0.9999034019991201
P1_pre,blocked_inner,22,1,0.9999994240113679
P1_pre,blocked_inner,23,-1,1.5558748250322829e-07
P1_pre,blocked_inner,24,1,0.9999995019996073
P1_pre,blocked_inner,25,1,0.9981489438564696
P1_pre,blocked_inner,26,-1,1.8197671457248155e-06
P1_pre,blocked_inner,27,-1,0.013537586577430186
P1_pre,blocked_inner,28,1,0.9999999981379517
P1_pre,blocked_inner,29,-1,0.007787498010877375
P1_pre,blocked_inner,30,-1,0.0008644805807963113
P1_pre,blocked_inner,31,-1,9.782510878064461e-05
P1_pre,blocked_inner,32,1,0.7140221335359004
P1_pre,blocked_inner,33,-1,0.2436458084438228
P1_pre,blocked_inner,34,1,0.7505472118993809
P1_pre,blocked_inner,35,1,0.6531267608802851
P1_pre,blocked_inner,36,-1,0.17764640193591952
P1_pre,blocked_inner,37,1,0.8996789787707277
P1_pre,blocked_inner,38,1,0.7214214597473362
P1_pre,blocked_inner,39,1,0.6834791814980405
P1_pre,blocked_inner,40,-1,0.2822841113495319
P1_pre,blocked_inner,41,-1,0.2508828833856298
P1_pre,blocked_inner,42,1,0.791093228643995
P1_pre,blocked_inner,43,1,0.6564709896186144
P1_pre,blocked_inner,44,1,0.6024702053179886
P1_pre,blocked_inner,45,-1,0.22230434220795942
P1_pre,blocked_inner,46,1,0.8087666281329883
P1_pre,blocked_inner,47,-1,0.31480723458853027
P1_pre,blocked_inner,48,-1,0.0015663826237856408
P1_pre,blocked_inner,49,1,0.9999959592115721
P1_pre,blocked_inner,50,-1,0.013304343398166397
P1_pre,blocked_inner,51,1,0.999999888562092
P1_pre,blocked_inner,52,1,0.1695839313202325
P1_pre,blocked_inner,53,-1,0.47223116075816235
P1_pre,blocked_inner,54,-1,0.025960600227190225
P1_pre,blocked_inner,55,1,0.9609134880954936
P1_pre,blocked_inner,56,-1,0.003087322114518654
P1_pre,blocked_inner,57,1,0.9944944183691448
P1_pre,blocked_inner,58,1,0.4203814796344625
P1_pre,blocked_inner,59,1,0.9981271518233685
P1_pre,blocked_inner,60,-1,0.03986976961021216
P1_pre,blocked_inner,61,1,0.9998683561891966
P1_pre,blocked_inner,62,1,0.999659222072679
P1_pre,blocked_inner,63,-1,0.21128668664134082
P1_pre,blocked_inner,64,1,0.9997989027771274
P1_pre,blocked_inner,65,1,0.013048173069122778
P1_pre,blocked_inner,66,1,0.9283219651350263
P1_pre,blocked_inner,67,1,0.9963851535006625
P1_pre,blocked_inner,68,1,0.8192635989942297
P1_pre,blocked_inner,69,1,0.9895457343092531
P1_pre,blocked_inner,70,1,0.9994953667188107
P1_pre,blocked_inner,71,-1,0.00045415707288332607
P1_pre,blocked_inner,72,1,0.9999149890680322
P1_pre,blocked_inner,73,1,0.0565734757965745
P1_pre,blocked_inner,74,1,0.9985239235839681
P1_pre,blocked_inner,75,-1,8.436689266708584e-05
P1_pre,blocked_inner,76,-1,0.0035573589415310663
P1_pre,blocked_inner,77,-1,8.472168735476866e-05
P1_pre,blocked_inner,78,-1,0.0003679248911042065
P1_pre,blocked_inner,79,-1,0.007432327058613049
P1_post,shuffled_inner,0,-1,0.005047914461909341
P1_post,shuffled_inner,1,1,0.7707815798201499
P1_post,shuffled_inner,2,1,0.8027033201716947
P1_post,shuffled_inner,3,-1,1.5123451482422409e-05
P1_post,shuffled_inner,4,1,0.5216796870926652
P1_post,shuffled_inner,5,1,0.9978613596975927
P1_post,shuffled_inner,6,-1,0.002326206832507118
P1_post,shuffled_inner,7,-1,0.033722647339363886
P1_post,shuffled_inner,8,1,0.9099123073370066
P1_post,shuffled_inner,9,1,0.8157610890634079
P1_post,shuffled_inner,10,-1,0.08896309525909898
P1_post,shuffled_inner,11,-1,0.0028909531569755184
P1_post,shuffled_inner,12,1,0.7527869313259528
P1_post,shuffled_inner,13,-1,0.14099020329608664
P1_post,shuffled_inner,14,1,0.9954104613082202
P1_post,shuffled_inner,15,-1,0.00033323124802965776
P1_post,shuffled_inner,16,-1,2.713665798015784e-08
P1_post,shuffled_inner,17,1,0.9999999998314477
P1_post,shuffled_inner,18,-1,0.00013551693493894494
P1_post,shuffled_inner,19,-1,0.030631736077789993
P1_post,shuffled_inner,20,1,0.9999999997232587
P1_post,shuffled_inner,21,1,0.9999999736779497
P1_post,shuffled_inner,22,1,0.0002821155251079652
P1_post,shuffled_inner,23,-1,2.202793516937097e-11
P1_post,shuffled_inner,24,1,0.9999971886144228
P1_post,shuffled_inner,25,1,0.9999839402028268
P1_post,shuffled_inner,26,-1,2.8555100547899523e-07
P1_post,shuffled_inner,27,1,0.9999999999876339
P1_post,shuffled_inner,28,1,0.999954511356708
P1_post,shuffled_inner,29,-1,1.0601495033607971e-07
P1_post,shuffled_inner,30,-1,1.4300836904429611e-08
P1_post,shuffled_inner,31,-1,1.7744977937178082e-07
P1_post,shuffled_inner,32,1,0.9347184628589126
P1_post,shuffled_inner,33,-1,0.10437058449548575
P1_post,shuffled_inner,34,-1,0.17934340211809316
P1_post,shuffled_inner,35,1,0.9048917474002549
P1_post,shuffled_inner,36,-1,0.15460231035053917
P1_post,shuffled_inner,37,1,0.9482557159671798
P1_post,shuffled_inner,38,1,0.8822109049645127
P1_post,shuffled_inner,39,-1,0.2706265470870137
P1_post,shuffled_inner,40,1,0.7462256570234128
P1_post,shuffled_inner,41,1,0.8282606949075435
P1_post,shuffled_inner,42,-1,0.17990394170651136
P1_post,shuffled_inner,43,-1,0.1946021891883084
P1_post,shuffled_inner,44,1,0.9171363531797362
P1_post,shuffled_inner,45,-1,0.12997785884785137
P1_post,shuffled_inner,46,1,0.8844258795582947
P1_post,shuffled_inner,47,-1,0.21086740299958526
P1_post,shuffled_inner,48,-1,0.12846839038339491
P1_post,shuffled_inner,49,1,0.9997476944024088
P1_post,shuffled_inner,50,-1,0.00297625213959116
P1_post,shuffled_inner,51,-1,0.0002768975403900823
P1_post,shuffled_inner,52,1,0.9998976806285752
P1_post,shuffled_inner,53,1,0.9999487465365476
P1_post,shuffled_inner,54,-1,0.026162378823574726
P1_post,shuffled_inner,55,-1,0.0743312308530232
P1_post,shuffled_inner,56,1,0.9999406649084427
P1_post,shuffled_inner,57,1,0.8737758623001954
P1_post,shuffled_inner,58,-1,0.00010385845425187951
P1_post,shuffled_inner,59,-1,0.03676302038455463
P1_post,shuffled_inner,60,-1,0.22552892513773765
P1_post,shuffled_inner,61,1,0.9995989865018897
P1_post,shuffled_inner,62,1,0.9997514602445308
P1_post,shuffled_inner,63,1,0.8742566793218238
P1_post,shuffled_inner,64,-1,0.0178414627520902
P1_post,shuffled_inner,65,1,0.9755891738212837
P1_post,shuffled_inner,66,-1,0.07586358081312725
P1_post,shuffled_inner,67,-1,0.03289708542872468
P1_post,shuffled_inner,68,1,0.9823909509696653
P1_post,shuffled_inner,69,1,0.9775253587152056
P1_post,shuffled_inner,70,-1,0.043803102523582854
P1_post,shuffled_inner,71,1,0.9752088412738303
P1_post,shuffled_inner,72,-1,0.00880454775440168
P1_post,shuffled_inner,73,-1,0.06246321524604234
P1_post,shuffled_inner,74,-1,0.08434661465267196
P1_post,shuffled_inner,75,1,0.9631802563655079
P1_post,shuffled_inner,76,1,0.9178472316810505
P1_post,shuffled_inner,77,1,0.9290808664925315
P1_post,shuffled_inner,78,-1,0.09706484603800469
P1_post,shuffled_inner,79,1,0.9859796159403124
P1_post,blocked_inner,0,-1,0.005187755447628875
P1_post,blocked_inner,1,1,0.9999963048746798
P1_post,blocked_inner,2,1,0.9999999007220851
P1_post,blocked_inner,3,-1,1.940949407035294e-10
P1_post,blocked_inner,4,1,0.9999957266633334
P1_post,blocked_inner,5,1,0.999949112168396
P1_post,blocked_inner,6,-1,3.1368348421566006e-10
P1_post,blocked_inner,7,-1,1.5503454563515017e-06
P1_post,blocked_inner,8,1,0.9999999999557287
P1_post,blocked_inner,9,1,0.9999960589141319
P1_post,blocked_inner,10,-1,9.132506860707624e-09
P1_post,blocked_inner,11,-1,2.0035012403169557e-07
P1_post,blocked_inner,12,1,0.9999999999904932
P1_post,blocked_inner,13,-1,9.300327797277305e-05
P1_post,blocked_inner,14,1,0.9999941070429861
P1_post,blocked_inner,15,-1,6.876635882120988e-07
P1_post,blocked_inner,16,-1,7.58778824896178e-07
P1_post,blocked_inner,17,1,0.9999999774654228
P1_post,blocked_inner,18,-1,0.00025939155017525094
P1_post,blocked_inner,19,-1,0.11360468164794561
P1_post,blocked_inner,20,1,0.9999999967822364
P1_post,blocked_inner,21,1,0.9999990734569891
P1_post,blocked_inner,22,1,0.00024506227407767954
P1_post,blocked_inner,23,-1,5.496087244180479e-10
P1_post,blocked_inner,24,1,0.999969932373108
P1_post,blocked_inner,25,1,0.9999182606352803
P1_post,blocked_inner,26,-1,8.908468338691801e-06
P1_post,blocked_inner,27,1,0.9999999899055324
P1_post,blocked_inner,28,1,0.9969854124947205
P1_post,blocked_inner,29,-1,1.5069158994045219e-06
P1_post,blocked_inner,30,-1,3.9030504840466756e-08
P1_post,blocked_inner,31,-1,3.197720042902017e-08
P1_post,blocked_inner,32,1,0.9999976145924226
P1_post,blocked_inner,33,-1,0.003259187801417892
P1_post,blocked_inner,34,-1,0.006769166923240186
P1_post,blocked_inner,35,1,0.9999954123424137
P1_post,blocked_inner,36,-1,0.0075490815632367906
P1_post,blocked_inner,37,1,0.9994998989695778
P1_post,blocked_inner,38,1,0.9986994503905922
P1_post,blocked_inner,39,-1,0.20094463310212982
P1_post,blocked_inner,40,1,0.9688043375994849
P1_post,blocked_inner,41,1,0.9999987437660962
P1_post,blocked_inner,42,-1,0.2022675273268805
P1_post,blocked_inner,43,-1,0.0015602683428698608
P1_post,blocked_inner,44,1,0.9999325489194386
P1_post,blocked_inner,45,-1,0.16986121490730052
P1_post,blocked_inner,46,1,0.9753917737076725
P1_post,blocked_inner,47,-1,0.165432090942195
P1_post,blocked_inner,48,-1,0.12846839038339491
P1_post,blocked_inner,49,1,0.9997476944024088
P1_post,blocked_inner,50,-1,0.00297625213959116
P1_post,blocked_inner,51,-1,0.0002768975403900823
P1_post,blocked_inner,52,1,0.9998976806285752
P1_post,blocked_inner,53,1,0.9999487465365476
P1_post,blocked_inner,54,-1,0.026162378823574726
P1_post,blocked_inner,55,-1,0.0743312308530232
P1_post,blocked_inner,56,1,0.9999406649084427
P1_post,blocked_inner,57,1,0.8737758623001954
P1_post,blocked_inner,58,-1,0.00010385845425187951
P1_post,blocked_inner,59,-1,0.03676302038455463
P1_post,blocked_inner,60,-1,0.22552892513773765
P1_post,blocked_inner,61,1,0.9995989865018897
P1_post,blocked_inner,62,1,0.9997514602445308
P1_post,blocked_inner,63,1,0.8742566793218238
P1_post,blocked_inner,64,-1,8.223910017644935e-09
P1_post,blocked_inner,65,1,0.9999999999971763
P1_post,blocked_inner,66,-1,8.58549901671762e-10
P1_post,blocked_inner,67,-1,1.225324452412052e-10
P1_post,blocked_inner,68,1,0.9999999996045061
P1_post,blocked_inner,69,1,0.9999999999998128
P1_post,blocked_inner,70,-1,8.398661998004729e-12
P1_post,blocked_inner,71,1,0.9999999990937694
P1_post,blocked_inner,72,-1,7.110171800565415e-16
P1_post,blocked_inner,73,-1,3.944211698190593e-09
P1_post,blocked_inner,74,-1,3.575380850901126e-08
P1_post,blocked_inner,75,1,0.9999999147876691
P1_post,blocked_inner,76,1,0.9999999860715354
P1_post,blocked_inner,77,1,0.9999999992528208
P1_post,blocked_inner,78,-1,8.73553797093625e-07
P1_post,blocked_inner,79,1,0.9999999999956402
P2_pre,shuffled_inner,0,-1,0.17285488211859107
P2_pre,shuffled_inner,1,-1,0.5252205273692935
P2_pre,shuffled_inner,2,-1,0.5396721880808609
P2_pre,shuffled_inner,3,1,0.6531461911869052
P2_pre,shuffled_inner,4,1,0.717478818301455
P2_pre,shuffled_inner,5,1,0.6514685776467823
P2_pre,shuffled_inner,6,1,0.7374990732885547
P2_pre,shuffled_inner,7,1,0.5556228637332796
P2_pre,shuffled_inner,8,1,0.38773129316767907
P2_pre,shuffled_inner,9,1,0.6842177736350831
P2_pre,shuffled_inner,10,-1,0.3300688787906952
P2_pre,shuffled_inner,11,-1,0.49752783056032435
P2_pre,shuffled_inner,12,-1,0.39644719720940796
P2_pre,shuffled_inner,13,1,0.7177128670853027
P2_pre,shuffled_inner,14,1,0.6822713923474873
P2_pre,shuffled_inner,15,-1,0.25691246313173927
P2_pre,shuffled_inner,16,1,0.8086251242490845
P2_pre,shuffled_inner,17,1,0.6051061821430112
P2_pre,shuffled_inner,18,1,0.607498904251585
P2_pre,shuffled_inner,19,1,0.5786576034328422
P2_pre,shuffled_inner,20,-1,0.38478727199459767
P2_pre,shuffled_inner,21,-1,0.4106760410735191
P2_pre,shuffled_inner,22,1,0.8536468315898126
P2_pre,shuffled_inner,23,-1,0.38501353721768283
P2_pre,shuffled_inner,24,1,0.8954317000095566
P2_pre,shuffled_inner,25,-1,0.4597197750576508
P2_pre,shuffled_inner,26,1,0.7920649346004094
P2_pre,shuffled_inner,27,-1,0.4892756272805458
P2_pre,shuffled_inner,28,1,0.5255381305391351
P2_pre,shuffled_inner,29,-1,0.3471720251473496
P2_pre,shuffled_inner,30,-1,0.46350698246608163
P2_pre,shuffled_inner,31,-1,0.22678257133147456
P2_pre,shuffled_inner,32,-1,0.231490908981913
P2_pre,shuffled_inner,33,-1,0.18412514962587592
P2_pre,shuffled_inner,34,-1,0.20109025800119104
P2_pre,shuffled_inner,35,1,0.9455957627067896
P2_pre,shuffled_inner,36,1,0.949601112731948
P2_pre,shuffled_inner,37,1,0.615481950406689
P2_pre,shuffled_inner,38,-1,0.280457677035101
P2_pre,shuffled_inner,39,-1,0.24647200904436806
P2_pre,shuffled_inner,40,1,0.5214174066492246
P2_pre,shuffled_inner,41,1,0.7561698879262608
P2_pre,shuffled_inner,42,1,0.9006031339313684
P2_pre,shuffled_inner,43,1,0.6622108593392518
P2_pre,shuffled_inner,44,1,0.8266595618921097
P2_pre,shuffled_inner,45,1,0.519759583231684
P2_pre,shuffled_inner,46,-1,0.40284527920884955
P2_pre,shuffled_inner,47,-1,0.3068135990743812
P2_pre,shuffled_inner,48,-1,0.25000791500561714
P2_pre,shuffled_inner,49,-1,0.02802322290210191
P2_pre,shuffled_inner,50,-1,0.8574745214699487
P2_pre,shuffled_inner,51,1,0.9167205724629592
P2_pre,shuffled_inner,52,1,0.14950672166118378
P2_pre,shuffled_inner,53,1,0.29280315984547844
P2_pre,shuffled_inner,54,-1,0.07721104372696727
P2_pre,shuffled_inner,55,-1,0.1610663462894803
P2_pre,shuffled_inner,56,-1,0.0008014809171527454
P2_pre,shuffled_inner,57,1,0.8251481932854873
P2_pre,shuffled_inner,58,-1,0.00013692425957866666
P2_pre,shuffled_inner,59,1,0.001197100762834131
P2_pre,shuffled_inner,60,-1,0.0007312787255881008
P2_pre,shuffled_inner,61,-1,0.016655562604522143
P2_pre,shuffled_inner,62,1,0.6577076884950592
P2_pre,shuffled_inner,63,-1,0.19161696804457734
P2_pre,shuffled_inner,64,1,0.7828825303245067
P2_pre,shuffled_inner,65,-1,0.44322369261181715
P2_pre,shuffled_inner,66,1,0.706876618260567
P2_pre,shuffled_inner,67,1,0.6530000571456953
P2_pre,shuffled_inner,68,1,0.5063872937920779
P2_pre,shuffled_inner,69,-1,0.1378694692543217
P2_pre,shuffled_inner,70,1,0.7183698349889345
P2_pre,shuffled_inner,71,-1,0.20372502916195587
P2_pre,shuffled_inner,72,-1,0.36072292127952466
P2_pre,shuffled_inner,73,-1,0.4203744599535966
P2_pre,shuffled_inner,74,-1,0.4280433067014711
P2_pre,shuffled_inner,75,1,0.787890219751422
P2_pre,shuffled_inner,76,-1,0.3630788230434829
P2_pre,shuffled_inner,77,-1,0.26025181779991213
P2_pre,shuffled_inner,78,1,0.4476131901744433
P2_pre,shuffled_inner,79,1,0.4405219800921316
P2_pre,blocked_inner,0,-1,0.17285488211859107
P2_pre,blocked_inner,1,-1,0.5252205273692935
P2_pre,blocked_inner,2,-1,0.5396721880808609
P2_pre,blocked_inner,3,1,0.6531461911869052
P2_pre,blocked_inner,4,1,0.717478818301455
P2_pre,blocked_inner,5,1,0.6514685776467823
P2_pre,blocked_inner,6,1,0.7374990732885547
P2_pre,blocked_inner,7,1,0.5556228637332796
P2_pre,blocked_inner,8,1,0.38773129316767907
P2_pre,blocked_inner,9,1,0.6842177736350831
P2_pre,blocked_inner,10,-1,0.3300688787906952
P2_pre,blocked_inner,11,-1,0.49752783056032435
P2_pre,blocked_inner,12,-1,0.39644719720940796
P2_pre,blocked_inner,13,1,0.7177128670853027
P2_pre,blocked_inner,14,1,0.6822713923474873
P2_pre,blocked_inner,15,-1,0.25691246313173927
P2_pre,blocked_inner,16,1,0.8120918978506418
P2_pre,blocked_inner,17,1,0.4927867637995139
P2_pre,blocked_inner,18,1,0.744299681757061
P2_pre,blocked_inner,19,1,0.822836096310937
P2_pre,blocked_inner,20,-1,0.6370749547842127
P2_pre,blocked_inner,21,-1,0.428718195145687
P2_pre,blocked_inner,22,1,0.9836557343639498
P2_pre,blocked_inner,23,-1,0.480066174091669
P2_pre,blocked_inner,24,1,0.9380704485312832
P2_pre,blocked_inner,25,-1,0.2985834610196005
P2_pre,blocked_inner,26,1,0.9545055968119778
P2_pre,blocked_inner,27,-1,0.2807599296155473
P2_pre,blocked_inner,28,1,0.4545678876047481
P2_pre,blocked_inner,29,-1,0.2763901234618106
P2_pre,blocked_inner,30,-1,0.4959980190508973
P2_pre,blocked_inner,31,-1,0.5686042133641438
P2_pre,blocked_inner,32,-1,0.02620306409066548
P2_pre,blocked_inner,33,-1,0.039967540289615106
P2_pre,blocked_inner,34,-1,0.3129847785868126
P2_pre,blocked_inner,35,1,0.991335672653647
P2_pre,blocked_inner,36,1,0.716089107930283
P2_pre,blocked_inner,37,1,0.8375298991126631
P2_pre,blocked_inner,38,-1,0.004351676901276784
P2_pre,blocked_inner,39,-1,0.6753646159628695
P2_pre,blocked_inner,40,1,0.2960637602758834
P2_pre,blocked_inner,41,1,0.5424429075822245
P2_pre,blocked_inner,42,1,0.9991717853111887
P2_pre,blocked_inner,43,1,0.9865462361530815
P2_pre,blocked_inner,44,1,0.9711062290264558
P2_pre,blocked_inner,45,1,0.9589121136132619
P2_pre,blocked_inner,46,-1,0.7096642457688183
P2_pre,blocked_inner,47,-1,0.36688012090139455
P2_pre,blocked_inner,48,-1,0.552982483812372
P2_pre,blocked_inner,49,-1,0.3784810450802653
P2_pre,blocked_inner,50,-1,0.5417414469832353
P2_pre,blocked_inner,51,1,0.7808915750772579
P2_pre,blocked_inner,52,1,0.3750809398579959
P2_pre,blocked_inner,53,1,0.5462026386591773
P2_pre,blocked_inner,54,-1,0.15756784170484175
P2_pre,blocked_inner,55,-1,0.3583122169719026
P2_pre,blocked_inner,56,-1,0.22533744420180152
P2_pre,blocked_inner,57,1,0.9721649536906443
P2_pre,blocked_inner,58,-1,0.02469445617195531
P2_pre,blocked_inner,59,1,0.2076562960490834
P2_pre,blocked_inner,60,-1,0.01778688028926811
P2_pre,blocked_inner,61,-1,0.28692843109830174
P2_pre,blocked_inner,62,1,0.7868775230032885
P2_pre,blocked_inner,63,-1,0.05864339218309738
P2_pre,blocked_inner,64,1,0.9938327553334136
P2_pre,blocked_inner,65,-1,0.36653236647993076
P2_pre,blocked_inner,66,1,0.9963449529840896
P2_pre,blocked_inner,67,1,0.886641143714654
P2_pre,blocked_inner,68,1,0.39880229742586787
P2_pre,blocked_inner,69,-1,0.005247183330395039
P2_pre,blocked_inner,70,1,0.9971116007263676
P2_pre,blocked_inner,71,-1,0.011762839350534642
P2_pre,blocked_inner,72,-1,0.5860129750851868
P2_pre,blocked_inner,73,-1,0.2306188107848795
P2_pre,blocked_inner,74,-1,0.4113716842890648
P2_pre,blocked_inner,75,1,0.9876091349460784
P2_pre,blocked_inner,76,-1,0.0067442239348751215
P2_pre,blocked_inner,77,-1,0.02096474739865373
P2_pre,blocked_inner,78,1,0.5185811107726306
P2_pre,blocked_inner,79,1,0.8463252328296248
P2_post,shuffled_inner,0,1,0.9999999985815933
P2_post,shuffled_inner,1,-1,1.0688570306471025e-09
P2_post,shuffled_inner,2,1,0.9999956357105163
P2_post,shuffled_inner,3,-1,3.003633858060927e-05
P2_post,shuffled_inner,4,-1,0.0005850643602009304
P2_post,shuffled_inner,5,1,0.9999999645195689
P2_post,shuffled_inner,6,-1,0.13686596676756624
P2_post,shuffled_inner,7,-1,0.0009570090839262519
P2_post,shuffled_inner,8,-1,0.04448832132494273
P2_post,shuffled_inner,9,1,0.9999999685834632
P2_post,shuffled_inner,10,-1,4.8202412894881246e-05
P2_post,shuffled_inner,11,-1,6.384905546802074e-05
P2_post,shuffled_inner,12,1,0.9999991349247682
P2_post,shuffled_inner,13,-1,4.760795130435653e-06
P2_post,shuffled_inner,14,1,0.9999999876300195
P2_post,shuffled_inner,15,1,0.9856910429337612
P2_post,shuffled_inner,16,1,0.26262493523646285
P2_post,shuffled_inner,17,1,0.5401895785896824
P2_post,shuffled_inner,18,1,0.7444695213915854
P2_post,shuffled_inner,19,1,0.6225920304172523
P2_post,shuffled_inner,20,1,0.5766099108086167
P2_post,shuffled_inner,21,-1,0.11044285327459309
P2_post,shuffled_inner,22,-1,0.08715268665876685
P2_post,shuffled_inner,23,-1,0.2836684582215927
P2_post,shuffled_inner,24,-1,0.32592018224533453
P2_post,shuffled_inner,25,-1,0.27494408893243344
P2_post,shuffled_inner,26,1,0.8142066267467211
P2_post,shuffled_inner,27,-1,0.10423685620140627
P2_post,shuffled_inner,28,1,0.607862112315542
P2_post,shuffled_inner,29,1,0.7288776159089398
P2_post,shuffled_inner,30,1,0.22257163431719676
P2_post,shuffled_inner,31,1,0.5218607513306919
P2_post,shuffled_inner,32,-1,0.06531936971649509
P2_post,shuffled_inner,33,1,0.9995140835894284
P2_post,shuffled_inner,34,-1,0.02924432462357217
P2_post,shuffled_inner,35,-1,0.18431860335539785
P2_post,shuffled_inner,36,-1,0.04589612810367092
P2_post,shuffled_inner,37,1,0.7791743775954864
P2_post,shuffled_inner,38,1,0.6746749034777036
P2_post,shuffled_inner,39,1,0.7676795864428381
P2_post,shuffled_inner,40,-1,0.05920964465984342
P2_post,shuffled_inner,41,-1,0.47536689817820715
P2_post,shuffled_inner,42,-1,0.10651226304180333
P2_post,shuffled_inner,43,1,0.9898479156916803
P2_post,shuffled_inner,44,1,0.9538668297659587
P2_post,shuffled_inner,45,1,0.9933200845028225
P2_post,shuffled_inner,46,1,0.815386218132439
P2_post,shuffled_inner,47,-1,0.17621383164490928
P2_post,shuffled_inner,48,-1,0.7938474318911379
P2_post,shuffled_inner,49,-1,0.0014905000706383772
P2_post,shuffled_inner,50,1,0.9999963306504088
P2_post,shuffled_inner,51,-1,1.0821017748105268e-08
P2_post,shuffled_inner,52,-1,0.12049118105952039
P2_post,shuffled_inner,53,1,0.9999844300774889
P2_post,shuffled_inner,54,-1,0.0059762879836850556
P2_post,shuffled_inner,55,-1,0.03571747788099438
P2_post,shuffled_inner,56,1,0.9999999154175236
P2_post,shuffled_inner,57,-1,4.985872221330672e-07
P2_post,shuffled_inner,58,-1,5.473310117376668e-05
P2_post,shuffled_inner,59,-1,0.9999915996925635
P2_post,shuffled_inner,60,-1,1.153343246416045e-05
P2_post,shuffled_inner,61,1,0.29170409466237396
P2_post,shuffled_inner,62,1,0.9998617582729837
P2_post,shuffled_inner,63,-1,1.0709695302886422e-05
P2_post,shuffled_inner,64,1,0.904125886365154
P2_post,shuffled_inner,65,-1,0.24287973791526937
P2_post,shuffled_inner,66,-1,0.2417610393679684
P2_post,shuffled_inner,67,-1,0.16698204176662135
P2_post,shuffled_inner,68,1,0.4899087835766792
P2_post,shuffled_inner,69,1,0.3859963769983941
P2_post,shuffled_inner,70,1,0.46718903925445965
P2_post,shuffled_inner,71,-1,0.10972046340615944
P2_post,shuffled_inner,72,1,0.4980355076641228
P2_post,shuffled_inner,73,1,0.5961422736412973
P2_post,shuffled_inner,74,1,0.8263382314032904
P2_post,shuffled_inner,75,1,0.6606791660637179
P2_post,shuffled_inner,76,1,0.7207861616032702
P2_post,shuffled_inner,77,-1,0.14154687360385582
P2_post,shuffled_inner,78,1,0.8656506251610376
P2_post,shuffled_inner,79,-1,0.10834390346288346
P2_post,blocked_inner,0,1,0.9510010496711763
P2_post,blocked_inner,1,-1,0.013104852483797023
P2_post,blocked_inner,2,1,0.7683358618722168
P2_post,blocked_inner,3,-1,0.18018073360153525
P2_post,blocked_inner,4,-1,0.198493579236443
P2_post,blocked_inner,5,1,0.9751695220439625
P2_post,blocked_inner,6,-1,0.26839488730596334
P2_post,blocked_inner,7,-1,0.2639013236387663
P2_post,blocked_inner,8,-1,0.45389737529569174
P2_post,blocked_inner,9,1,0.9915418679466692
P2_post,blocked_inner,10,-1,0.4046130478844118
P2_post,blocked_inner,11,-1,0.27533684152619803
P2_post,blocked_inner,12,1,0.9888287686069968
P2_post,blocked_inner,13,-1,0.12616746139448662
P2_post,blocked_inner,14,1,0.8415117128179865
P2_post,blocked_inner,15,1,0.6536289146886979
P2_post,blocked_inner,16,1,0.26262493523646285
P2_post,blocked_inner,17,1,0.5401895785896824
P2_post,blocked_inner,18,1,0.7444695213915854
P2_post,blocked_inner,19,1,0.6225920304172523
P2_post,blocked_inner,20,1,0.5766099108086167
P2_post,blocked_inner,21,-1,0.11044285327459309
P2_post,blocked_inner,22,-1,0.08715268665876685
P2_post,blocked_inner,23,-1,0.2836684582215927
P2_post,blocked_inner,24,-1,0.32592018224533453
P2_post,blocked_inner,25,-1,0.27494408893243344
P2_post,blocked_inner,26,1,0.8142066267467211
P2_post,blocked_inner,27,-1,0.10423685620140627
P2_post,blocked_inner,28,1,0.607862112315542
P2_post,blocked_inner,29,1,0.7288776159089398
P2_post,blocked_inner,30,1,0.22257163431719676
P2_post,blocked_inner,31,1,0.5218607513306919
P2_post,blocked_inner,32,-1,0.036003031534818125
P2_post,blocked_inner,33,1,0.9999990930043177
P2_post,blocked_inner,34,-1,0.0038347072283433153
P2_post,blocked_inner,35,-1,0.032126258080367745
P2_post,blocked_inner,36,-1,0.00047691948176783257
P2_post,blocked_inner,37,1,0.9999817705264449
P2_post,blocked_inner,38,1,0.7212337705214514
P2_post,blocked_inner,39,1,0.9978941182693634
P2_post,blocked_inner,40,-1,7.401445477623093e-07
P2_post,blocked_inner,41,-1,0.06260941665993414
P2_post,blocked_inner,42,-1,0.0017601425654800388
P2_post,blocked_inner,43,1,0.9999897240248289
P2_post,blocked_inner,44,1,0.999362583062288
P2_post,blocked_inner,45,1,0.9998005653350522
P2_post,blocked_inner,46,1,0.9988441648040881
P2_post,blocked_inner,47,-1,0.00022218904974325273
P2_post,blocked_inner,48,-1,0.6511113233482343
P2_post,blocked_inner,49,-1,0.0027157285329382232
P2_post,blocked_inner,50,1,0.9999962692948803
P2_post,blocked_inner,51,-1,3.5906597847323453e-09
P2_post,blocked_inner,52,-1,0.1614907654813494
P2_post,blocked_inner,53,1,0.9999742565236345
P2_post,blocked_inner,54,-1,0.0027628212213828157
P2_post,blocked_inner,55,-1,0.018834676493922637
P2_post,blocked_inner,56,1,0.9999999815252506
P2_post,blocked_inner,57,-1,5.797501915188393e-07
P2_post,blocked_inner,58,-1,4.163107759272608e-05
P2_post,blocked_inner,59,-1,0.9999397041023601
P2_post,blocked_inner,60,-1,5.09266379067452e-05
P2_post,blocked_inner,61,1,0.4184882928005813
P2_post,blocked_inner,62,1,0.999914745229819
P2_post,blocked_inner,63,-1,8.76710823352315e-06
P2_post,blocked_inner,64,1,0.9891606962497377
P2_post,blocked_inner,65,-1,0.10253691056277442
P2_post,blocked_inner,66,-1,0.08321002522273667
P2_post,blocked_inner,67,-1,0.035295514844099846
P2_post,blocked_inner,68,1,0.4425883184581037
P2_post,blocked_inner,69,1,0.28978317864555264
P2_post,blocked_inner,70,1,0.4874223415018703
P2_post,blocked_inner,71,-1,0.014662029474505588
P2_post,blocked_inner,72,1,0.44309148848582774
P2_post,blocked_inner,73,1,0.7176175785533451
P2_post,blocked_inner,74,1,0.9547660221753719
P2_post,blocked_inner,75,1,0.7791109281035542
P2_post,blocked_inner,76,1,0.8358382167822032
P2_post,blocked_inner,77,-1,0.026378696262523642
P2_post,blocked_inner,78,1,0.9762951590775707
P2_post,blocked_inner,79,-1,0.013909904318177575
P3_pre,shuffled_inner,0,-1,0.02858933606565563
P3_pre,shuffled_inner,1,1,0.998422413979643
P3_pre,shuffled_inner,2,1,0.9947331956416474
P3_pre,shuffled_inner,3,-1,2.2664141732971613e-05
P3_pre,shuffled_inner,4,-1,0.008076067985063816
P3_pre,shuffled_inner,5,1,0.9997875159358334
P3_pre,shuffled_inner,6,-1,5.860517677941871e-05
P3_pre,shuffled_inner,7,1,0.9999984002881517
P3_pre,shuffled_inner,8,-1,1.0822697845424548e-06
P3_pre,shuffled_inner,9,-1,0.00023867417983256103
P3_pre,shuffled_inner,10,1,0.9980259879083496
P3_pre,shuffled_inner,11,1,0.9999059283522703
P3_pre,shuffled_inner,12,1,0.9153095830755764
P3_pre,shuffled_inner,13,-1,3.116783103802545e-08
P3_pre,shuffled_inner,14,-1,0.0007043988996759799
P3_pre,shuffled_inner,15,1,0.9999999999931222
P3_pre,shuffled_inner,16,-1,0.36713098139509875
P3_pre,shuffled_inner,17,1,0.909560370260268
P3_pre,shuffled_inner,18,-1,0.23656500957048865
P3_pre,shuffled_inner,19,1,0.8312391775069123
P3_pre,shuffled_inner,20,-1,0.41552418751279446
P3_pre,shuffled_inner,21,-1,0.5127647366721931
P3_pre,shuffled_inner,22,-1,0.40251019400400456
P3_pre,shuffled_inner,23,-1,0.5187904030157242
P3_pre,shuffled_inner,24,1,0.7821730852567766
P3_pre,shuffled_inner,25,-1,0.2515664401977748
P3_pre,shuffled_inner,26,1,0.8505867492255272
P3_pre,shuffled_inner,27,-1,0.18580160576443583
P3_pre,shuffled_inner,28,1,0.86762234344681
P3_pre,shuffled_inner,29,-1,0.4325344702482214
P3_pre,shuffled_inner,30,-1,0.4437775157004025
P3_pre,shuffled_inner,31,-1,0.5584889851071354
P3_pre,shuffled_inner,32,1,0.6858757258278728
P3_pre,shuffled_inner,33,1,0.5806812663783091
P3_pre,shuffled_inner,34,1,0.8139751528308677
P3_pre,shuffled_inner,35,1,0.6665675530637184
P3_pre,shuffled_inner,36,1,0.7868156029812718
P3_pre,shuffled_inner,37,1,0.835630728141754
P3_pre,shuffled_inner,38,-1,0.16469536144503102
P3_pre,shuffled_inner,39,1,0.8531003069779752
P3_pre,shuffled_inner,40,-1,0.19122259005261527
P3_pre,shuffled_inner,41,-1,0.25977335239350713
P3_pre,shuffled_inner,42,-1,0.1545431922858978
P3_pre,shuffled_inner,43,1,0.794997995787406
P3_pre,shuffled_inner,44,-1,0.11370214078237037
P3_pre,shuffled_inner,45,1,0.7591338676876046
P3_pre,shuffled_inner,46,1,0.7221558143230348
P3_pre,shuffled_inner,47,-1,0.17264934434273255
P3_pre,shuffled_inner,48,1,0.7776171724316671
P3_pre,shuffled_inner,49,1,0.672486406412409
P3_pre,shuffled_inner,50,1,0.45280863793483456
P3_pre,shuffled_inner,51,1,0.46333848159857693
P3_pre,shuffled_inner,52,1,0.7711967707610299
P3_pre,shuffled_inner,53,-1,0.20066259894873473
P3_pre,shuffled_inner,54,-1,0.21888177276274126
P3_pre,shuffled_inner,55,1,0.8102533207498944
P3_pre,shuffled_inner,56,-1,0.5518544529732843
P3_pre,shuffled_inner,57,1,0.8526381978562872
P3_pre,shuffled_inner,58,-1,0.3155610600891814
P3_pre,shuffled_inner,59,-1,0.25827611811758455
P3_pre,shuffled_inner,60,1,0.8425934268963341
P3_pre,shuffled_inner,61,1,0.6709579452192392
P3_pre,shuffled_inner,62,-1,0.250390539534344
P3_pre,shuffled_inner,63,-1,0.1704488355329423
P3_pre,shuffled_inner,64,1,0.4945687516777831
P3_pre,shuffled_inner,65,-1,0.23504773905833834
P3_pre,shuffled_inner,66,-1,0.2491394302110986
P3_pre,shuffled_inner,67,1,0.4628011324238022
P3_pre,shuffled_inner,68,1,0.6371259021202496
P3_pre,shuffled_inner,69,-1,0.23551332694928861
P3_pre,shuffled_inner,70,-1,0.07869029865000629
P3_pre,shuffled_inner,71,1,0.8448048795175205
P3_pre,shuffled_inner,72,1,0.46794394477082063
P3_pre,shuffled_inner,73,-1,0.14628509002388093
P3_pre,shuffled_inner,74,-1,0.24994778849748941
P3_pre,shuffled_inner,75,-1,0.2490163684481334
P3_pre,shuffled_inner,76,1,0.9369508133739257
P3_pre,shuffled_inner,77,1,0.9967938537864254
P3_pre,shuffled_inner,78,1,0.7812372998686559
P3_pre,shuffled_inner,79,-1,0.0034922768122022294
P3_pre,blocked_inner,0,-1,0.3283418041034551
P3_pre,blocked_inner,1,1,0.6942282409623011
P3_pre,blocked_inner,2,1,0.5888272573447245
P3_pre,blocked_inner,3,-1,0.29370442404498276
P3_pre,blocked_inner,4,-1,0.3052199669391328
P3_pre,blocked_inner,5,1,0.6505840355574387
P3_pre,blocked_inner,6,-1,0.22262730434442707
P3_pre,blocked_inner,7,1,0.7721217365684478
P3_pre,blocked_inner,8,-1,0.24892436544713514
P3_pre,blocked_inner,9,-1,0.3575868463604281
P3_pre,blocked_inner,10,1,0.6535134618889401
P3_pre,blocked_inner,11,1,0.6796628933972122
P3_pre,blocked_inner,12,1,0.4386464076350942
P3_pre,blocked_inner,13,-1,0.18898579744803415
P3_pre,blocked_inner,14,-1,0.3613678915502483
P3_pre,blocked_inner,15,1,0.8489978936875665
P3_pre,blocked_inner,16,-1,0.36713098139509875
P3_pre,blocked_inner,17,1,0.909560370260268
P3_pre,blocked_inner,18,-1,0.23656500957048865
P3_pre,blocked_inner,19,1,0.8312391775069123
P3_pre,blocked_inner,20,-1,0.41552418751279446
P3_pre,blocked_inner,21,-1,0.5127647366721931
P3_pre,blocked_inner,22,-1,0.40251019400400456
P3_pre,blocked_inner,23,-1,0.5187904030157242
P3_pre,blocked_inner,24,1,0.7821730852567766
P3_pre,blocked_inner,25,-1,0.2515664401977748
P3_pre,blocked_inner,26,1,0.8505867492255272
P3_pre,blocked_inner,27,-1,0.18580160576443583
P3_pre,blocked_inner,28,1,0.86762234344681
P3_pre,blocked_inner,29,-1,0.4325344702482214
P3_pre,blocked_inner,30,-1,0.4437775157004025
P3_pre,blocked_inner,31,-1,0.5584889851071354
P3_pre,blocked_inner,32,1,0.6858757258278728
P3_pre,blocked_inner,33,1,0.5806812663783091
P3_pre,blocked_inner,34,1,0.8139751528308677
P3_pre,blocked_inner,35,1,0.6665675530637184
P3_pre,blocked_inner,36,1,0.7868156029812718
P3_pre,blocked_inner,37,1,0.835630728141754
P3_pre,blocked_inner,38,-1,0.16469536144503102
P3_pre,blocked_inner,39,1,0.8531003069779752
P3_pre,blocked_inner,40,-1,0.19122259005261527
P3_pre,blocked_inner,41,-1,0.25977335239350713
P3_pre,blocked_inner,42,-1,0.1545431922858978
P3_pre,blocked_inner,43,1,0.794997995787406
P3_pre,blocked_inner,44,-1,0.11370214078237037
P3_pre,blocked_inner,45,1,0.7591338676876046
P3_pre,blocked_inner,46,1,0.7221558143230348
P3_pre,blocked_inner,47,-1,0.17264934434273255
P3_pre,blocked_inner,48,1,0.7776171724316671
P3_pre,blocked_inner,49,1,0.672486406412409
P3_pre,blocked_inner,50,1,0.45280863793483456
P3_pre,blocked_inner,51,1,0.46333848159857693
P3_pre,blocked_inner,52,1,0.7711967707610299
P3_pre,blocked_inner,53,-1,0.20066259894873473
P3_pre,blocked_inner,54,-1,0.21888177276274126
P3_pre,blocked_inner,55,1,0.8102533207498944
P3_pre,blocked_inner,56,-1,0.5518544529732843
P3_pre,blocked_inner,57,1,0.8526381978562872
P3_pre,blocked_inner,58,-1,0.3155610600891814
P3_pre,blocked_inner,59,-1,0.25827611811758455
P3_pre,blocked_inner,60,1,0.8425934268963341
P3_pre,blocked_inner,61,1,0.6709579452192392
P3_pre,blocked_inner,62,-1,0.250390539534344
P3_pre,blocked_inner,63,-1,0.1704488355329423
P3_pre,blocked_inner,64,1,0.9995504526963946
P3_pre,blocked_inner,65,-1,6.469360449865058e-09
P3_pre,blocked_inner,66,-1,1.5254860928312302e-05
P3_pre,blocked_inner,67,1,0.999999994084404
P3_pre,blocked_inner,68,1,0.9935300922227335
P3_pre,blocked_inner,69,-1,3.1048486933982352e-09
P3_pre,blocked_inner,70,-1,6.715233045130722e-07
P3_pre,blocked_inner,71,1,0.9999999960339023
P3_pre,blocked_inner,72,1,0.9842402261855524
P3_pre,blocked_inner,73,-1,3.0398854314536975e-10
P3_pre,blocked_inner,74,-1,1.2641469421708797e-07
P3_pre,blocked_inner,75,-1,9.608312633611276e-07
P3_pre,blocked_inner,76,1,0.9981478957356356
P3_pre,blocked_inner,77,1,0.9999991627330458
P3_pre,blocked_inner,78,1,0.9999640994214266
P3_pre,blocked_inner,79,-1,3.7261915659820137e-07
P3_post,shuffled_inner,0,-1,0.0003088912713513088
P3_post,shuffled_inner,1,-1,7.597534986080645e-05
P3_post,shuffled_inner,2,-1,0.0013920384292652208
P3_post,shuffled_inner,3,1,0.9985603566328148
P3_post,shuffled_inner,4,1,0.24671573312508066
P3_post,shuffled_inner,5,-1,0.018543585758302922
P3_post,shuffled_inner,6,-1,0.9981573086024165
P3_post,shuffled_inner,7,1,0.9999617390746919
P3_post,shuffled_inner,8,-1,0.1880463316367024
P3_post,shuffled_inner,9,-1,0.5391733138630429
P3_post,shuffled_inner,10,-1,0.00036421388895842657
P3_post,shuffled_inner,11,-1,0.47346332901773375
P3_post,shuffled_inner,12,-1,0.0006623439667040925
P3_post,shuffled_inner,13,-1,0.8610195219881185
P3_post,shuffled_inner,14,-1,0.988847253938335
P3_post,shuffled_inner,15,1,0.998005889649625
P3_post,shuffled_inner,16,1,0.7787676598930572
P3_post,shuffled_inner,17,-1,0.05088014936694184
P3_post,shuffled_inner,18,1,0.5997101999171419
P3_post,shuffled_inner,19,1,0.05506621934664845
P3_post,shuffled_inner,20,-1,0.2903700199724959
P3_post,shuffled_inner,21,1,0.6806823463843859
P3_post,shuffled_inner,22,1,0.45111673968141724
P3_post,shuffled_inner,23,1,0.6827035920584892
P3_post,shuffled_inner,24,-1,0.2460854805731775
P3_post,shuffled_inner,25,-1,0.36027140827616017
P3_post,shuffled_inner,26,-1,0.21469026545912212
P3_post,shuffled_inner,27,1,0.9284352073040985
P3_post,shuffled_inner,28,-1,0.2401784512880385
P3_post,shuffled_inner,29,1,0.025101461034539467
P3_post,shuffled_inner,30,-1,0.3127040044502046
P3_post,shuffled_inner,31,-1,0.277486535422814
P3_post,shuffled_inner,32,1,0.9995192201863793
P3_post,shuffled_inner,33,1,0.999955539231729
P3_post,shuffled_inner,34,1,0.9999969923951476
P3_post,shuffled_inner,35,1,0.7238515857392377
P3_post,shuffled_inner,36,-1,2.5137873462715798e-05
P3_post,shuffled_inner,37,1,0.9997513432798485
P3_post,shuffled_inner,38,-1,0.8928408122616025
P3_post,shuffled_inner,39,-1,0.5094900631686574
P3_post,shuffled_inner,40,1,0.9953877566534581
P3_post,shuffled_inner,41,-1,0.3119909792961046
P3_post,shuffled_inner,42,-1,0.01264106268503272
P3_post,shuffled_inner,43,-1,0.0003832154673975683
P3_post,shuffled_inner,44,1,0.957893233805695
P3_post,shuffled_inner,45,-1,0.010234198435739477
P3_post,shuffled_inner,46,1,0.9519841881250787
P3_post,shuffled_inner,47,1,0.9812480747264096
P3_post,shuffled_inner,48,1,0.6278432240683997
P3_post,shuffled_inner,49,-1,0.0005975026127358849
P3_post,shuffled_inner,50,-1,0.00030686667907488556
P3_post,shuffled_inner,51,1,0.867157750851937
P3_post,shuffled_inner,52,-1,0.01774834590992777
P3_post,shuffled_inner,53,-1,0.13564036909984528
P3_post,shuffled_inner,54,-1,7.593499197290319e-05
P3_post,shuffled_inner,55,1,0.996676335976825
P3_post,shuffled_inner,56,1,0.9975557272442542
P3_post,shuffled_inner,57,1,0.9999409942064638
P3_post,shuffled_inner,58,-1,0.0001259246174557213
P3_post,shuffled_inner,59,1,0.9994105132133715
P3_post,shuffled_inner,60,1,0.00016055418329091116
P3_post,shuffled_inner,61,1,0.9856900046076972
P3_post,shuffled_inner,62,1,0.18221922309092278
P3_post,shuffled_inner,63,-1,0.046841914024374015
P3_post,shuffled_inner,64,1,0.7699496457505073
P3_post,shuffled_inner,65,1,0.49191386161568007
P3_post,shuffled_inner,66,-1,0.16085647295334868
P3_post,shuffled_inner,67,-1,0.42878464510129394
P3_post,shuffled_inner,68,-1,0.5022198434616221
P3_post,shuffled_inner,69,1,0.661733616508393
P3_post,shuffled_inner,70,1,0.6246543710092713
P3_post,shuffled_inner,71,1,0.5049306040234491
P3_post,shuffled_inner,72,1,0.6606113119089648
P3_post,shuffled_inner,73,1,0.5027555967653774
P3_post,shuffled_inner,74,-1,0.2029623175325062
P3_post,shuffled_inner,75,-1,0.2087897282461587
P3_post,shuffled_inner,76,-1,0.3377272747594784
P3_post,shuffled_inner,77,1,0.5164600053704257
P3_post,shuffled_inner,78,1,0.41963125135236184
P3_post,shuffled_inner,79,1,0.7928623178904327
P3_post,blocked_inner,0,-1,0.004031809920503616
P3_post,blocked_inner,1,-1,0.00035679571197265664
P3_post,blocked_inner,2,-1,0.0039303373163157304
P3_post,blocked_inner,3,1,0.9746336292124761
P3_post,blocked_inner,4,1,0.09935506228652657
P3_post,blocked_inner,5,-1,0.004766585311096261
P3_post,blocked_inner,6,-1,0.9343824183180433
P3_post,blocked_inner,7,1,0.9963128339608164
P3_post,blocked_inner,8,-1,0.3700835939421059
P3_post,blocked_inner,9,-1,0.46886770549047396
P3_post,blocked_inner,10,-1,0.0032267480812654516
P3_post,blocked_inner,11,-1,0.9662706766887688
P3_post,blocked_inner,12,-1,0.002709168034542947
P3_post,blocked_inner,13,-1,0.015184189603353418
P3_post,blocked_inner,14,-1,0.9487046358538164
P3_post,blocked_inner,15,1,0.9589803258565589
P3_post,blocked_inner,16,1,0.9998659405193953
P3_post,blocked_inner,17,-1,0.0006999804862546724
P3_post,blocked_inner,18,1,0.989842385538515
P3_post,blocked_inner,19,1,7.188778696528703e-07
P3_post,blocked_inner,20,-1,0.0022985297288563044
P3_post,blocked_inner,21,1,0.9902554524888395
P3_post,blocked_inner,22,1,0.1158531467587051
P3_post,blocked_inner,23,1,0.9055101975481941
P3_post,blocked_inner,24,-1,8.145494302283084e-05
P3_post,blocked_inner,25,-1,0.2847622469831069
P3_post,blocked_inner,26,-1,9.271699861039243e-05
P3_post,blocked_inner,27,1,0.9987602998199286
P3_post,blocked_inner,28,-1,8.67844778468293e-05
P3_post,blocked_inner,29,1,0.0029916897849211494
P3_post,blocked_inner,30,-1,0.0016769425321110493
P3_post,blocked_inner,31,-1,0.08226610618633326
P3_post,blocked_inner,32,1,0.9995192201863793
P3_post,blocked_inner,33,1,0.999955539231729
P3_post,blocked_inner,34,1,0.9999969923951476
P3_post,blocked_inner,35,1,0.7238515857392377
P3_post,blocked_inner,36,-1,2.5137873462715798e-05
P3_post,blocked_inner,37,1,0.9997513432798485
P3_post,blocked_inner,38,-1,0.8928408122616025
P3_post,blocked_inner,39,-1,0.5094900631686574
P3_post,blocked_inner,40,1,0.9953877566534581
P3_post,blocked_inner,41,-1,0.3119909792961046
P3_post,blocked_inner,42,-1,0.01264106268503272
P3_post,blocked_inner,43,-1,0.0003832154673975683
P3_post,blocked_inner,44,1,0.957893233805695
P3_post,blocked_inner,45,-1,0.010234198435739477
P3_post,blocked_inner,46,1,0.9519841881250787
P3_post,blocked_inner,47,1,0.9812480747264096
P3_post,blocked_inner,48,1,0.14396140216537728
P3_post,blocked_inner,49,-1,0.0037439589758614727
P3_post,blocked_inner,50,-1,0.34514016746879983
P3_post,blocked_inner,51,1,0.8694004089995643
P3_post,blocked_inner,52,-1,0.0010007298304047973
P3_post,blocked_inner,53,-1,0.05357331708013131
P3_post,blocked_inner,54,-1,0.004477984772893184
P3_post,blocked_inner,55,1,0.9820457641762061
P3_post,blocked_inner,56,1,0.8820917753404669
P3_post,blocked_inner,57,1,0.9963594849131294
P3_post,blocked_inner,58,-1,0.002461259672008113
P3_post,blocked_inner,59,1,0.995485409913724
P3_post,blocked_inner,60,1,0.00800425582197984
P3_post,blocked_inner,61,1,0.8431767576033983
P3_post,blocked_inner,62,1,0.7338400002460015
P3_post,blocked_inner,63,-1,0.9140254237348261
P3_post,blocked_inner,64,1,0.9926443833737324
P3_post,blocked_inner,65,1,0.9353711381179389
P3_post,blocked_inner,66,-1,0.007340741267819159
P3_post,blocked_inner,67,-1,0.3944607106617053
P3_post,blocked_inner,68,-1,0.6969894131843746
P3_post,blocked_inner,69,1,0.9771716152611799
P3_post,blocked_inner,70,1,0.9980127703092084
P3_post,blocked_inner,71,1,0.9254515448519572
P3_post,blocked_inner,72,1,0.9939818327708088
P3_post,blocked_inner,73,1,0.5302840281495949
P3_post,blocked_inner,74,-1,0.002975172317635655
P3_post,blocked_inner,75,-1,0.004658114342168978
P3_post,blocked_inner,76,-1,0.8394849750998993
P3_post,blocked_inner,77,1,0.8819279233242221
P3_post,blocked_inner,78,1,0.9877030363715644
P3_post,blocked_inner,79,1,0.9998225095991252
