session,protocol,outer_choices,correct,trials,accuracy,balanced_accuracy,brier,log_loss
P1_pre,shuffled_inner,"[[""TV-CSP"", 4], [""TV-CSP"", 4], [""TV-CSP"", 4], [""FBCSP"", 4], [""Riemann"", 0.01]]",67,80,0.8375,0.8375,0.11540302098621329,0.36197540241291415
P1_pre,blocked_inner,"[[""Riemann"", 0.1], [""FBCSP"", 4], [""Riemann"", 0.01], [""FBCSP"", 4], [""FBCSP"", 4]]",74,80,0.925,0.925,0.07459884366797834,0.26722248614294214
P1_post,shuffled_inner,"[[""TV-CSP"", 2], [""FBCSP"", 4], [""Riemann"", 0.01], [""TV-CSP"", 2], [""Riemann"", 0.1]]",79,80,0.9875,0.9875,0.025252494967914846,0.17975947500314338
P1_post,blocked_inner,"[[""FBCSP"", 4], [""FBCSP"", 2], [""TV-CSP"", 4], [""TV-CSP"", 2], [""FBCSP"", 2]]",79,80,0.9875,0.9875,0.015729272619362102,0.12683030628398212
P2_pre,shuffled_inner,"[[""Riemann"", 0.01], [""Riemann"", 0.01], [""Riemann"", 0.1], [""FBCSP"", 4], [""Riemann"", 0.01]]",71,80,0.8875,0.8875,0.14158483237352124,0.5031821987177378
P2_pre,blocked_inner,"[[""Riemann"", 0.01], [""TV-CSP"", 4], [""FBCSP"", 4], [""Riemann"", 0.1], [""FBCSP"", 4]]",64,80,0.8,0.8,0.13047905928399134,0.3951661465821405
P2_post,shuffled_inner,"[[""FBCSP"", 4], [""Riemann"", 0.01], [""TV-CSP"", 4], [""FBCSP"", 2], [""Riemann"", 0.01]]",71,80,0.8875,0.8875,0.08790370933406,0.3896096643857459
P2_post,blocked_inner,"[[""TV-CSP"", 2], [""Riemann"", 0.01], [""FBCSP"", 2], [""FBCSP"", 4], [""Riemann"", 0.1]]",71,80,0.8875,0.8875,0.08556817283922347,0.35535873642126237
P3_pre,shuffled_inner,"[[""FBCSP"", 4], [""Riemann"", 0.01], [""Riemann"", 0.01], [""Riemann"", 0.01], [""TV-CSP"", 4]]",71,80,0.8875,0.8875,0.07337822810550246,0.2677305959515527
P3_pre,blocked_inner,"[[""Riemann"", 0.01], [""Riemann"", 0.01], [""Riemann"", 0.01], [""Riemann"", 0.01], [""FBCSP"", 4]]",73,80,0.9125,0.9125000000000001,0.07741191207801848,0.28286213484224715
P3_post,shuffled_inner,"[[""FBCSP"", 4], [""TV-CSP"", 4], [""FBCSP"", 4], [""FBCSP"", 4], [""Riemann"", 0.01]]",65,80,0.8125,0.8125,0.15599892006229393,0.6238615071954107
P3_post,blocked_inner,"[[""FBCSP"", 2], [""FBCSP"", 4], [""FBCSP"", 4], [""FBCSP"", 2], [""FBCSP"", 2]]",66,80,0.825,0.825,0.15471942817831427,0.6751531686782084
